82138852;8,43655E+12;SOPORTE POSTE VALLA COMPOSITE
83950691;8,43655E+12;PACK 6 LAMAS COMP IPE 15X179X1.2CM DIOCO
83950692;8,43655E+12;PACK 6 LAMAS COMP ANTR 1.5X179X1.2CM DIO
85664131;5,40701E+12;PACK 4 LAMAS COMP 15X180X2.1CM COST
85664154;5,43E+12;GUIA ALU INIC ANTRAC 2.5X180X2.1CM COST
85664193;5,40701E+12;POSTE ALU ANTRACITA 6X230X6.5CM COST
85664244;5,43E+12;PERFIL POSTE ALU ANTRACITA 6X200CM COST
85664255;5,40701E+12;PACK4 LAMA COMP ANTR MAD 15X180CM ELYTE
85664274;5,43E+12;TAPA PVC POSTE ANTRACITA 6X6.5CM COST
85664343;5,43E+12;GUIA ACERO INTERIOR LAMAS 180CM ELYTE
85664452;5,40701E+12;PACK 4 LAMA COMP CUAR 15X180X2.1CM ELYTE
85664492;5,43E+12;GUIA ALU FIN ANTR 2.1X180X2.4CM COST
85664499;5,40701E+12;BASE ALU POSTE ANTRACITA 6X6.5CM COST
86471114;8,43655E+12;MAQUETA VALLA ALU + COMPOSITE 180CM
86471115;8,43655E+12;MAQUETA TODAS LAS VALLAS (PVC+COMPO+ALU)
86554474;8,43655E+12;BOLSA 10 SEPARADORES COMP/ALU GRIS DIOCO
86554475;8,43655E+12;BOLSA 10 SEPARADORES COMP/ALU BLAN DIOCO
87916515;5,43E+12;POSTE ALU ANTRACITA 8X260X8CM ELYTE
87916516;5,43E+12;POSTE ALU CUARZO 8X8X260CM ELYTE
87916517;5,43E+12;POSTE ALU ANTRACITA 8X180X8CM ELYTE
87916518;5,43E+12;POSTE ALU CUARZO 8X180X8CM ELYTE
87916525;5,43E+12;BASE ACERO POSTE ANTRACITA 13X13CM ELYTE
87916526;5,43E+12;BASE ACERO POSTE CUARZO 13X13CM ELYTE
87916532;8,43655E+12;PACK 2 MEDIO POSTE GRIS FIJACIÓN PARED
87916533;8,43655E+12;PACK 2 MEDIO POSTE BLANCO FIJACIÓN PARED
87918676;5,43E+12;TAPA ALU POSTE ANTRACITA 8X8CM ELYTE
87918677;5,43E+12;TAPA ALU POSTE CUARZO 8X8CM ELYTE
87918678;5,43E+12;PERFIL ALU POSTE ANTRACITA 187.5CM ELYTE
87918679;5,43E+12;PERFIL ALU POSTE CUARZO 187.5CM ELYTE
87918680;5,43E+12;GUIA ALU FINAL CUARZ 2.1X180X2.4CM ELYTE
87918681;5,43E+12;GUIA ALU INICIO ANTR 2.1X180X3.3CM ELYTE
87918682;5,43E+12;GUIA ALU INIC CUARZO 2.1X180X3.3CM ELYTE
87918683;5,40701E+12;BOLSA 20 CUÑAS ESTABILIZACIÓN LAMA ELYTE
87956667;5,43E+12;LAMA COMP DECO ANTRACIT 27.2X180CM ELYTE
87956668;5,40701E+12;KIT 2 GUIAS ALU LAMA DECORATIVA ELYTE
89026783;8,43655E+12;PACK REMATE SUP/INF VALLA LAMA COMP GRIS
89034154;5,40701E+12;POSTE ALU ANTRACITA 6X160X6.5CM COST
89212858;;EXPOSICIÓN DIOCO COMPOSITE VSM 3ML
89212859;;EXPOSICIÓN DIOCO COMPOSITE VSM 2ML
89506518;5,40701E+12;EXPOSICIÓN COST 3ML JARDINCOM
89506519;;EXPOSICIÓN COST 2ML JARDINCOM
89506520;5,40701E+12;EXPOSICIÓN ELYTE 3ML JARDINCOM
89506521;;EXPOSICIÓN ELYTE 2ML JARDINCOM
89574732;8,43655E+12;PACK ACCESORIOS VALLA ALUM COLOR ÓXIDO
89574774;8,43655E+12;POSTE DE ALUMINIO PARA VALLA COLOR ÓXIDO
89743331;5,40701E+12;POSTE ALU ANTRACITA 6X100X6.5CM COST
89815451;8,43655E+12;POSTE VALLA ALU/COM BLANCO 2 METROS
90672527;5,40701E+12;PACK 4 LAMAS 2 CANTOS LISOS ANTR ELYTE
90672528;5,40701E+12;PACK 4 LAMAS 2 CANTOS LISOS CUARZO ELYTE
90672529;5,40701E+12;BOLSA 22 SEPARADORES ANTRACITA ELYTE
90672545;5,40701E+12;BOLSA 22 SEPARADORES CUARZO ELYTE
91146546;8,43655E+12;PCK 6 LAMA VALLA COMPO TEKA 178X15X2CM
91178310;5,40701E+12;KIT 2 GUIAS ALU CUARZ LAMA EPURE ELYTE
91178352;5,40701E+12;PERFIL PARED EN U CUARZO 2M COST Y ELYTE
91192706;5,40701E+12;PACK 4 LAMA COMP ANTR LISO 8.5X180 ELYTE
91192738;5,40701E+12;PACK 4 LAMA COMP MARRON ELYTE
91570739;5,43E+12;LAMA DECORATIVA VALLA ELYTE EPURE CUARZO
92414431;3,70042E+12;LISTON COEXTRUSIONADA 42X60X3900MM TEKA
92414432;3,70042E+12;REFUERZO ALU LISTON 30X30X2MM 3900MM
92414433;3,70042E+12;TAPA LISTON 42X60 TEKA BOLSA 24 UND
92414434;3,70042E+12;LISTON COEXTRUSIONADA 42X60X3900MM ROBLE
92414435;3,70042E+12;TAPA LISTON 42X60 ROBLE BOLSA 24 UND
92591564;5,40701E+12;BOLSA 2 CUNAS ESTABILIZACION LAMA ELYTE
92591565;5,40701E+12;PERFIL POSTE ALU ANTRACITA 6X100CM COST
92591566;5,40701E+12;BOLSA 10 CUNAS ESTABILIZACION LAMA ELYTE
93107587;5,40701E+12;PERFIL POSTE ALUMINIO POSTE COST 2300 MM
93553567;5,40701E+12;BOLSA SEPARADORES ALU ANTRACITA 10 UDS.
93553568;5,40701E+12;BOLSA SEPARADORES ALU ANTRACITA 22 UDS.
94387382;5,40701E+12;TAPA ALU POSTE NEGRO 8X8CM ELYTE
94387383;5,40701E+12;POSTE ALU NEGRO 8X230X8CM ELYTE
94387384;5,40701E+12;PERFIL ALU POSTE NEGRO 210CM ELYTE
94387385;5,40701E+12;GUIA ALU FINAL NEGRO 2.1X180X2.4CM ELYTE
94387386;5,40701E+12;GUIA ALU INICIO NEGR 2.1X180X3.3CM ELYTE
94387387;5,40701E+12;BASE ACERO POSTE NEGRO 13X13CM ELYTE
95898279;3,27601E+12;PERFIL FINICION POSTE ALU 240CM NATERIAL
95898280;3,27601E+12;POSTE ALU + ACCESORIOS 235CM GRIS OSCURO
95898281;3,27601E+12;POSTE ALU Y ACCESORIOS 124CM GRIS OSCURO
95898282;3,27601E+12;TAPA ALU POSTE GRIS OSCURO NATERIA
95898283;3,27601E+12;POSTE ALUM + ACCESORIOS 96CM GRIS OSCURO
95898284;3,27601E+12;POSTE ALU + ACCESORIOS 180CM GRIS OSCURO
95898316;3,27601E+12;PCK3 LAMA COMP HIMYA 176X14,7X2,1CM GRIS
95898317;3,27601E+12;PCK3 LAMA COMP ALAYA 176X14,7X2,1CM TEC
95898318;3,27601E+12;PACK3 LAMA COMP DOLMA 176X14,7X2,1CM MIE
95898319;3,27601E+12;PACK3 LAMA COMP DOLMA 176X14,7X2,1CM AR
95898320;3,27601E+12;PACK3 LAMA COMP DOLMA 176X14,7X2,1CM GRS
95898321;3,27601E+12;PCK3 LAMA COMP HIMYA 176X14,7X2,1CM M.OS
95898322;3,27601E+12;PACK3 LAMA COMP DOLMA 176X14,7X2,1CM CHO
95898323;3,27601E+12;PCK3 LAMA COMP HIMYA 176X14,7X2,1CM M.TK
95898324;3,27601E+12;PCK3 LAMA COMP HIMYA 176X14,7X2,1 GRIS C
95898325;3,27601E+12;PCK3 LAMA COMP HIMYA 176X14,7X2,1CM M.CA
95898326;3,27601E+12;PLACA FIJACIÓN ACERO 13X13CM GRIS OSCURO
95898327;3,27601E+12;PERFIL SALIDA PARED ALU 180CM GRIS OSCUR
95898328;3,27601E+12;PANEL ALU LAMA ABIERTAS 176X72CM GRIS OS
95898329;3,27601E+12;LAMAS ALUM SUP+INF 176X2,5X2,1CM GR OSCU
95898330;3,27601E+12;PANEL DECORATIVO ALU 176X42CM GRIS OSCUR
97162962;3,27601E+12;EXPO KIT FENCES CO EXTRUSION HIMYA 2M
97162964;3,27601E+12;EXPO KIT FENCES CO EXTRUSION HIMYA 3M
97407297;5,40701E+12;PACK ELKO 4 LAMAS 1800X155X21MM GRS+CLIP
97407298;5,40701E+12;PACK ELKO 4 LAMAS 1800X155X21MM MAR+CLIP
97407299;5,40701E+12;PACK ELKO 4LAMAS CAL 1800X135X21MM GR+CL
97407300;5,40701E+12;PACK ELKO 4LAMAS CAL 1800X135X21MM MR+CL
97407301;5,40701E+12;POSTE ELKO 70X70 H0,95 + TAPA RAL7016
97407302;;REFUERZOS ELCO X4 1815X3.3X1.2MM
97407303;5,40701E+12;POSTE ELKO 70X70 H0,95 + TAPA MARRÓN
97407304;5,40701E+12;POSTE ELKO 70X70 H1,55 + TAPA RAL7016
97407305;5,40701E+12;POSTE ELKO 70X70 H1,55 + TAPA MARRÓN
97407306;5,40701E+12;POSTE ELKO 70X70 H2,30 + TAPA RAL7016
97407307;5,40701E+12;POSTE ELKO 70X70 H2,30 + TAPA MARRÓN
97407308;;BASE ELKO ALU+CUB PVC+TORN 70X70 RAL7016
97407309;;BASE ELKO ALU+CUB PVC+TORNI 70X70 MARRÓN
97407310;5,40701E+12;TAPA ELKO PVC 70X70 GRIS
97407311;5,40701E+12;TAPA ELKO PVC 70X70 MARRÓN
97407312;5,40701E+12;CLIP ACABADO ELKO 0,95 RAL7016
97407313;5,40701E+12;CLIP ACABADO ELKO 0,95 MARRÓN
97407314;5,40701E+12;CLIP ACABADO ELKO 2M RAL7016
97407315;5,40701E+12;CLIP ACABADO ELKO 2M MARRÓN
97407316;5,40701E+12;CUÑA AJUSTE ELKO X2
97407329;5,40701E+12;POSTE ELKO 100X100 H2,60 RAL7016
97407330;5,40701E+12;POSTE ELKO 100X100 H2,60 MARRÓN
97407346;5,40701E+12;GUÍA SUPERIOR E INFERIOR EN ALUMINIO
97407347;5,40701E+12;POSTE INC ELKO L2100 MM S 50X24MM MARRÓN
97407348;5,40701E+12;TAPA PARA POSTE INICAL MARÓN
97407349;5,40701E+12;POSTE INI ELKO L2100MM S 50X24MM RAL7016
97407350;5,40701E+12;TAPA PARA POSTE INICAL GRIS
80125016;3,71012E+12;LAMA PVC PERSIANA ANTRAC 16X150X3CM CLEA
80125017;3,71012E+12;POSTE PVC ANTRACITA 6X230X9CM CLEA
80125018;3,71012E+12;PERFIL PVC POSTE ANTRA 2.7X230CM CLEA
80125019;3,71012E+12;SEPARADOR PVC INTERMEDIO ANTRACITA CLEA
80125020;3,71012E+12;SEPARADOR PVC INICIO-FIN ANTRACITA CLEA
80125021;3,71012E+12;BASE PVC POSTE ANTRACITA 6X9X9CM CLEA
80125022;3,71012E+12;TAPA PVC POSTE ANTRACITA 6X9X9CM CLEA
80125023;3,71012E+12;PLACA A SELLAR CLEA
80125024;3,71012E+12;TUBOS A SELLAR CLEA
82090174;3,71012E+12;LAMA PVC PERSIANA BLANCO 16X150X3CM CLEA
82090175;3,71012E+12;PERFIL PVC POSTE BLANCO 2.7X230CM CLEA
82090176;3,71012E+12;SEPARADOR PVC INTERMEDIO BLANCO CLEA
82090177;3,71012E+12;SEPARADOR PVC INICIO-FIN BLANCO CLEA
82090178;3,71012E+12;BASE PVC POSTE BLANCO 6X9X9CM CLEA
82090179;3,71012E+12;POSTE PVC BLANCO 6X230X9CM CLEA
82090180;3,71012E+12;TAPA PVC POSTE BLANCO 6X9X9CM CLEA
82090184;3,71012E+12;LAMA PERSIANA PVC 3X16X1500 CLEA BEIGE
82090185;3,71012E+12;PERFIL PVC ALTURA 230CM BEIGE CLEA
82090186;3,71012E+12;SEPARADOR INTERMEDIO PVC BEIGE CLEA
82090187;3,71012E+12;SEPARADOR INICIO-FIN PVC BEIGE CLEA
82090188;3,71012E+12;BASE POSTE PVC 90X60 BEIGE CLEA
82090189;3,71012E+12;POSTE PVC 230CM BEIGE CLEA
82090190;3,71012E+12;TAPAS POSTE PVC 90X60 BEIGE CLEA
82090194;3,71012E+12;LAMA PERSIANA PVC 3X16X1500 CLEA GRISE
82090195;3,71012E+12;PERFIL PVC ALTURA 230CM CLEA GRISE
82090196;3,71012E+12;SEPARADOR INTERMEDIO PVC GRISE CLEA
82090197;3,71012E+12;SEPARADOR INICIO-FIN PVC GRISE CLEA
82090198;3,71012E+12;BASE POSTE PVC 90X60 CLEA GRISE
82090199;3,71012E+12;POSTE PVC 230CM CLEA GRISE
82090200;3,71012E+12;TAPAS POSTE PVC 90X60 GRISE CLEA
82090204;3,71012E+12;LAMA PERS PVC PLAXE CLEA MAD 3X16X1500
82090205;3,71012E+12;PERFIL PVC PLAXE MADERA ALT 230CM CLEA
82090206;3,71012E+12;SEPARADOR INTERM PVC TINTADO MARRON CLEA
82090207;3,71012E+12;SEPARADOR INI-FIN PVC TINTAD MARRON CLEA
82090208;3,71012E+12;BASE POSTE PVC PLAXE MADERA 90X60 CLEA
82090209;3,71012E+12;POSTE PVC PLAXE MADERA 230CM CLEA
82090210;3,71012E+12;TAPAS POSTE PVC PLAXE MADERA 90X60 CLEA
82090221;3,71012E+12;LAMA PERSIANA PVC PLAXE CLEA ALU 3X16X15
82090222;3,71012E+12;PERFIL PVC PLAXE ALU PUL ALT 230CM CLEA
82090223;3,71012E+12;BASE POSTE PVC PLAXE ALU PULI 90X60 CLEA
82090224;3,71012E+12;POSTE PVC PLAXE ALU PULIDO 230CM CLEA
82090225;3,71012E+12;TAPAS POSTE PVC PLAXE ALU PUL 90X60 CLEA
82798966;3,71012E+12;BASE PVC POSTE BLANCO 9X9X9CM CLEA
82798968;3,71012E+12;BASE PVC POSTE ANTRACITA 9X9X9CM CLEA
82798972;3,71012E+12;LAMA PVC RANURADA ANTR 12X150X2.8CM CLEA
82798974;3,71012E+12;LAMA PVC RANURADA BLAN 12X150X2.8CM CLEA
82798976;3,71012E+12;TAPA PVC POSTE T BLANCO 6X9X9CM CLEA
82798978;3,71012E+12;TAPA PVC POSTE INIC-FIN BCO 4X6X9CM CLEA
82798979;3,71012E+12;TAPA PVC POSTE T ANTRACITA 6X9X9CM CLEA
82798980;3,71012E+12;TAPA PVC POSTE INIC-FIN ANT 4X6X9CM CLEA
82798983;3,71012E+12;POSTE PVC T BLANCO 9X230X9CM CLEA
82798986;3,71012E+12;POSTE PVC INICIO-FIN BLAN 9X230X9CM CLEA
82798988;3,71012E+12;POSTE PVC T ANTRACITA 6X230X9CM CLEA
82798990;3,71012E+12;POSTE PVC INICIO-FIN ANTR 9X230X9CM CLEA
89310129;;EXPOSICIÓN CLEA 3ML ALTONA
89310131;;EXPOSICIÓN CLEA 2ML ALTONA
15938552;8,43654E+12;VALLA 195X94CM BRICOFEN BLANCO DOORSELF
15938566;8,43654E+12;POSTE ENCASTRAR 4X4X120CM VALLA NEGRO
15938573;8,43654E+12;ELEMENTO SEGURIDAD NIÑOS PARA PTA. KIT
15938671;8,43654E+12;POSTE ATORNILLAR 4X4X100,5C VALLA BLANCO
15938713;8,43654E+12;VALLA 195X94CM BRICONADAL BLANCO
15938825;8,43654E+12;BOTE SPRAY NEGRO RAL9011 DOORSELF
15938832;8,43654E+12;POSTE ENCASTRAR 4X4X120CM VALLA BLANCO
15938846;8,43654E+12;VALLA 195X94CM BRICOFEN NEGRO DOORSELF
15938853;8,43654E+12;VALLA 195X94CM BRICONADAL NEGRO DOORSELF
15938923;8,43654E+12;POSTE ATORNILLAR 4X4X100,5CM VALLA NEGRO
15940505;8,43654E+12;BOTE SPRAY BLANCO RAL9016 DOORSELF
16710694;8,43654E+12;ACCESORIO ESCUADRA VALLA NEGRO DOORSELF
16710701;8,43654E+12;ACCESORIO ESCUADRA VALLA BLANCO DOORSELF
16986053;8,43654E+12;POSTE ENCASTRAR INTERMEDIO S/MURO BLANCO
16986060;8,43654E+12;VALLA 189X72CM S/MURO SQUARE ÓXIDO
16986074;8,43654E+12;VALLA 189X72CM S/MURO TETRIS BLANCO
16986095;8,43654E+12;POSTE ENCASTRAR INTERMEDIO S/MURO ÓXIDO
16986116;8,43654E+12;VALLA 189X72CM S/MURO SQUARE NEGRO
16986123;8,43654E+12;VALLA 189X72CM S/MURO TETRIS ÓXIDO
16986130;8,43654E+12;POSTE ATORNILLAR INTERMEDIO S/MURO BCO
16986144;8,43654E+12;POSTE ATORNILLAR INTERMEDIO S/MURO NEGRO
16986165;8,43654E+12;POSTE ATORNILLAR INTERMEDIO S/MURO GRANA
16986186;8,43654E+12;POSTE ENCASTRAR INTERMEDIO S/MURO NEGRO
16986200;8,43654E+12;POSTE ATORNILLAR INTERMEDIO S/MURO ÓXIDO
16986214;8,43654E+12;VALLA 189X72CM S/MURO TETRIS NEGRO
16986221;8,43654E+12;VALLA 189X72CM S/MURO TETRIS VERDE
16986235;8,43654E+12;VALLA 189X72CM S/MURO SQUARE BLANCO
17047814;8,43654E+12;ACCESORIO CORTE VALLA 72CM NEGRO DOORSEL
17047821;8,43654E+12;POSTE ATORNILLAR 4X4X100,5CM VALLA ÓXIDO
17047835;8,43654E+12;POSTE ENCASTRAR ESQU S/MURO BCO DOORSELF
17047863;8,43654E+12;ACCESORIO CORTE VALLA 94CM ÓXIDO DOORSEL
17047884;8,43654E+12;POSTE ATORNILLA INICIO DCHA S/MURO ÓXIDO
17047891;8,43654E+12;POSTE ENCASTRAR ESQUINA S/MURO ÓXIDO
17047905;8,43654E+12;POSTE ATORNILLAR INICIO IZQ S/MURO GRANT
17047933;8,43654E+12;VALLA 195X94CM SQUARE NEGRO DOORSELF
17047940;8,43654E+12;POSTE ATORNILLAR INICIO DCHA S/MURO VDE
17047961;8,43654E+12;VALLA 195X94CM SQUARE ÓXIDO DOORSELF
17047975;8,43654E+12;ACCESORIO ESCUADRA VALLA ÓXIDO DOORSELF
17047996;8,43654E+12;POSTE ATORNILLAR INICIO DCHA S/MURO BCO
17048003;8,43654E+12;POSTE ATORNILLAR ESQUINA S/MURO NEGRO
17048010;8,43654E+12;VALLA 195X94CM TETRIS NEGRO DOORSELF
17048052;8,43654E+12;POSTE ATORNILLAR INICIO IZQ S/MURO NEGRO
17048073;8,43654E+12;ACCESORIO CORTE VALLA 72CM ÓXIDO DOORSEL
17048080;8,43654E+12;VALLA 195X94CM SQUARE BLANCO DOORSELF
17048094;8,43654E+12;POSTE ENCASTRAR INICIO DCHA S/MURO BCA
17048115;8,43654E+12;VALLA 195X94CM TETRIS ÓXIDO DOORSELF
17048122;8,43654E+12;POSTE ENCASTRAR 4X4X120CM VALLA ÓXIDO
17048136;8,43654E+12;POSTE ATORNILLAR INICIO IZQ S/MURO BCA
17048143;8,43654E+12;ACCESORIO CORTE VALLA 72CM BCO DOORSELF
17048206;8,43654E+12;VALLA 195X94CM TETRIS BLANCO DOORSELF
17048241;8,43654E+12;POSTE ATORNILLAR ESQUINA S/MURO BCA
17048255;8,43654E+12;POSTE ATORNILLAR ESQUINA S/MURO ÓXIDO
17048262;8,43654E+12;ACCESORIO CORTE VALLA 72CM GRANATE DOORS
17048283;8,43654E+12;ACCESORIO CORTE VALLA 94CM NEGRO DOORSEL
17048290;8,43654E+12;ACCESORIO CORTE VALLA 72CM VERDE DOORSEL
17048304;8,43654E+12;POSTE ATORNILLA INICIO DCHA S/MURO NEGRO
17048311;8,43654E+12;POSTE ATORNILLAR INICIO IZQ S/MURO ÓXIDO
17048346;8,43654E+12;ACCESORIO CORTE VALLA 94CM BCO DOORSELF
17048353;8,43654E+12;POSTE ENCASTRAR ESQUINA S/MURO NEGRO
48006900;;CADIOU INDUSTRIE EDP NUEVA
48999580;;COD 48 SPV GUADAMIA 204116
69401185;5,60071E+12;PORTÓN CORREDERO EBRO 3500X1400 BLANCO
69401206;5,60071E+12;PEATONAL EBRO 1000X1400 BLANCO
69401220;5,60071E+12;PEATONAL EBRO 1000X1400 GRIS
69601973;3,70005E+12;LAMA ALU GRIS 15X145X2.5CM KLOSUP
69602015;3,70005E+12;KIT 10 SEPARADORES PVC LAMA GRIS KLOSUP
69602071;3,70005E+12;LAMA ALU CALADA GRIS 9X145X2.5CM KLOSUP
70608496;3,70005E+12;LAMA ALU BLANC 15X145X2.5CM KLOSUP
73103114;3,70005E+12;LAMA ALU CALADA BLANC 9X145X2.5CM KLOSUP
75264875;3,70005E+12;KIT 10 SEPARADORES ALU LAMA BLANC KLOSUP
80118313;3,70005E+12;KIT 10 CLIPS ALU POSTE GRIS KLOSUP
80118314;3,70005E+12;10 SEMICLIP APERSIAN POST ALU KLOSUP GRI
80118315;3,70005E+12;LAMA ALU PERSIA GRIS 13X145X2.5CM KLOSUP
80118316;3,70005E+12;KIT 10 CLIPS ALU POSTE BLANCO KLOSUP
80118317;3,70005E+12;KIT 10 SEMI-SEPARADORES ALU BLANC KLOSUP
80118318;3,70005E+12;LAMA ALU APERS BLANC 13X145X2.5CM KLOSUP
80118319;3,70005E+12;PERFIL ALU ACABAD LAMA GRIS 142CM KLOSUP
80118320;3,70005E+12;PERFIL ALU ACABAD LAMA BLANC142CM KLOSUP
81865207;8,43654E+12;VALLA 195X94CM LINES BLANCO DOORSELF
81865208;8,43654E+12;VALLA 195X94CM LINES NEGRO DOORSELF
81865211;8,43654E+12;VALLA 195X94CM LINES ÓXIDO DOORSELF
81865212;8,43654E+12;VALLA 195X94CM LINES GRIS FORJA DOORSELF
81865213;8,43654E+12;VALLA 195X94CM PARALLELS BLANCO DOORSELF
81865214;8,43654E+12;VALLA 195X94CM PARALLELS NEGRO DOORSELF
81865217;8,43654E+12;VALLA 195X94CM PARALLELS ÓXIDO DOORSELF
81865218;8,43654E+12;VALLA 195X94CM PARALLELS GR FORJA DOORSE
81865237;8,43654E+12;VALLA 195X94CM SQUARE GRIS FORJA DOORSEL
81865238;8,43654E+12;VALLA 195X94CM TETRIS GRIS FORJA DOORSEL
81865347;8,43654E+12;POSTE ATORNILLAR 4X4X100,5CM VALLA FORJA
81865348;8,43654E+12;POSTE ENCASTRAR 4X4X120CM VALLA FORJA
81865349;8,43654E+12;POSTE ATORNILLAR INTER S/MURO GRIS FORJA
81865350;8,43654E+12;POSTE ENCASTRAR INTER S/MURO GRIS FORJA
81865351;8,43654E+12;POSTE ATORNILLAR ESQ S/MURO GRIS FORJA
81865352;8,43654E+12;POSTE ENCASTRAR ESQ S/MURO GRIS FORJA
81865353;8,43654E+12;POSTE ATORNI INICIO DCHA S/MURO GR FORJA
81865354;8,43654E+12;POSTE ATORNIL INICIO IZQ S/MURO GR FORJA
81865359;8,43654E+12;VALLA 189X72CM S/MURO LINES BLANCO
81865360;8,43654E+12;VALLA 189X72CM S/MURO LINES NEGRO
81865363;8,43654E+12;VALLA 189X72CM S/MURO LINES ÓXIDO
81865364;8,43654E+12;VALLA 189X72CM S/MURO LINES GRIS FORJA
81865365;8,43654E+12;VALLA 189X72CM S/MURO PARALLELS BLANCO
81865366;8,43654E+12;VALLA 189X72CM S/MURO PARALLELS NEGRO
81865369;8,43654E+12;VALLA 189X72CM S/MURO PARALLELS ÓXIDO
81865370;8,43654E+12;VALLA 189X72CM S/MURO PARALLELS GR FORJA
81865389;8,43654E+12;VALLA 189X72CM S/MURO SQUARE GRIS FORJA
81865390;8,43654E+12;VALLA 189X72CM S/MURO TETRIS GRIS FORJA
81865393;8,43654E+12;ACCESORIO CORTE VALLA 94CM GR FORJA DOOR
81865394;8,43654E+12;ACCESORIO ESCUADRA VALLA GR FORJA DOORSE
81865395;8,43654E+12;ACCESORIO CORTE VALLA 72CM GR FORJA DOOR
82007803;3,70005E+12;TAPA PVC POSTE 2 SALIDAS GRIS KLOSUP
82007804;3,70005E+12;TAPA PVC POSTE 2 SALIDAS BLANC KLOSUP
82007805;3,70005E+12;TAPA PVC PERFIL POSTE GRIS KLOSUP
82007806;3,70005E+12;TAPA PVC PERFIL POSTE BLANCA KLOSUP
82007807;3,70005E+12;BASE ALU POSTE GRIS 8.5X8CM KLOSUP
82007808;3,70005E+12;BASE ALU POSTE BLANC 8.5X8CM KLOSUP
82060553;5,60093E+12;PORTÓN CORREDERO JARAMA 3500X1780 GRIS
82341038;8,43654E+12;VALLA 195X94CM BRICOFEN GR FORJA DOORSEL
82341039;8,43654E+12;VALLA 195X94CM BRICOFEN ÓXIDO DOORSELF
82341042;8,43654E+12;VALLA 195X94CM BRICONADAL FORJA DOORSELF
82341043;8,43654E+12;VALLA 195X94CM BRICONADAL ÓXIDO DOORSELF
82343139;3,70005E+12;POSTE ALU 2 SALIDA GRIS 7.5X120CM KLOSUP
82343140;3,70005E+12;POSTE ALU 2 SALIDA BLAN 7.5X120CM KLOSUP
82343143;3,70005E+12;PERFIL ALU POSTE GRIS 120CM KLOSUP
82343144;3,70005E+12;PERFIL ALU POSTE BLANCO 120CM KLOSUP
82371577;5,60093E+12;PORTÓN CORREDERO ADAJA 3500X1500 GRIS
82558986;8,43559E+12;POSTE ENCASTRAR ESQ INT S/MURO GR FORJA
82558996;8,43559E+12;POSTE ATORNILLAR ESQ INT S/MURO NEGRO
82558997;8,43559E+12;POSTE ATORNILLAR ESQ INT S/MURO BLANCO
82559001;8,43654E+12;POSTE ENCASTRAR INICIO IZQ S/MURO BLANCO
82559002;8,43559E+12;POSTE ATORNILLAR ESQ INT S/MURO ÓXIDO
82559003;8,43559E+12;POSTE ATORNILLAR ESQ INT S/MURO GR FORJA
82559006;8,43559E+12;POSTE ENCASTRAR ESQ INT S/MURO NEGRO
82559007;8,43559E+12;POSTE ENCASTRAR ESQ INT S/MURO BLANCO
82559008;8,43559E+12;POSTE ENCASTRAR ESQ INT S/MURO ÓXIDO
82559015;8,43654E+12;POSTE ENCASTR INICIO IZQ S/MURO GR FORJA
82559019;8,43654E+12;VALLA 195X94CM LINES&RUSHES NEGRO DOORSE
82559020;8,43654E+12;VALLA 195X94CM LINES&RUSHES BCO DOORSELF
82559021;8,43654E+12;VALLA 195X94CM LINES&RUSHES ÓXIDO DOORSE
82559022;8,43654E+12;VALLA 195X94CM LINES&RUSHES GRIS FORJA
82559036;8,43559E+12;VALLA 189X72CM S/MURO GALAXY NEGRO
82559037;8,43559E+12;VALLA 189X72CM S/MURO GALAXY BLANCO
82559038;8,43559E+12;VALLA 189X72CM S/MURO GALAXY ÓXIDO
82559039;8,43559E+12;VALLA 189X72CM S/MURO GALAXY GRIS FORJA
82559040;8,43559E+12;VALLA 189X72CM S/MURO GALAXY GRANATE
82559042;8,43654E+12;POSTE ENCASTRAR INICIO IZQ S/MURO NEGRO
82559045;8,43559E+12;VALLA 195X94CM GALAXY NEGRO DOORSELF
82559046;8,43559E+12;VALLA 195X94CM GALAXY BLANCO DOORSELF
82559058;8,43559E+12;VALLA 195X94CM GALAXY ÓXIDO DOORSELF
82559059;8,43559E+12;VALLA 195X94CM GALAXY GRIS FORJA DOORSEL
82559061;8,43654E+12;POSTE ENCASTRAR INICIO IZQ S/MURO ÓXIDO
82559063;8,43654E+12;VALLA 189X72CM S/MURO BLIND NEGRO DOORSE
82559064;8,43654E+12;VALLA 189X72CM S/MURO BLIND BLANCO DOORS
82559075;8,43654E+12;VALLA 189X72CM S/MURO BLIND GRIS FORJA
82559078;8,43654E+12;VALLA 189X72CM S/MURO LINES&RUSHES NEGRO
82559081;8,43654E+12;VALLA 189X72CM S/MURO LINES&RUSHES BCO
82559082;8,43654E+12;VALLA 189X72CM S/MURO LINES&RUSHES ÓXIDO
82559083;8,43654E+12;VALLA 189X72 S/MURO LINES&RUSHE GR FORJA
82587313;8,43559E+12;VALLA 189X72CM S/MURO BLIND ÓXIDO DOORSE
82613130;8,43559E+12;POST ENCASTR INICIO DCHA S/MURO GR FORJA
82613132;8,43559E+12;POSTE ENCASTRAR INICIO DCHA S/MURO NEGRO
82613133;8,43559E+12;POSTE ENCASTRAR INICIO DCHA S/MURO ÓXIDO
82613309;8,43559E+12;VALLA 195X94CM BLIND NEGRO DOORSELF
82613310;8,43559E+12;VALLA 195X94CM BLIND BLANCO DOORSELF
82613311;8,43559E+12;VALLA 195X94CM BLIND ÓXIDO DOORSELF
82613312;8,43559E+12;VALLA 195X94CM BLIND GRIS FORJA
82692027;8,43559E+12;BOTE SPRAY GRIS FORJA DOORSELF
82692028;8,43559E+12;BOTE SPRAY ÓXIDO DOORSELF
83088904;3,70005E+12;KITDECO HORIZ SUPER KLOSUP POLYGO BLANCO
83089061;3,70005E+12;KIT DECO HORIZ SUPER KLOSUP PALM BLANCO
83184614;3,70005E+12;KIT DECO HORIZ SUPER KLOSUP LIGNE GRIS
83184629;3,70005E+12;KIT DECO HORIZ SUPER KLOSUP LIGNE BLANCO
83184654;3,70005E+12;BASE ACERO POSTE GRIS 10X40X10CM KLOSUP
83276356;3,70005E+12;KIT DECO HORIZ SUPER KLOSUP POLYGO GRIS
83276378;3,70005E+12;KIT DECO HORIZ SUPERIOR KLOSUP PALM GRIS
83950652;8,43655E+12;POSTE ALU ANTRACITA 8X100X8.5CM DIOCO
83950653;8,43655E+12;PACK ACCESORIOS VALLA BLANCO DIOCO
83950656;8,43655E+12;PACK ACCESORIOS VALLA ANTRACITA DIOCO
83950689;8,43655E+12;PACK 6 LAMAS ALU BLANCO 15X179X2CM DIOCO
83950690;8,43655E+12;PACK 6 LAMAS ALU ANTRAC 15X179X2CM DIOCO
83950693;8,43655E+12;POSTE ALU BLANCO 8X100X8.5CM DIOCO
84912659;8,43559E+12;POSTE ATORN INICIO DCHA/IZQ 4X4X100,5 BL
84912664;8,43559E+12;POSTE ATORN INICIO DCHA/IZQ 4X4X100,5 NG
84912680;8,43559E+12;POST ATORN INI DCH/IZQ 4X4X100,5 GR FORJ
84912685;8,43559E+12;POSTE ATORN INIC DCH/IZQ 4X4X100,5 ÓXIDO
85118204;3,70005E+12;PERFIL ALU POSTE BLANCO 3X187CM KLOSUP
85118216;3,70005E+12;POSTE ALU 2 SALIDA BLAN 7.5X187CM KLOSUP
85118219;3,70005E+12;TAPA PARA PLETINA KLOSUP GRIS
85118234;3,70005E+12;PERFIL ALU POSTE BLANCO 187CM KLOSUP
85118261;3,70005E+12;KIT DECO HORIZ SUPER KLOSUP SYLVA GRIS
85118262;3,70005E+12;TAPA PARA PLETINA KLOSUP BLANCA
85189301;3,70005E+12;KIT DECO HORIZ SUPER KLOSUP SYLVA BLANCO
85189334;3,70005E+12;POSTE ALU 2 SALIDA GRIS 7.5X187CM KLOSUP
85189347;3,70005E+12;PERFIL ALU POSTE GRIS 3X187CM KLOSUP
85189349;3,70005E+12;PERFIL ALU POSTE GRIS 187CM KLOSUP
85375069;5,60093E+12;PORTÓN CORREDERO ADAJA 4000X1500 GRIS
85375071;5,60093E+12;PORTÓN CORREDERO JARAMA 4000X1780 GRIS
85375072;5,60093E+12;PORTÓN CORREDERO JARAMA 4000X1580 GRIS
85375074;5,60093E+12;PORTÓN CORREDERO EBRO 4000X1400 BLANCO
86554483;8,43655E+12;POSTE ALU BLANCO 8X165X8.5CM DIOCO
86554484;8,43655E+12;POSTE ALU ANTRACITA 8X165X8.5CM DIOCO
87228492;5,60093E+12;ESTRUCTURA METÁLICA CON HOJAS 100X238X80
87228493;5,60093E+12;ESTRUCTURA METÁLICA CON HOJAS 318X241X80
87253193;9,00341E+12;POSTE PRIV ANCLAJ TACO 90CM AJS GR QRZ M
87253194;9,00341E+12;POSTE PRIV ANCL TACO 135CM AJST GR QRZ M
87253195;9,00341E+12;POSTE PRIV ANCL TACO 180CM AJST GR QRZ M
87253219;9,00341E+12;POSTE PRIV ANCL 90CM AJUSTABL GR QRZ MET
87253249;9,00341E+12;POSTE PRIV ANCL 135CM AJUSTAB GR QRZ MET
87253266;9,00341E+12;POSTE PRIV ANCL 180CM AJUSTAB GR QRZ MET
87253274;9,00341E+12;PANEL PRIVA SIN ACRILICO 100X90 GR QRZ M
87253276;9,00341E+12;PANEL PRIV CON ACRILICO 180X90 GR QRZ ME
87253277;9,00341E+12;PANEL PRIV CON ACRILICO 200X90 GR QRZ ME
87253278;9,00341E+12;PANEL PRIV CON ACRILICO 100X135 GR QRZ M
87253279;9,00341E+12;PANEL PRIVA SIN ACRILICO 150X90 GR QRZ M
87253280;9,00341E+12;PANEL PRIVA SIN ACRILICO 180X90 GR QRZ M
87253281;9,00341E+12;PANEL PRIVA SIN ACRILICO 200X90 GR QRZ M
87253282;9,00341E+12;PANEL PRIV SIN ACRILICO 100X135 GR QRZ M
87253283;9,00341E+12;PANEL PRIV SIN ACRILICO 150X135 GR QRZ M
87253284;9,00341E+12;PANEL PRIV SIN ACRILICO 180X135 GR QRZ M
87253285;9,00341E+12;PANEL PRIV SIN ACRILICO 200X135 GR QRZ M
87253286;9,00341E+12;PANEL PRIV SIN ACRILICO 100X180 GR QRZ M
87253287;9,00341E+12;PANEL PRIV CON ACRILICO 150X135 GR QRZ M
87253288;9,00341E+12;PANEL PRIV CON ACRILICO 180X135 GR QRZ M
87253289;9,00341E+12;PANEL PRIV CON ACRILICO 200X135 GR QRZ M
87253290;9,00341E+12;PANEL PRIV SIN ACRILICO 150X180 GR QRZ M
87253291;9,00341E+12;PANEL PRIV SIN ACRILICO 180X180 GR QRZ M
87253292;9,00341E+12;PANEL PRIV SIN ACRILICO 200X180 GR QRZ M
87253293;9,00341E+12;PANEL PRIV CON ACRILICO 100X90 GR QRZ ME
87253294;9,00341E+12;PANEL PRIV CON ACRILICO 150X90 GR QRZ ME
87253295;9,00341E+12;PANEL PRIV CON ACRILICO 100X180 GR QRZ M
87253296;9,00341E+12;PANEL PRIV CON ACRILICO 150X180 GR QRZ M
87253297;9,00341E+12;PANEL PRIV CON ACRILICO 180X180 GR QRZ M
87253298;9,00341E+12;PANEL PRIV CON ACRILICO 200X180 GR QRZ M
87715147;9,00341E+12;POSTE PRIV ANCLAJE TACO 90CM AJST PLTA M
87715148;9,00341E+12;POSTE PRIV ANCLAJ TACO 135CM AJST PLTA M
87715149;9,00341E+12;POSTE PRIV ANCLAJ TACO 180CM AJST PLTA M
87715150;9,00341E+12;POSTE PRIV ANCL TACO 90CM AJST GR OSC MT
87715151;9,00341E+12;POSTE PRIV ANCL TACO 135CM AJST GR OSC M
87715152;9,00341E+12;POSTE PRIV ANCL TACO 180CM AJST GR OSC M
87715153;9,00341E+12;POSTE PRIV ANCL 90CM AJUSTABLE PLTA MET
87715154;9,00341E+12;POSTE PRIV ANCL 135CM AJUSTABL PLTA MET
87715155;9,00341E+12;POSTE PRIV ANCL 180CM AJUSTABLE PLTA MET
87715157;9,00341E+12;POSTE PRIV ANCL 135CM AJUSTAB GR OSC MET
87715158;9,00341E+12;PANEL PRIV CON ACRILICO 100X90 GR OSC ME
87715159;9,00341E+12;PANEL PRIV CON ACRILICO 150X90 GR OSC ME
87715160;9,00341E+12;PANEL PRIV CON ACRILICO 180X90 GR OSC ME
87715161;9,00341E+12;PANEL PRIV CON ACRILICO 200X90 GR OSC ME
87715162;9,00341E+12;PANEL PRIV CON ACRILICO 100X135 PLTA MET
87715163;9,00341E+12;PANEL PRIVA SIN ACRILICO 100X135 PLTA ME
87715164;9,00341E+12;PANEL PRIVA SIN ACRILICO 150X135 PLTA ME
87715165;9,00341E+12;PANEL PRIVA SIN ACRILICO 180X135 PLTA ME
87715166;9,00341E+12;PANEL PRIVA SIN ACRILICO 200X135 PLTA ME
87715167;9,00341E+12;POSTE PRIV ANCL 180CM AJUSTA GR OSC MET
87715168;9,00341E+12;PANEL PRIV CON ACRILICO 150X135 PLTA MET
87715169;9,00341E+12;PANEL PRIV CON ACRILICO 180X135 PLTA MET
87715171;9,00341E+12;PANEL PRIV CON ACRILICO 200X135 PLTA MET
87715172;9,00341E+12;PANEL PRIV SIN ACRILICO 100X135 GR OSC M
87715174;9,00341E+12;PANEL PRIV SIN ACRILICO 150X135 GR OSC M
87715175;9,00341E+12;PANEL PRIV SIN ACRILICO 180X135 GR OSC M
87715176;9,00341E+12;PANEL PRIV SIN ACRILICO 200X135 GR OSC M
87715177;9,00341E+12;PANEL PRIVA SIN ACRILICO 100X90 PLTA MET
87715178;9,00341E+12;PANEL PRIV CON ACRILICO 100X135 GR OSC M
87715179;9,00341E+12;PANEL PRIV CON ACRILICO 150X135 GR OSC M
87715180;9,00341E+12;PANEL PRIV CON ACRILICO 180X135 GR OSC M
87715185;9,00341E+12;PANEL PRIV CON ACRILICO 200X135 GR OSC M
87715207;9,00341E+12;PANEL PRIV CON ACRILICO 100X180 PLTA MET
87715213;9,00341E+12;PANEL PRIV SIN ACRILICO 100X180 PLTA MET
87715224;9,00341E+12;PANEL PRIV SIN ACRILICO 150X180 PLTA MET
87715244;9,00341E+12;PANEL PRIV SIN ACRILICO 180X180 PLTA MET
87715268;9,00341E+12;PANEL PRIV SIN ACRILICO 200X180 PLTA MET
87715286;9,00341E+12;PANEL PRIVA SIN ACRILICO 150X90 PLTA MET
87715295;9,00341E+12;PANEL PRIV CON ACRILICO 150X180 PLTA MET
87715305;9,00341E+12;PANEL PRIV CON ACRILICO 180X180 PLTA MET
87715330;9,00341E+12;PANEL PRIV CON ACRILICO 200X180 PLTA MET
87715360;9,00341E+12;PANEL PRIV CON ACRILICO 100X180 GR OSC M
87715390;9,00341E+12;PANEL PRIV CON ACRILICO 150X180 GR OSC M
87715403;9,00341E+12;PANEL PRIV SIN ACRILICO 100X180 GR OSC M
87715425;9,00341E+12;PANEL PRIV SIN ACRILICO 150X180 GR OSC M
87715445;9,00341E+12;PANEL PRIV SIN ACRILICO 180X180 GR OSC M
87715474;9,00341E+12;PANEL PRIV SIN ACRILICO 200X180 GR OSC M
87715510;9,00341E+12;PANEL PRIV CON ACRILICO 100X90 PLATA MET
87715529;9,00341E+12;PANEL PRIVA SIN ACRILICO 180X90 PLTA MET
87715538;9,00341E+12;PANEL PRIV CON ACRILICO 180X180 GR OSC M
87715555;9,00341E+12;PANEL PRIV CON ACRILICO 200X180 GR OSC M
87715565;9,00341E+12;PANEL PRIV CON ACRILICO 150X90 PLATA MET
87715590;9,00341E+12;PANEL PRIV CON ACRILICO 180X90 PLATA MET
87715593;9,00341E+12;PANEL PRIV CON ACRILICO 200X90 PLATA MET
87715597;9,00341E+12;PANEL PRIVA SIN ACRILICO 200X90 PLTA MET
87715602;9,00341E+12;PANEL PRIVA SIN ACRILICO 100X90 GR OSC M
87715606;9,00341E+12;PANEL PRIVA SIN ACRILICO 150X90 GR OSC M
87715609;9,00341E+12;PANEL PRIVA SIN ACRILICO 180X90 GR OSC M
87715610;9,00341E+12;PANEL PRIVA SIN ACRILICO 200X90 GR OSC M
87956491;5,60093E+12;POSTE ATOR ALU 15X15CM 2,50M GRIS+BASE
87956581;5,60093E+12;POSTE ATOR ALU 15X15CM HT 2,50M BLA+BASE
87956582;5,60093E+12;POSTE DE CIMENTAR ALU 15X15CM 2,50M GRIS
87956583;5,60093E+12;POSTE DE CIMENTAR ALU 15X15CM 2,50M BLA
88219398;8,43559E+12;POSTE ATORN ANG AJUST 4X4X100,5 BLANCO
88219399;8,43559E+12;POSTE ATORN ANG AJUST 4X4X100,5 GR FORJA
88219400;8,43559E+12;POSTE ATORN ANG AJUST 4X4X100,5 NEGRO
88219401;8,43559E+12;POSTE ATORN ANG AJUST 4X4X100,5 ÓXIDO
88219402;8,43559E+12;POSTE ENCAST ANG AJUST 4X4X120 BLANCO
88219403;8,43559E+12;POSTE ENCAST ANG AJUST 4X4X120 GR FORJA
88219404;8,43559E+12;POSTE ENCAST ANG AJUST 4X4X120 NEGRO
88219405;8,43559E+12;POSTE ENCAST ANG AJUST 4X4X120 ÓXIDO
88219406;8,43559E+12;POSTE ATORN ANG AJUST S/MURO BLANCO
88219407;8,43559E+12;POSTE ATORN ANG AJUST S/MURO GR FORJA
88219408;8,43559E+12;POSTE ATORN ANG AJUST S/MURO NEGRO
88219409;8,43559E+12;POSTE ATORN ANG AJUST S/MURO ÓXIDO
88219410;8,43559E+12;POSTE ANCLAJE LATERAL VALLA 94 BLANCO
88219411;8,43559E+12;POSTE ANCLAJE LATERAL VALLA 94 GR FORJA
88219412;8,43559E+12;POSTE ANCLAJE LATERAL VALLA 94 NEGRO
88219413;8,43559E+12;POSTE ATORN INTER 6X6X200 VALLA 94 BCO
88219414;8,43559E+12;POSTE ATORN INTER 6X6X200 VALLA94GRFORJA
88219415;8,43559E+12;POSTE ATORN INTER 6X6X200 VALLA94 NEGRO
88219416;8,43559E+12;POSTE ENCAST ANGULO AJUSTABLE S/MURO BCO
88219417;8,43559E+12;POSTE ENCAST ANGU AJUST S/MURO GR FORJA
88219418;8,43559E+12;POSTE ENCAST ANGU AJUSTABLE S/MURO NEGRO
88219419;8,43559E+12;POSTE ENCAST ANGU AJUSTABLE S/MURO ÓXIDO
88219420;8,43559E+12;POSTE ANCLAJE LATERAL VALLA 72 BLANCO
88219421;8,43559E+12;POSTE ANCLAJE LATERAL VALLA 72 GR FORJA
88219422;8,43559E+12;POSTE ANCLAJE LATERAL VALLA 72 NEGRO
88219423;8,43559E+12;POSTE ANCLAJE LATERAL VALLA 72 ÓXIDO
88219424;8,43559E+12;POSTE ANCLAJE LATERAL VALLA 94 ÓXIDO
88219425;8,43559E+12;POSTE+ANCL ESQ ATORN A MURO LATERAL BCO
88219426;8,43559E+12;POSTE ATORN INTER 6X6X200 VALLA 94 ÓXIDO
88219427;8,43559E+12;POSTE ATORN INICIO DCH/IZQ 6X6X200 BCO
88219428;8,43559E+12;POSTE ATORN INI DCHA/IZQ 6X6X200 GRFORJA
88219429;8,43559E+12;POSTE+ANCL ESQ ATORN AMURO LAT GR FORJA
88219430;8,43559E+12;POSTE+ANCL ESQ ATORN A MURO LAT NEGRO
88219431;8,43559E+12;POSTE+ANCL ESQ ATORN A MURO LAT ÓXIDO
88219432;8,43559E+12;POSTE+ANCL INTER/INICIO AMURO LATER BCO
88219433;8,43559E+12;POSTE+ANCL INTER/INI AMURO LAT GRFORJA
88219434;8,43559E+12;POSTE+ANCL INTER/INICIO AMURO LAT NEGRO
88219435;8,43559E+12;POSTE+ANCL INTER/INICIO AMURO LAT ÓXIDO
88219436;8,43559E+12;POSTE ATORNILLAR ESCALÓN 4X4X200 BLANCO
88219437;8,43559E+12;POSTE ATORNILLA ESCALÓN 4X4X200 GR FORJA
88219438;8,43559E+12;POSTE ATORN INICIO DCH/IZQ 6X6X200 NEGRO
88219439;8,43559E+12;POSTE ATORN INICIO DCH/IZQ 6X6X200 ÓXIDO
88219440;8,43559E+12;POSTE ENCAST INTER/INICIO 6X6X224'4 BCO
88219441;8,43559E+12;POSTE ATORNILLAR ESCALÓN 4X4X200 NEGRO
88219442;8,43559E+12;POSTE ATORNILLAR ESCALÓN 4X4X200 ÓXIDO
88219443;8,43559E+12;POSTE ENCASTRAR ESCALÓN 4X4X220 BLANCO
88219444;8,43559E+12;POSTE ENCASTRAR ESCALÓN 4X4X220 GR FORJA
88219445;8,43559E+12;POSTE ENCASTRAR ESCALÓN 4X4X220 NEGRO
88219446;8,43559E+12;POSTE ENCASTRAR ESCALÓN 4X4X220 ÓXIDO
88219447;8,43559E+12;POSTE ENCAST INT/INIC 6X6X224'4 GR FORJA
88219448;8,43559E+12;POSTE ENCAST INTE/INICIO 6X6X224'4 NEGRO
88219449;8,43559E+12;POSTE ENCAST INTE/INICIO 6X6X224'4 ÓXIDO
88962559;8,43559E+12;EXPOSICIÓN DOORSELF VSM 2 ML
88962560;8,43559E+12;EXPOSICIÓN DOORSELF VSM 3 ML
88975059;3,70005E+12;2 TAPAS PARA PERFIL ANGULO KLOSUP BLANCO
88975068;3,70005E+12;PERFIL ANGULO KLOSUP ALT186CM GRIS
88975216;3,70005E+12;PERFIL ANGULO KLOSUP ALT119CM BLANCO
88976024;3,70005E+12;2 TAPAS PARA PERFIL ANGULO KLOSUP GRIS
88976814;3,70005E+12;PERFIL ANGULO KLOSUP ALT186CM BLANCO
88976827;3,70005E+12;PERFIL ANGULO KLOSUP ALT119CM GRIS
89026665;;EXPOSICIÓN CADIOU VSM 2ML
89026666;;EXPOSICIÓN CADIOU VSM 3ML
89212860;;EXPOSICIÓN DIOCO ALUMINIO VSM 3ML
89212861;;EXPOSICIÓN DIOCO ALUMINIO VSM 2ML
89574794;8,43655E+12;BOLSA SEPARADORES PARA VALLA ALUM 10 UD
89630056;5,60093E+12;ESTRU. C/HOJA CORRED. 2000X1800 MULTICLR
89630067;5,60093E+12;ESTRU. C/HOJA CORRED. 3550X1800 MULTICLR
89630094;5,60093E+12;VALLA JARAMA KIT INICIAL 2000X800 GRIS
89630095;5,60093E+12;VALLA JARAMA KIT CONTINUO 1930X800 GRIS
89630097;5,60093E+12;VALLA EBRO KIT INICIAL 2000X800 BLANCO
89630099;5,60093E+12;VALLA EBRO KIT CONTINUO 1930X800 BLANCO
89630101;5,60093E+12;VALLA EBRO KIT INICIAL 2000X800 GRIS
89630103;5,60093E+12;VALLA EBRO KIT CONTINUO 1930X800 GRIS
89630105;5,60093E+12;VALLA ERGES KIT INICIAL2000X800 BLANCO
89630107;5,60093E+12;VALLA ERGES KIT CONTINUO 1930X800 BLANCO
89630109;5,60093E+12;VALLA ERGES KIT INICIAL2000X800 GRIS
89630110;5,60093E+12;VALLA ERGES KIT CONTINUO 1930X800 GRIS
89630112;5,60093E+12;VALLA ADAJA KIT INICIAL 2000X800 GRIS
89630114;5,60093E+12;VALLA ADAJA KIT CONTINUO 1930X800 GRIS
91146055;8,43702E+12;PILAR BLANCO. ALT FIJA 50 CM.
91146056;8,43702E+12;PILAR NEGRO. ALT FIJA 50 CM.
91146057;8,43702E+12;PILAR BLANCO. ALT FIJA 100CM.
91146058;8,43702E+12;PILAR NEGRO. ALT FIJA 100 CM.
91146064;8,43702E+12;PILAR BLANCO. ALT FIJA 180CM.
91146065;8,43702E+12;PILAR NEGRO. ALT FIJA 180 CM.
91146396;8,43655E+12;PACK 6 LAMA ALU PERSIANA BLC 177X15X2CM
91146402;8,43655E+12;PCK 6 LAMA ALU PERSIANA ANTH 177X15X2CM
91146403;8,43655E+12;PCK 6 LAMA ALU PERSIANA OXIDO 177X15X2CM
91146538;8,43702E+12;TRAMO BLANCO ALT 50CM ANC AJUS 55-100CM
91146539;8,43702E+12;TRAMO NEGRO ALT 50CM ANC AJUS 55-100CM
91146540;8,43702E+12;TRAMO BLANCO ALT 100CM ANC AJUS 55-100CM
91146541;8,43702E+12;TRAMO NEGRO ALT 100CM ANC AJUS 55-100CM
91146542;8,43702E+12;TRAMO BLANCO ALT 180CM ANC AJUS 55-100CM
91146543;8,43702E+12;TRAMO NEGRO ALT 180CM ANC AJUS 55-100CM
91146624;8,43655E+12;CELOSÍA VALLA GRIS RAL7016 1,80X276X20,6
92477071;5,60093E+12;PORTON CORREDERO ADAJA 3500X1500 GRIS
92477072;5,60093E+12;PORTON CORREDERO JARAMA 3500X1780 GRIS
92477073;5,60093E+12;PORTON CORREDERO ERGES 3500X1800 GRIS
92477074;5,60093E+12;PORTON CORREDERO JARAMA 3500X1580 GRIS
93224342;8,43559E+12;VALLA 189X72CM S/MURO PRIVACY BLANCA
93224343;8,43559E+12;VALLA 189X72CM S/MURO PRIVACY GRIS FORJA
93224344;8,43559E+12;VALLA 189X72CM S/MURO PRIVACY NEGRO
93224345;8,43559E+12;VALLA 189X72CM S/MURO PRIVACY OXIDO
93224346;8,43559E+12;VALLA 195X94CM PRIVACY GRIS FORJA DOORSE
93224347;8,43559E+12;VALLA 195X94CM PRIVACY NEGRO DOORSELF
93224348;8,43559E+12;VALLA 195X94CM PRIVACY BLANCO DOORSELF
93224349;8,43559E+12;VALLA 195X94CM PRIVACY OXIDO DOORSELF
94049344;3,70005E+12;PUERTA EXPOSITORA + CANCELA 2M KLOSUP
94301835;8,43655E+12;PACK ACC MEDIO POSTE PERSIANA ALU ANTR
94301838;8,43655E+12;MEDIO POSTE ALU OXIDO 2UDS 985 X80X85MM
94301839;8,43655E+12;ALU VALLA GRIS ANTRACITA 1780X950X20 MM
94301840;8,43655E+12;ACCESORIOS MEDIO POSTE PERSIANA ALU BLC
94301842;8,43655E+12;PACK ACC VALLA MODELO PERSIANA ANTRACITA
94301843;8,43655E+12;ACC MEDIO POSTE PERSIANA ALUMINIO OXIDO
94301845;8,43655E+12;PACK ACC VALLA MODELO PERSIANA BLANCO
94301847;8,43655E+12;PACK ALU SUP/INF OXIDO TEXTURADO 1783MM
94301851;8,43655E+12;PACK ACC VALLA MODELO PERSIANA OXIDO
94301853;8,43655E+12;ACCESORIOS MEDIO POSTE LISO BLANCO
94301854;8,43655E+12;ACCESORIOS MEDIO POSTE LISO ALU ANTRACIT
94301855;8,43655E+12;ACC MEDIO POSTE LISO ALUMINIO OXIDO
14458542;3,59874E+12;BLISTER ESCUADRAS FIJACION 4 UDS
14468041;3,59874E+12;TERMINAL PIRAMIDE 7X7CM 2 UDS
14468062;3,59874E+12;TERMINAL PIRAMIDE 9X9CM 2 UDS
65412606;3,59874E+12;LAMA MAD 12X200X2.2CM P.MODULA 22MM YONA
68240410;3,59874E+12;PERFIL MAD ACABAD 3X200X6CM MD 22MM YONA
80118620;3,59874E+12;LAMA MAD 14X200X2.8CM P.MOD 28MM CORDOBA
80118621;3,59874E+12;PERFIL ARCO 14X200X28 MM PANEL MODULABL
80118622;3,59874E+12;PERFIL MAD FIN 6X200X3CM MD 28MM CORDOBA
82003874;3,59874E+12;"POSTE MAD""H"" 9X240X9CM P.MD 28MM CORDOBA"
82003875;3,59874E+12;"POSTE MAD""U"" 9X240X9CM P.MD 28MM CORDOBA"
82003876;3,59874E+12;POSTE MAD L 9X9X240CM P.MOD 28MM CORDOBA
82007088;3,59874E+12;"POSTE MAD ""H"" 7X220X7CM P.MODU 22MM YONA"
82007089;3,59874E+12;"POSTE MAD""U"" 7X220X7CM P.MODUL 22MM YONA"
82007090;3,59874E+12;"POSTE MAD ""L"" 9X220X9CM P.MODU 22MM YONA"
82068544;8,0331E+12;TERMINAL PIRAMIDE RESINA 7X7CM
82172714;3,59874E+12;SOPORTE CLAVAR GALV 7X7CM P.MD 22MM YONA
82172716;3,59874E+12;SOPORTE FIJAR GALV 7X7CM P.MOD 22MM YONA
82172717;3,59874E+12;SOPORTE SELLAR 9X9CM P.MODU 28MM CORDOBA
82172721;3,76012E+12;SOPORTE SELLAR EN H PARA POSTE 9X9 CM
82799214;3,59874E+12;POSTE PARA ENSAMBLAR PANEL 9X9X200 CM
83220231;8,0331E+12;POSTE VALLA MACHIHEM THERMOWOO 7X7X180CM
89526830;3,59874E+12;EXPOSICIÓN YONA FOREST
48005705;;COD 48 PRODUCTOS A MEDIDA EDP GARDENGATE
48005744;;COD 48 METALICAS CRIADO (204149)
48204023;;COD 48 CANCELAS LOCAL 204023
12760440;8,4225E+12;SOPORTE POSTE CLAVAR 12X12X75CM
13217890;3,35184E+12;SOPORTE POSTE PLETINA 7X7 CM
13217904;3,35184E+12;SOPORTE POSTE PLETINA 9X9 CM
13217911;3,35184E+12;SOPORTE POSTE CLAVAR 7X7CM
13217925;3,35184E+12;SOPORTE POSTE CLAVAR 9X9 CM
13217953;8,42402E+12;SOPORTE POSTE PLETINA 6X6CM
13217960;8,42402E+12;SOPORTE POSTE CLAVAR 6X6CM
13780872;3,59874E+12;SOPORTE POSTE U FIJAR 7X7CM
14091644;3,59874E+12;SOPORTE POSTE PARED 7X7CM
14467964;3,59874E+12;SOPORTE POSTE PLETINA 7X7 CM
14467992;3,59874E+12;SOPORTE POSTE CLAVAR 7X7CM
19144734;8,4225E+12;SOPORTE POSTE PLETINA 12X12
19514453;5,90771E+12;SOPORTE PLETINA HERRAJE 10X10CM
19514474;8,43655E+12;SOPORTE EVITA CONTACTO SUELO REG 60-200
82172709;3,59874E+12;SOPORTE POSTE PLETINA 9X9CM
82172710;3,59874E+12;SOPORTE POSTE CLAVAR 9X9X75CM
82172711;3,59874E+12;SOPORTE POSTE CLAVAR 9X9X35CM
82172712;3,59874E+12;SOPORTE POSTE CLAVAR 7X7X35CM
82172715;3,59874E+12;SOPORTE FIJAR 9X9X15CM
89882589;8,4225E+12;SOPORTE POSTE CLAVAR 9X9CM
96845895;3,59874E+12;SOPORTE SELLAR 9X9X30CM
96845897;3,59874E+12;SOPORTE SELLAR 7X7X30CM
82059300;8,43655E+12;VALLA COMPOSITE 70X160CM MARRON
82059304;8,43655E+12;POSTE VALLA COMPOSITE 80X6.6X6.6CM
89816145;8,43655E+12;POSTE VALLA ALU/COM GRIS 2 METROS
91474552;8,43655E+12;POSTE VALLA ALU/COMP MULTIDIRECCIÓN Ó 2M
82059301;8,43655E+12;VALLA PVC 76X180CM BLANCA
82059305;8,43655E+12;POSTE VALLA PVC 95X10X10CM
82211086;8,43655E+12;POSTE ANGULO VALLA PVC 95X10X10CM
12717252;3,59874E+12;VALLA BUFFALO RECTA 100X180Xø6CM ESP30MM
12717279;3,59874E+12;VALLA MUSTANG 80X180CM
13777554;3,59874E+12;VALLA MUSTANG 100X180CM TINT
14658462;3,70043E+12;VALLA HURRICANE 80X180CM
16284954;3,59874E+12;VALLA CLELIA 70X180CM
17542504;3,59874E+12;VALLA PIKA 80X180CM CLASE III
92302084;3,59874E+12;VALLA EXTENSIBLE GANIVELLE 1M 500X100CM
92302085;3,59874E+12;VALLA EXT GANIVELLE 1,2M 500X120CM
92302086;3,59874E+12;VALLA EXT GANIVELLE 1,5M 500X150CM
12163781;8,41325E+12;MALLA FENSANET12 0.5X5M GALV
12164404;8,41325E+12;MALLA FENSANET12 1X5M GALV
12164432;8,41325E+12;MALLA NORT FENSANET 12 1X25M GA X1
12164460;8,41325E+12;MALLA FENSANET19 0.5X5M GALV
12164586;8,41325E+12;MALLA FENSANET19 0.5X5M VERDE
12164593;8,41325E+12;MALLA FENSANET19 1X5M VERDE
12164642;8,41325E+12;MALLA GALVANEX19 0.5X10M GALV
12164656;8,41325E+12;MALLA GALVANEX19 1X10M GALV
12820584;8,41325E+12;MALLA DECOMET 0.6X10M GALV
12820605;8,41325E+12;MALLA DECOMET 1X10M GALV
13821962;8,42739E+12;MALLA ELECTROSOLDADA 1X10M VDE
13821976;8,4301E+12;MALLA ELECTROSOLDADA 1X25M VDE
13822004;8,4301E+12;MALLA ELECTROSOLDADA 1.5X25M VDE
13822060;8,4301E+12;MALLA S/TORSION 1X25M GALV
13822074;8,4301E+12;MALLA S/TORSION 1.5X25M GALV
13822081;8,4301E+12;MALLA S/TORSION 2X25M GALV
13822095;8,4301E+12;MALLA S/TORSION 1X25M VERDE
13822102;8,4301E+12;MALLA S/TORSION 1.5X25M VERDE
13822116;8,4301E+12;MALLA S/TORSION 2X25M VERDE
14581616;8,4301E+12;MALLA CINEGETICA GALV 8 100 15 50M
16006606;8,4301E+12;MALLA ELECTROSOLDADA 1.2X20M VDE
48007385;;COD 48 MOREDA
81966107;8,00293E+12;MALLA EXAMET25 0.5X10M VERDE
81966108;8,00293E+12;MALLA EXAMET50 1X10M VERDE
84180511;8,4301E+12;MALLA CINEGETICA GALV 200X50M 20/15
84180512;8,4301E+12;MALLA CINEGETIC 200X100M 14/30
84180513;8,4301E+12;MALLA CINEGETICA PREMIUM 100X50M 8/15
84180514;8,4301E+12;MALLA CINEGETICA PREMIUM 124X50M 9/15
84180515;8,4301E+12;MALLA CINEGETICA PREMIUM 148X50M 18/15
84180516;8,4301E+12;MALLA CINEGETICA PREMIUM 140X100M 11/15
85708419;8,41325E+12;MALLA NORT GALVANEX 13 1X25M GA X1
85708422;8,41325E+12;MALLA NORT GALVANEX 51 1X25M GA X1
87063918;5,60723E+12;MALLA S/TORISON C/SETO ARTIF 0.5X5M
87063919;5,60723E+12;MALLA S/TORISON C/SETO ARTIF 1X5M
87063920;5,60723E+12;MALLA S/TORISON C/SETO ARTIF 1.5X5M
87063921;5,60723E+12;MALLA S/TORISON C/SETO ARTIF 2X5M
13821234;8,4301E+12;POSTE QUICKFIX UNIVERSAL 0.7M VDE
13821255;8,4301E+12;POSTE QUICKFIX UNIVERSAL 1.1M VDE
13821276;8,4301E+12;POSTE QUICKFIX UNIVERSAL 1.3M VDE
13821304;8,4301E+12;POSTE QUICKFIX UNIVERSAL 1.5M VDE
13821325;8,4301E+12;POSTE QUICKFIX UNIVERSAL 1.85M VDE
13821353;8,4301E+12;POSTE QUICKFIX UNIVERSAL 2.35M VDE
13821360;8,4301E+12;POSTE QUICKFIX UNIVERSAL 2.35M GALV
13821374;8,4301E+12;TORNAPUNTAS UNIVERSAL 1.2M GALV
13821381;8,4301E+12;TORNAPUNTAS UNIVERSAL 1.45M VDE
13821395;8,4301E+12;TORNAPUNTAS UNIVERSAL 1.80M VDE
13821402;8,4301E+12;TORNAPUNTAS UNIVERSAL 1.80M GALV
13821416;8,4301E+12;TORNAPUNTAS UNIVERSAL 2.4M GALV
13821752;8,42739E+12;POSTE PIQUETA T 1.0M VDE
13821766;8,42739E+12;POSTE PIQUETA T 1.2M VDE
13821773;8,42739E+12;POSTE PIQUETA T 1.5M VDE
13821780;8,42739E+12;POSTE PIQUETA T 1.75M VDE
13821794;8,42739E+12;TORNAPUNTAS T 1.2M VDE
13821801;8,42739E+12;TORNAPUNTAS T 1.5M VDE
13821815;8,42739E+12;TORNAPUNTAS T 2M VDE
13821822;8,4301E+12;TORNAPUNTAS UNIVERSAL 2.4M VDE
13821850;8,4301E+12;POSTE QUICKFIX UNIVERSAL 0.9M VDE
13821871;8,4301E+12;POSTE QUICKFIX UNIVERSAL 2M VDE
13821892;8,4301E+12;POSTE QUICKFIX UNIVERSAL 2.5M VDE
13826680;8,4301E+12;TORNAPUNTAS UNIVERSAL 1.2M VDE
14409955;8,4301E+12;POSTE HERCULES 0.65M VDE
14409962;8,4301E+12;POSTE HERCULES 1.05M VDE.
14409976;8,4301E+12;POSTE HERCULES 1.25M VDE
14409983;8,4301E+12;POSTE HERCULES 1.55M VDE
14409990;8,4301E+12;POSTE HERCULES 1.85M VDE
14410004;8,4301E+12;POSTE HERCULES 2.35M VDE
14879662;8,4301E+12;POSTE HERCULES 0.85M VDE
15999382;8,4301E+12;POSTE HERCULES 0.65M BCO
15999396;8,4301E+12;POSTE HERCULES 1.05M BCO
15999403;8,4301E+12;POSTE HERCULES 1.25M BCO
16005871;8,4301E+12;POSTE QUICKFIX UNIVERSAL 1.3M GALV
16005892;8,4301E+12;POSTE QUICKFIX UNIVERSAL 1.85M GALV
84180548;8,4301E+12;POSTE HERCULES 1.05CM GRIS
84180549;8,4301E+12;POSTE HERCULES 1.25CM GRIS
84180550;8,4301E+12;POSTE HERCULES 1.55CM GRIS
84180551;8,4301E+12;POSTE HERCULES 1.85CM GRIS
84467596;8,43655E+12;POSTE LUX DE 50 1.05M VERDE RIVISA
84467597;8,43655E+12;POSTE LUX DE 50 1.25M VERDE RIVISA
84467598;8,43655E+12;POSTE LUX DE 50 1.55M VERDE RIVISA
84467599;8,43655E+12;POSTE LUX DE 50 1.80M VERDE RIVISA
84467600;8,43655E+12;POSTE LUX DE 50 2.05M VERDE RIVISA
84467601;8,43655E+12;POSTE LUX DE 50 2.35M VERDE RIVISA
89888879;8,43655E+12;POSTE LUX DE 50 1.05M BCO RIVISA
89888880;8,43655E+12;POSTE LUX DE 50 1.25M BCO RIVISA
89888882;8,43655E+12;POSTE LUX DE 50 1.55M BCO RIVISA
89888883;8,43655E+12;POSTE LUX DE 50 1.80M BCO RIVISA
89888893;8,43655E+12;POSTE LUX DE 50 2.05M BCO RIVISA
89888894;8,43655E+12;POSTE LUX DE 50 2.35M BCO RIVISA
93853308;8,4301E+12;NUEVO POS HERC GRIS 7016 ALT 650MM GSB
93853309;8,4301E+12;NUEVO POS HERC GRIS 7016 ALT 2350MM GSB
93853310;8,4301E+12;NUEVO POS HERC GRIS 7016 ALT 850MM GSB
93853321;8,4301E+12;NUEVO POS HERC NEGRO 9005 ALT 850MM GSB
93853322;8,4301E+12;NUEVO POS HERC BLANC 9010 ALT 1550MM GSB
93853323;8,4301E+12;NUEV POS HERC BLANC 9010 ALT 1850MM GSB
93853324;8,4301E+12;NUEVO POS HERC BLANC 9010 ALT 2350MM GSB
93853335;8,4301E+12;NUEVO POS HERC NEGRO 9005 ALT 650MM GSB
93853336;8,4301E+12;NUEVO POS HERC NEGRO 9005 ALT 1050MM GSB
93853338;8,4301E+12;NUEVO POS HERC NEGRO 9005 ALT 1250MM GSB
93853339;8,4301E+12;NUEVO POS HERC NEGRO 9005 ALT 1550MM GSB
93853340;8,4301E+12;NUEVO POS HERC NEGRO 9005 ALT 1850MM GSB
93853341;8,4301E+12;NUEVO POS HERC NEGRO 9005 ALT 2350MM GSB
93853365;8,4301E+12;POS VRJ+ 60X60 C/PU B9010 1300MM INT-EAN
93853366;8,4301E+12;POS VRJ+ 60X60 C/PU B9010 1900MM INT-EAN
93853367;8,4301E+12;POS VRJ+ 60X60 C/PU B9010 2500MM INT-EAN
93853368;8,4301E+12;POS VRJ+ 60X60 C/PU B9010 1300MM ESC-EAN
93853369;8,4301E+12;POS VRJ+ 60X60 C/PU B9010 1900MM ESC-EAN
93853370;8,4301E+12;POS VRJ+ 60X60 C/PU B9010 2500MM ESC-EAN
13011876;8,4301E+12;PTA CLAS MAL50X50 VERDE 6005 1,0L1,5H 1H
13011913;8,4301E+12;PTA CLAS MAL50X50 VERDE 6005 1,0L2,0H 1H
13821206;8,42739E+12;PUERTA RESIDENCIAL 100X100CM VDE
13821213;8,42739E+12;PUERTA RESIDENCIAL 120X100CM VDE
13821220;8,42739E+12;PUERTA RESIDENCIAL 150X100CM VDE
13821934;8,42739E+12;PUERTA ECO 100X100CM VDE
13821941;8,42739E+12;PUERTA ECO 120X100CM VDE
13821955;8,42739E+12;PUERTA ECO 150X100CM VDE
15204966;8,4301E+12;PUERTA HERCULES PLUS 100X100CM VDE
15204973;8,4301E+12;PUERTA HERCULES PLUS 120X100CM VDE
15204980;8,4301E+12;PUERTA HERCULES PLUS 150X100CM VDE
48556641;;COD 48 CERCADOS GENERICO
82237414;8,4301E+12;PUERTA RESIDENCIAL 1MX1M GRIS
82237416;8,4301E+12;PUERTA RESIDENCIAL 1MX1.5M GRIS
82607063;8,4301E+12;PUERTA HERCULES PLUS 4X1,5M VDE
82607064;8,4301E+12;PUERTA HERCULES PLUS 4X2M VDE
88120824;8,4301E+12;PTA CLAS MAL50X50 GRIS 7016 1,0L1,5H 1H
88122287;8,4301E+12;PTA CLAS MAL50X50 GRIS 7016 1,0L1,0H 1H
88140620;8,4301E+12;PTA CLAS MAL50X50 VERDE 6005 1,0L1,0H 1H
88140623;8,4301E+12;PUERTA HERCULES PLUS 20X100CM VDE
88140625;8,4301E+12;PTA HERCULES G7016 1,0X1,5ALT 1H DCHA
88140627;8,4301E+12;PTA HERCULES G7016 1,0X2,0ALT 1H DCHA
92071201;8,43655E+12;PUERTA.LIG.C/C.PB 1H.100X150 LM
92071202;8,43655E+12;PUERTA.LIG.C/C. PB 1H. 100X100 C/PCA LM
92071203;8,43655E+12;PUERTA.LIG.C/C.PB 2H.400X200 LM
92071204;8,43655E+12;PUERTA.LIG.C/C.PB 1H.100X100 LM
92071205;8,43655E+12;PUERTA.LIG.C/C.PB 1H.100X200 LM
93853314;8,4301E+12;PTA CLAS MAL50X50 GRIS 7016 1,0L2,0H 1H
93853315;8,4301E+12;PTA CLAS MAL50X50 GRIS 7016 4,0L2,0H 2H
93853317;8,4301E+12;PUERTA GSB RESIDENTIEL GRIS 7016 1MX1,2M
93853327;8,4301E+12;PTA CLAS MAL50X50 BLANC 9010 1,0L1,0H 1H
93853329;8,4301E+12;PTA CLAS MAL50X50 BLANC 9010 1,0L1,5H 1H
93853330;8,4301E+12;PTA CLAS MAL50X50 BLANC 9010 1,0L2,0H 1H
93853331;8,4301E+12;PTA CLAS MAL50X50 BLANC 9010 4,0L2,0H 2H
93853347;8,4301E+12;PTA CLAS MAL50X50 NEGRO 9005 1,0L1,0H 1H
93853348;8,4301E+12;PTA CLAS MAL50X50 NEGRO 9005 1,0L1,5H 1H
93853349;8,4301E+12;PTA CLAS MAL50X50 NEGRO 9005 1,0L2,0H 1H
93853350;8,4301E+12;PTA CLAS MAL50X50 NEGRO 9005 4,0L2,0H 2H
93853359;8,4301E+12;PTA HERCULES G7016 1,0X1,2ALT 1H DCHA
93853360;8,4301E+12;PTA HERCULES G7016 4,0X2,0 ALT 2H
93853361;8,4301E+12;PTA HERCULES G7016 4,0X1,5 ALT 2H
93853373;8,4301E+12;PTA EXOTIC PLUS BLANCO 9010 1,0X1,0AL 1H
93853374;8,4301E+12;PTA EXOTIC PLUS BLANCO 9010 1,0X1,5AL 1H
93853375;8,4301E+12;PTA EXOTIC PLUS BLANCO 9010 1,0X2,0AL 1H
93853376;8,4301E+12;PTA EXOTIC PLUS BLANCO 9010 4,0X2,0AL 2H
95476296;8,4301E+12;PTA HERC PLUS G7016 1,0X1,0ALT 1H DCHA
13011569;8,4301E+12;PANEL HERCULES PRO 1X 2.5M VERDE
13820632;8,4301E+12;PANEL HERCULES PLUS 0.6X2M VERDE
13820646;8,4301E+12;PANEL HERCULES PLUS 1X2M VERDE
16320682;8,4301E+12;PANEL HERCULES PLUS 1.5X2M VERDE
82152787;8,4301E+12;PANEL HERCULES PRO 0.6X2.5M VERDE
82237428;8,4301E+12;PANEL HERCULES PLUS 1X2M GRIS
82237430;8,4301E+12;PANEL HERCULES PLUS 1.5X2M GRIS
82273157;8,4301E+12;PANEL HERCULES PRO 1.5MX2.5M VERDE
82607066;8,4301E+12;PANEL HERCULES PRO 2X2.5M VERDE
84467575;8,43655E+12;PANEL BRICO FAX 1.03X2.5M VERDE RIVISA
84467576;8,43655E+12;PANEL BRICO FAX 1.43X2.5M VERDE RIVISA
84467577;8,43655E+12;PANEL BRICO FAX 2X2.5M VERDE RIVISA
88113622;8,4301E+12;PANEL HERCULES PLUS 2X2M VERDE
88140558;8,4301E+12;ECO PLUS GRIS 7016 P-1059 2,0X2,0 GSB
89888840;8,43655E+12;PANEL BRICO FAX 1.03X2.5M BCO RIVISA
89888844;8,43655E+12;PANEL BRICO FAX 1.43X2.5M BCO RIVISA
89888846;8,43655E+12;PANEL BRICO FAX 1.93X2.5M BCO RIVISA
93853304;8,4301E+12;BRICO-HERCULES PLUS GRIS 7016 1,0M-EAN
93853305;8,4301E+12;BRICO-HERCULES PLUS GRIS 7016 1,5M-EAN
93853306;8,4301E+12;BRICO-HERCULES PLUS GRIS 7016 0,6M-EAN
93853307;8,4301E+12;BRICO-HERCULES PLUS GRIS 7016 2,0M-EAN
93853316;8,4301E+12;BRICO-HERCULES PLUS BLANCO 9010 0,6M-EAN
93853318;8,4301E+12;BRICO-HERCULES PLUS BLANCO 9010 1,0M-EAN
93853319;8,4301E+12;BRICO-HERCULES PLUS BLANCO 9010 2,0M-EAN
93853320;8,4301E+12;BRICO-HERCULES PLUS BLANCO 9010 1,5M-EAN
93853332;8,4301E+12;BRICO-HERCULES PLUS NEGRO 9005 0,6M-EAN
93853333;8,4301E+12;BRICO-HERCULES PLUS NEGRO 9005 1,0M-EAN
93853334;8,4301E+12;BRICO-HERCULES PLUS NEGRO 9005 1,5M-EAN
93853337;8,4301E+12;BRICO-HERCULES PLUS NEGRO 9005 2,0M-EAN
93853351;8,4301E+12;DOBLE HIL 200X55 V6005 6-5-6 AL 0,6M-EAN
93853352;8,4301E+12;DOBLE HIL 200X55 V6005 6-5-6 AL 1,0M-EAN
93853353;8,4301E+12;DOBLE HIL 200X55 V6005 6-5-6 AL 1,6M-EAN
93853354;8,4301E+12;DOBLE HIL 200X55 V6005 6-5-6 AL 2,0M-EAN
93853355;8,4301E+12;DOBLE HIL 200X55 G7016 6-5-6 AL 0,6M-EAN
93853356;8,4301E+12;DOBLE HIL 200X55 G7016 6-5-6 AL 1,0M-EAN
93853357;8,4301E+12;DOBLE HIL 200X55 G7016 6-5-6 AL 1,6M-EAN
93853358;8,4301E+12;DOBLE HIL 200X55 G7016 6-5-6 AL 2,0M-EAN
93853362;8,4301E+12;VERJA EXOTIC PLUS B9010 2,48X1,0M-EAN
93853363;8,4301E+12;VERJA EXOTIC PLUS B9010 2,48X1,5M-EAN
93853364;8,4301E+12;VERJA EXOTIC PLUS B9010 2,48X2,0M-EAN
97407337;;POSTE KOMBIFENCE H1,10+SOMBRERET RAL7016
97407338;;POSTE KOMBIFENCE H1,10+SOMBRERETE MARRÓN
97407339;;POSTE KOMBIFENCE H2,20+SOMBRERET RAL7016
97407340;;POSTE KOMBIFENCE H2,20+SOMBRERETE MARRÓN
97407341;;BASE KOMBIFENCE RAL7016
97407342;;BASE KOMBIFENCE MARRÓN
97407343;5,40701E+12;TAPA KOMBIFENCE PVC NEGRO
13822032;8,42739E+12;BORDURA DECOR 0.4X10M
13822046;8,42739E+12;BORDURA DECOR 0.6X10M
13822053;8,42739E+12;BORDURA DECOR 0.9X10M
12164943;8,41325E+12;ALAMBRE GALVANIZADO INTER 0.7MMX15M
12165020;8,41325E+12;ALAMBRE GALVANIZADO INTER 0.7MMX50M
12165111;8,41325E+12;ALAMBRE GALVANIZADO INTER 1.3MMX15M
12165125;8,41325E+12;ALAMBRE GALVANIZADO INTER 1.3MMX50M
12174015;8,41325E+12;ALAMBRE GALVANIZADO INTER 2.4MMX100M
13011745;8,4301E+12;GRAPA POSTE HERCULES VERDE 6005
13821423;8,4301E+12;BASE POSTE UNIVERSAL QUICKFIX VDE
13821444;8,4301E+12;BLISTER ABRAZADERAS QUICKFIX VDE
13822123;8,4301E+12;ALAMBRE 1.10MM 50M GALV
13822130;8,4301E+12;ALAMBRE 1.10MM 50M VDE
13822144;8,4301E+12;ALAMBRE 1.50MM 50M VDE
13822151;8,4301E+12;ALAMBRE TENSAR 2.20MM 100M GALV
13822165;8,4301E+12;ALAMBRE TENSAR 2.40MM 50M VDE
13822172;8,4301E+12;GRAPAS P/POSTE QUICKFIX 100 UDS
13822186;8,4301E+12;TENSOR VERDE
13822193;8,4301E+12;TENSOR GALVANIZADO
14410011;8,4301E+12;BOLSA ABRAZADERA HERCULES 2UD VDE
14410025;8,4301E+12;BASE HERCULES VDE
14611254;8,4301E+12;TENAZA PARA GRAPAS
15999375;8,4301E+12;BASE HERCULES BCO
16005864;8,4301E+12;BOLSA ABRAZADERA HERCULES 2UD BCO
16070390;8,4301E+12;BLISTER ABRAZADERAS QUICKFIX GALVA
16247154;8,4301E+12;BASE PLAST TORNAPUNTAS QUICKFIX VDE
16382114;8,4301E+12;ALAMBRE ESPINO BRAVO REC 13X15 L100M
16413810;8,4301E+12;TAPON POSTE QUICKFIX UNI VDE 1.2
16413831;8,4301E+12;TAPON HERC COLOR VDE
48007378;;COD 48 RIVISA
82077391;8,4301E+12;BOLSA 2 ACC. FIJA PANEL/PILAR PTA V6005
82185911;8,4301E+12;BOLSA 2 ABRAZADERAS ULTRAFIX VERDE
82185923;8,4301E+12;BASE ACERO HERCULES VERDE
82607065;8,4301E+12;BOLS FIJACIÓN QUICKFIX HERCULES 4UD VDE
84180564;8,4301E+12;BOLSA 2 ABRAZADERAS HERCULES GRIS 7016
84180568;8,4301E+12;BASE ACERO HERCULES GRIS 7016
84467569;8,43655E+12;ABRAZADERAS BRICO FAX 4 UNID RIVISA VERD
84467602;8,43655E+12;BASE METAL VERDE RIVISA
84467604;8,43655E+12;TAPON POSTE LUX-50 NEGRO RIVISA
87031389;8,4301E+12;EXPOSITOR JARDITOR VER6005 S/P-10616 M-9
87031390;8,4301E+12;EXPOSITOR SIMPLE TORSION S/P10662 DG M-
87031391;8,4301E+12;EXPOSITOR VER 6005 S/P 10598 (PANEL)
89888897;8,43655E+12;BASE METAL BLANCO RIVISA
89888899;8,43655E+12;ABRAZADERAS BRICO FAX 4 UNID RIVISA BCO
93853311;8,4301E+12;NUEVA BASE ALUM HERCULES GRIS 7016 GSB
93853312;8,4301E+12;GRAPA POSTE HERCULES GRIS 7016
93853313;8,4301E+12;BOLSA 2 ACC. FIJA PANEL/PILAR PTA GR7016
93853325;8,4301E+12;BASE ACERO HERCULES BLANCO 9010-EAN
93853326;8,4301E+12;BOLSA 2 ACC. FIJA PANEL/PILAR PTA B9010
93853328;8,4301E+12;GRAPA POSTE HERCULES BLANCO 9010
93853342;8,4301E+12;BOLSA 2 ABRAZADERAS HERCULES NEGRO
93853343;8,4301E+12;NUEVA BASE ALUM HERCULES NEGRO 9005 GSB
93853344;8,4301E+12;BASE ACERO HERCULES NEGRO 9005-EAN
93853345;8,4301E+12;GRAPA POSTE HERCULES NEGRO 9005
93853346;8,4301E+12;BOLSA 2 ACC. FIJA PANEL/PILAR PTA NE9005
93853371;8,4301E+12;BOL 2 FIJAC POS VERJA ESCUADRA PREGALVA
93853372;8,4301E+12;BOL 2 FIJAC POS VERJA EXT/INT PREGALVA
93945814;8,42739E+12;EXPOSITOR 1 CERDADOS 3M
93945815;8,42739E+12;EXPOSITOR 3 CERDADOS 3M
93945816;8,42739E+12;EXPOSITOR 2 CERCADOS 3M
93945817;8,42739E+12;EXPOSITOR 1 CERCADOS 2M
93945818;8,42739E+12;EXPOSITOR 3 CERCADOS 2M
93945819;8,42739E+12;EXPOSITOR 2 CERCADOS 2M
93945820;8,42739E+12;EXPOSITOR PUERTAS CERCADOS 2M
95322079;8,4301E+12;TAPON HERC COLOR NEGRO
95476297;8,4301E+12;BOLSA 2 ABRAZADERAS HERCULES GRIS
95476298;8,4301E+12;BASE ACERO HERCULES VERDE 6005-EAN
12717316;3,59874E+12;CELOSIA DIAGONAL SOPRANO 90X180
12717594;3,59874E+12;CELOSIA RECTA YOTA 90X180CM
13226185;3,70043E+12;PANEL TRENZADO FENG 180X180CM
13226444;3,70043E+12;CELOSIA RECTA ONUBA 60X180CM
13226451;3,70043E+12;CELOSIA RECTA ONUBA 90X180CM
13226472;3,70043E+12;CELOSIA RECTA ANDALUS 90X180CM
13226500;3,59874E+12;CELOSIA PREMICES 90X180CM TINT
13247283;3,70043E+12;PANEL TRENZADO FENG 90X180CM
13777106;3,59874E+12;CELOSIA PREMICES 40X180CM TINT
14091280;3,59874E+12;CELOSIA PERSIENNE 90X180CM TINT
15627731;3,59874E+12;CELOSIA CLEMATITE 90X180CM
16283876;8,4225E+12;CELOSIA EXTEN MIMBRE 50X150CM
16283883;8,4225E+12;CELOSIA EXTEN MIMBRE 100X200CM
19487454;3,26082E+12;CELOSIA EXTEN TRELLIWOOD 50X150CM
19487482;3,26082E+12;CELOSIA EXTEN TRELLIWOOD 100X200CM
80124978;3,59874E+12;CELOSIA MAD SEVILLA 42X180CM CLASE III
80124979;3,59874E+12;CELOSIA MAD SEVILLA 90X180CM CLASE III
81890091;8,4225E+12;CELOSIA EXTEN HOJAS DECO 100X200CM 8X8CM
81890092;8,4225E+12;CELOSIA EXTEN HOJAS DECO 100X300CM 8X8CM
81912653;3,59874E+12;CELOSIA RECTA YOTA 60X180CM
81947988;3,59874E+12;CELOSIA MAD PREMICES 90X180CM CLASE III
82183613;8,42277E+12;CELOSIA EXT H ROSAL 70 LED 100X150CM
82183614;8,42277E+12;CELOSIA EXT HIEDRA VDE 70 LED 100X150CM
82372721;8,42277E+12;CELOSIA EXT HIEDRA 2 70 LED 100X150CM
82391488;3,59874E+12;PANEL MAD LAMAS PERSIANA 180X180CM
82405709;8,42277E+12;CELOSIA EXTEN HOJAS DECO 100X200CM 8X8CM
82405710;8,42277E+12;CELOSIA EXTEN HOJAS DECO 100X300CM 8X8CM
82405711;8,42277E+12;CELOSIA EXTEN HOJAS DECO 30X180CM 7X7CM
82405712;8,42277E+12;CELOSIA EXTEN CIPRES 100X150CM 7X7CM
82405713;8,42277E+12;CELOSIA EXTEN CIPRES 50X150CM 7X7CM
82405716;8,42277E+12;CELOSIA EXTEN CIPRES DUO 100X150CM 7X7CM
82405717;8,42277E+12;CELOSIA EXTEN JARDIN TRO 100X150CM 8X8CM
82405718;8,42277E+12;CELOSIA EXTEN LAVANDA 100X150CM 7X7CM
82405720;8,42277E+12;CELOSIA EXTEN ROSAL 100X150CM 8X8CM
82405721;8,42277E+12;CELOSIA EXTEN HIEDRA 100X200CM 8X8CM
82677820;8,42277E+12;CELOSIA EXT HIEDRA 70LED ENCHUFE 100X150
82677821;8,42277E+12;CELOSIA EXT HIEDRA 70LED MANDO 100X150
82677823;8,42277E+12;CELOSIA EXTEN PARRA CON UVAS 100X150CM
82677824;8,42277E+12;CELOSIA MIMBRE CON FLORES 180X60 CM
83387683;3,59874E+12;CELOSÍA HOYA MAD-METAL 40X180CM 30MM
83387684;3,59874E+12;CELOSIA HOYA MAD-METAL 60X180CM 30MM
83387685;3,59874E+12;CELOSIA HOYA MAD-METAL 90X180CM 30MM
83582675;3,59874E+12;CELOSÍA HORIZON 900X1800X40 MM
83582676;3,59874E+12;CELOSÍA HORIZON 600X1800X40 MM
83582677;3,59874E+12;CELOSÍA BIRDY ESP30 400X920MM BANGKIRAI
83582678;3,59874E+12;CELOSÍA BIRDY ESP30 400X1790MM BANGKIRAI
85293814;8,4225E+12;CELOSIA EXT BAMBU TOSTADO 0.5X1.5M
85293847;8,4225E+12;CELOSIA EXT BAMBU TOSTADO 1X2M
86256713;8,4225E+12;CELOSIA EXT BAMBU BRONC HOJASBICOLOR1X2M
86256714;8,4225E+12;CELOSIA EXT BAMBU TOST BOJ BALEAR 1X2M
87654164;3,27601E+12;CELOSIA EXTENSIBLE 1X2M HOJAS CYPRES
87654165;3,27601E+12;CELOSIA EXTENSIBLE 1X2M BOSQUE JAZMIN
87654166;3,27601E+12;CELOSIA EXTENSIBLE 1X2M HOJAS HIEDRA
92944247;8,43653E+12;PANEL SANTA MARIA CON MARCO 3X90X180 CM
92944248;8,43653E+12;PANEL CELOSIA CALADO CON MARCO 3X90X180C
96845884;3,59874E+12;HOJA MAD ENTRELAZA YONA V2 176X14CM 28MM
96845886;3,59874E+12;HOJA MAD ACABADO YONA V2 176X12CM 28MM
96845887;3,59874E+12;HOJA MAD ENTRELAZA DIEGO V2 176X12CM21MM
96845892;3,27601E+12;PANEL MAD LUGANO 180X180CM MARRON
96903596;8,42277E+12;CELOSIA EXTENSIBLE BOUGANVILLA 100X150CM
10151680;3,26082E+12;CELOSIA PLAST EXTEN 50X150CM VERDE
10611013;8,41325E+12;PANEL PRIVAT INTER 100X200CM VERDE
10611076;8,41325E+12;PANEL PRIVAT INTER 100X200CM BLANCO
10611090;8,41325E+12;PANEL CLASIC INTER 100X200CM VERDE
10611125;8,41325E+12;PANEL CLASIC INTER 100X200CM BLANCO
11894022;3,26082E+12;CELOSIA PLAST EXTEN 50X150CM BLANCA
12754651;8,4225E+12;PANEL FIJO PVC 18MM 100X200CM VDE
12754672;8,4225E+12;PANEL FIJO PVC 18MM 100X200CM BCO
12754686;8,4225E+12;PANEL FIJO PVC 18MM 100X200CM BAM
12754693;8,4225E+12;PANEL FIJO PVC 48MM 100X200CM VDE
12754700;8,4225E+12;PANEL FIJO PVC 48MM 100X200CM BCO
12754721;8,4225E+12;PERFIL U PVC 212CM VDE
12754735;8,4225E+12;PERFIL U PVC 212CM BCO
12754756;8,4225E+12;PERFIL H PVC 205CM VDE
12754763;8,4225E+12;PERFIL H PVC 205CM BCO
14508711;8,4225E+12;PANEL FIJO PVC 48MM 100X200CM MADERA
14508725;8,4225E+12;PANEL FIJO PVC 18MM 100X200CM MADERA
14508732;8,4225E+12;PERFIL H PVC 205CM MADERA
14508746;8,4225E+12;PERFIL U PVC 212CM MADERA
16723742;8,41325E+12;PANEL MOSAIC 100X200CM OXIDO
16723763;8,41325E+12;PANEL MOSAIC 100X200CM ANTRACITA
16723784;8,41325E+12;POSTE ALUPOST 120X6CM OXIDO
16723812;8,41325E+12;POSTE ALUPOST 120X6CM ANTRACITA
16723840;8,41325E+12;POSTE ALUPOST 215X6CM OXIDO
16723861;8,41325E+12;POSTE ALUPOST 215X6CM ANTRACITA
16723896;8,41325E+12;PERFIL H 200CM OXIDO
16723910;8,41325E+12;PERFIL H 200CM ANTRACITA
16723924;8,41325E+12;PERFIX OXIDO 2 UDS
16723945;8,41325E+12;PERFIX ANTRACITA 2 UDS
16727641;8,41325E+12;BASFIX MOSAIC FLOOR GALVANIZADO
16727655;8,41325E+12;BASFIX MOSAIC TERRA GALVANIZADO
16734585;8,4225E+12;PANEL FIJO LOP 18MM 100X200CM VDE
16734606;8,4225E+12;PANEL FIJO LOP 18MM 100X200CM MADERA
16875495;8,41325E+12;POSTE ALUPOST 120X6CM VERDE
16875502;8,41325E+12;POSTE ALUPOST 120X6CM BLANCO
16875516;8,41325E+12;POSTE ALUPOST 215X6CM VERDE
16875523;8,41325E+12;POSTE ALUPOST 215X6CM BLANCO
16875530;8,41325E+12;PERFIL H 200CM VERDE
16875551;8,41325E+12;PERFIL H 200CM BLANCO
16875565;8,41325E+12;PERFIX VERDE 2UD
16875572;8,41325E+12;PERFIX BLANCO 2UD
16970114;8,41325E+12;EXPOSITOR MUEBLE MOSAIC
17548104;8,41325E+12;PANEL MOSAIC 100X200CM BLANCO
19487286;8,41325E+12;NORT TAP BASFIX OXIDO 2UD
19487300;8,41325E+12;NORT TAP BASFIX ANTRACITA 2UD
19487321;8,41325E+12;NORT TAP BASFIX VERDE 2UD
19487335;8,41325E+12;NORT TAP BASFIX  BLANCO 2UD
19487384;8,41325E+12;NORT TAP ALUPOST OXIDO 2UD
19487391;8,41325E+12;NORT TAP ALUPOST ANTRACITA 2UD
19487405;8,41325E+12;NORT TAP ALUPOST VERDE 2UD
19487412;8,41325E+12;NORT TAP ALUPOST BLANCO 2UD
81890258;8,41325E+12;CELOSIA PLAST EXT 50X150CM PIZARRA
81890260;8,41325E+12;CELOSIA PLAST EXT 100X200CM PIZARRA
81890263;3,26082E+12;CELOSIA PLAST EXT 100X200CM BLANCA
81890264;3,26082E+12;CELOSIA PLAST EXT 100X200CM VERDE
81890265;3,26082E+12;CELOSIA PLAST EXT 100X300CM BLANCA
81890266;3,26082E+12;CELOSIA PLAST EXT 100X300CM VERDE
81890269;8,41325E+12;PANEL PRIVAT INTER 100X200CM OXIDO
81890270;8,41325E+12;PANEL PRIVAT INTER 100X200CM ANTRACITA
82375663;5,60039E+12;SOPORTE INOX P/POSTE ALUMINIO 2UD
82445200;8,41325E+12;POSTE ALUPOST 197X6CM VERDE
82445201;8,41325E+12;POSTE ALUPOST 197X6CM BLANCO
82445202;8,41325E+12;POSTE ALUPOST 197X6CM ANTRACITA
82445203;8,41325E+12;POSTE ALUPOST 197X6CM OXIDO
83583307;8,41325E+12;PANEL MOON 100X100CM OXIDO
83583308;8,41325E+12;PANEL MOON 100X100CM ANTRACITA
83583309;8,41325E+12;PANEL NAUTIC 100X100CM OXIDO
83583310;8,41325E+12;PANEL NAUTIC 100X100CM ANTRACITA
83583311;8,41325E+12;PANEL MOON 100X100CM BLANCO
83583312;8,41325E+12;SOPORTE PARED WALLFIX 4 UDS
83583313;8,41325E+12;PANEL NAUTIC 100X100CM BLANCO
83583314;8,41325E+12;PANEL DECO ALU STONE 60X150CM
87486640;8,41325E+12;"NORT PERFIL ""H"" 97,5 CM BL X20"
87486641;8,41325E+12;"NORT PERFIL ""H"" 97,5 CM AT X20"
87486642;8,41325E+12;"NORT PERFIL ""H"" 97,5 CM OX X20"
87614088;8,41325E+12;"NORT PERFIL ""H"" 97,5 CM VE X20"
14661703;3,59874E+12;PANEL SAVANNE 90X200CM TINT
14661724;3,59874E+12;PANEL SAVANNE 180X200CM TINT
16717085;3,59874E+12;PANEL TIMEO 90X180CM TINT
80124970;;PANEL MAD ARCO NOA 180X180CM 35MM
82391481;3,59874E+12;PANEL FETICHE 180X180 CM
82717599;3,59874E+12;PANEL TRENZADO NATURA 180X180CM
82717603;3,59874E+12;PANEL TRENZADO NOA 90X180CM
82717606;3,59874E+12;PANEL TRENZ NOA 180X180CM TINT
82717608;3,59874E+12;PANEL TRENZADO LUCAS 180X180CM CON MARCO
82717610;3,59874E+12;PANEL TRENZ NOA 180X180CM
82717611;3,59874E+12;PANEL TRENZ LUCAS ARCO 90X180CM
82717614;3,59874E+12;PANEL TRENZADO NATURA 90X180CM
92944245;8,43653E+12;PANEL CELOSIA CALADO SIN MARCO 3X90X180C
96845889;;PANEL MAD ARCO NOA 180X180CM 35MM MARRON
96845891;3,27601E+12;PANEL TRENZADO VARESE 180X180CM MARRON
83583315;8,41325E+12;PANEL DECO ALU ATHEA 60X150CM
87654161;3,27601E+12;PANEL METAL CLASSIC 0.6MX1.5M,10MM
87654162;3,27601E+12;PANEL METAL DESIGN 0.6MX1.5M,10MM
87654163;3,27601E+12;PANEL METAL NATURE 0.6MX1.5M,10MM
93828033;9,00341E+12;SET PANEL MAXI DAVINCI 2M 2PZ PNL GR O M
15938531;8,43654E+12;KIT PTA 116X93,5CM BRICOFEN BCO DOORSELF
15938594;8,43654E+12;KIT PTA 116X93,5CM BRICONADAL NEGRO
15938601;8,43654E+12;KIT PTA 116X93,5CM BRICOFEN NEGRO DOORSE
15938902;8,43654E+12;KIT PTA 116X93,5CM BRICONADAL BCO DOORSE
17047842;8,43654E+12;KIT PTA 116X93,5CM SQUARE NEGRO DOORSELF
17048024;8,43654E+12;KIT PTA 116X93,5CM SQUARE ÓXIDO DOORSELF
17048031;8,43654E+12;KIT PTA 116X93,5CM TETRIS NEGRO DOORSELF
17048150;8,43654E+12;KIT PTA 116X93,5CM TETRIS ÓXIDO DOORSELF
17048171;8,43654E+12;KIT PTA 116X93,5CM TETRIS BCO DOORSELF
17048381;8,43654E+12;KIT PTA 116X93,5CM SQUARE BCO DOORSELF
17711540;8,43654E+12;PTA 1X2M LINES NEGRO DOORSELF
17711582;8,43654E+12;PTA 1X2M LINES BLANCO DOORSELF
17711603;8,43654E+12;PTA 1X2M LINES ÓXIDO DOORSELF
17711610;8,43654E+12;PTA 1X2M LINES GRIS FORJA DOORSELF
17711806;8,43654E+12;PTA 1X2M SQUARE UP NEGRO DOORSELF
17711960;8,43654E+12;PTA 1X2M SQUARE UP BLANCO DOORSELF
17712051;8,43654E+12;PTA 1X2M SQUARE UP ÓXIDO DOORSELF
17712121;8,43654E+12;PTA 1X2M SQUARE UP GRIS FORJA DOORSELF
17728214;8,43654E+12;PTA 1X2M PARALLELS NEGRO DOORSELF
17728235;8,43654E+12;PTA 1X2M PARALLELS BLANCO DOORSELF
17728242;8,43654E+12;PTA 1X2M PARALLELS ÓXIDO DOORSELF
17728256;8,43654E+12;PTA 1X2M PARALLELS GRIS FORJA DOORSELF
17728270;8,43654E+12;PTA 1X2M TETRIS UP NEGRO DOORSELF
17728291;8,43654E+12;PTA 1X2M TETRIS UP BLANCO DOORSELF
17728305;8,43654E+12;PTA 1X2M TETRIS UP ÓXIDO DOORSELF
17728312;8,43654E+12;PTA 1X2M TETRIS UP GRIS FORJA DOORSELF
48005843;;COD 48 PUERTAS MENOS DE 4 METROS
81865121;8,43654E+12;KIT PTA 116X93,5CM TETRIS UP GRIS FORJA
81865122;8,43654E+12;KIT PTA 116X93,5CM SQUARE UP GRIS FORJA
81865123;8,43654E+12;KIT PTA 116X93,5CM LINES BLANCO DOORSELF
81865124;8,43654E+12;KIT PTA 116X93,5CM LINES NEGRO DOORSELF
81865127;8,43654E+12;KIT PTA 116X93,5CM LINES ÓXIDO DOORSELF
81865128;8,43654E+12;KIT PTA 116X93,5CM LINES GRIS FORJA
81865129;8,43654E+12;KIT PTA 116X93,5CM PARALLELS BCO DOORSEL
81865130;8,43654E+12;KIT PTA 116X93,5CM PARALLELS NEGRO
81865133;8,43654E+12;KIT PTA 116X93,5CM PARALLELS ÓXIDO
81865134;8,43654E+12;KIT PTA 116X93,5CM PARALLELS GRIS FORJA
82135359;8,43654E+12;PTA 1X1,5M LINES NEGRO DOORSELF
82135361;8,43654E+12;PTA 1X1,5M LINES BLANCO DOORSELF
82135362;8,43654E+12;PTA 1X1,5M LINES ÓXIDO DOORSELF
82135363;8,43654E+12;PTA 1X1,5M LINES GRIS FORJA DOORSELF
82135365;8,43654E+12;PTA 1X1,5M PARALLELS NEGRO DOORSELF
82135367;8,43654E+12;PTA 1X1,5M PARALLELS BLANCO DOORSELF
82135368;8,43654E+12;PTA 1X1,5M PARALLELS ÓXIDO DOORSELF
82135369;8,43654E+12;PTA 1X1,5M PARALLELS GRIS FORJA DOORSELF
82135383;8,43654E+12;PTA 1X1,5M TETRIS UP NEGRO DOORSELF
82135385;8,43654E+12;PTA 1X1,5M TETRIS UP BLANCO DOORSELF
82135386;8,43654E+12;PTA 1X1,5M TETRIS UP ÓXIDO DOORSELF
82135387;8,43654E+12;PTA 1X1,5M TETRIS UP GRIS FORJA DOORSELF
82135389;8,43654E+12;PTA 1X1,5M SQUARE UP NEGRO DOORSELF
82135391;8,43654E+12;PTA 1X1,5M SQUARE UP BLANCO DOORSELF
82135392;8,43654E+12;PTA 1X1,5M SQUARE UP ÓXIDO DOORSELF
82135393;8,43654E+12;PTA 1X1,5M SQUARE UP GRIS FORJA DOORSELF
82341046;8,43654E+12;KIT PTA 116X93,5CM BRICOFEN GRIS FORJA
82341047;8,43654E+12;KIT PTA 116X93,5CM BRICOFEN ÓXIDO DOORSE
82341050;8,43654E+12;KIT PTA 116X93,5CM BRICONADAL GRIS FORJA
82341051;8,43654E+12;KIT PTA 116X93,5CM BRICONADAL ÓXIDO
82558891;8,43654E+12;PTA 1X2M LINES&RUSHES GRIS FORJA DOORSEL
82558892;8,43654E+12;PTA 1X2M LINES&RUSHES ÓXIDO DOORSELF
82558893;8,43654E+12;PTA 1X2M LINES&RUSHES BLANCO DOORSELF
82558897;8,43654E+12;PTA 1X2M LINES&RUSHES NEGRO DOORSELF
82558930;8,43654E+12;PTA 1X1,5M LINES&RUSHES NEGRO DOORSELF
82558931;8,43654E+12;PTA 1X1,5M LINES&RUSHES BLANCO DOORSELF
82558932;8,43654E+12;PTA 1X1,5M LINES&RUSHES ÓXIDO DOORSELF
82558933;8,43654E+12;PTA 1X1,5M LINES&RUSHES GRIS FORJA DOORS
82558938;8,43559E+12;PTA 1X1,5M GALAXY GRIS FORJA DOORSELF
82558961;8,43559E+12;PTA 1X1,5M GALAXY NEGRO DOORSELF
82558962;8,43559E+12;PTA 1X1,5M GALAXY BLANCO DOORSELF
82558963;8,43559E+12;PTA 1X1,5M GALAXY ÓXIDO DOORSELF
82558972;8,43559E+12;PTA 1X2M GALAXY GRIS FORJA DOORSELF
82558973;8,43559E+12;PTA 1X2M GALAXY ÓXIDO DOORSELF
82558974;8,43559E+12;PTA 1X2M GALAXY BLANCO DOORSELF
82558975;8,43559E+12;PTA 1X2M GALAXY NEGRO DOORSELF
82559025;8,43654E+12;KIT PTA 116X93,5CM LINES&RUSHES NEGRO
82559026;8,43654E+12;KIT PTA 116X93,5CM LINES&RUSHES BLANCO
82559027;8,43654E+12;KIT PTA 116X93,5CM LINES&RUSHES ÓXIDO
82559029;8,43559E+12;KIT PTA 116X93,5CM GALAXY BCO DOORSELF
82559030;8,43559E+12;KIT PTA 116X93,5CM GALAXY ÓXIDO DOORSELF
82559031;8,43559E+12;KIT PTA 116X93,5CM GALAXY GRIS FORJA
82559033;8,43654E+12;KIT PTA 116X93,5CM LINES&RUSHES GR FORJA
82559047;8,43559E+12;KIT PTA 116X93,5CM GALAXY NEGRO DOORSELF
82613095;8,43559E+12;PTA 1X1,5M BLIND NEGRO DOORSELF
82613096;8,43559E+12;PTA 1X1,5M BLIND BLANCO DOORSELF
82613097;8,43559E+12;PTA 1X1,5M BLIND ÓXIDO DOORSELF
82613098;8,43559E+12;PTA 1X1,5M BLIND GRIS FORJA DOORSELF
82613101;8,43559E+12;PTA 1X2M BLIND NEGRO DOORSELF
82613102;8,43559E+12;PTA 1X2M BLIND BLANCO DOORSELF
82613103;8,43559E+12;PTA 1X2M BLIND ÓXIDO DOORSELF
82613104;8,43559E+12;PTA 1X2M BLIND GRIS FORJA DOORSELF
82613107;8,43559E+12;KIT PTA 116X93,5CM BLIND NEGRO DOORSELF
82613108;8,43559E+12;KIT PTA 116X93,5CM BLIND BLANCO DOORSELF
82613109;8,43559E+12;KIT PTA 116X93,5CM BLIND ÓXIDO DOORSELF
82613110;8,43559E+12;KIT PTA 116X93,5CM BLIND GRIS FORJA
84608962;5,60093E+12;PUERTA PEATONAL 1000X1250MM EBRO BCO
84608963;5,60093E+12;PUERTA PEATONAL 1000X1800MM ERGES BCO
84608964;5,60093E+12;PUERTA PEATONAL 1000X1800MM ERGES GRIS
84608965;5,60093E+12;PUERTA PEATONAL 1MX1.5M ADAJA GR
84608966;5,60093E+12;PUERTA PEATONAL 1000X1580MM JARAMA GRIS
84608967;5,60093E+12;PUERTA PEATONAL 1000X1780MM JARAMA GRIS
93224314;8,43559E+12;KIT PTA 1160X935MM PRIVACY BLANCO DOORSE
93224315;8,43559E+12;KIT PTA 1160X935MM PRIVACY NEGRO DOORSEL
93224316;8,43559E+12;KIT PTA 1160X935MM PRIVACY OXIDO DOORSEL
93224317;8,43559E+12;PTA 1X1,5M PRIVACY BLANCO DOORSELF
93224318;8,43559E+12;PTA 1X1,5M PRIVACY GRIS FORJA DOORSELF
93224319;8,43559E+12;PTA 1X1,5M PRIVACY NEGRO DOORSELF
93224320;8,43559E+12;KIT PTA 1160X935MM PRIVACY GRIS FORJA
93224321;8,43559E+12;PTA 1X1,5M PRIVACY OXIDO DOORSELF
93224322;8,43559E+12;PTA 1X2M PRIVACY GRIS FORJA DOORSELF
93224323;8,43559E+12;PTA 1X2M PRIVACY BLANCO DOORSELF
93224324;8,43559E+12;PTA 1X2M PRIVACY OXIDO DOORSELF
93224325;8,43559E+12;PTA 1X2M PRIVACY NEGRO DOORSELF
82059302;8,43655E+12;PUERTA VALLA COMPOSITE 65X76CM
82059303;8,43655E+12;PUERTA VALLA PVC 93X100CM
89574728;8,43655E+12;PACK 6 LAMAS VALLA ALUMINIO COLOR ÓXIDO
89574730;8,43655E+12;PACK 6 LAMAS VALLA COMPOSITE MARRÓN TEKA
95576795;5,40701E+12;PUERTA ALU/COMPOSITE 1MX1M85 ANTRACITA
95576796;5,40701E+12;POSTE ALU 100X100 ALT2600 RAL7016
12950759;3,59874E+12;PUERTA PONY 100X100CM CLASE III
14658532;3,70043E+12;PUERTA HURRICANE 80X100CM
16832711;3,59874E+12;PUERTA CLELIA 70X100CM
17542511;3,59874E+12;PUERTA PIKA 80X100CM CLASE III
83321264;3,59874E+12;PUERTA MUSTANG 100X100CM E30MM + BLISTER
83321265;3,59874E+12;PUERTA MUSTANG 80X100CM
83321266;3,59874E+12;PUERTA MUSTANG 100X100CM E30MM MRR BLIST
17709314;8,43654E+12;PTA CORREDERA 3,5X2M LINES NEGRO
17709342;8,43654E+12;PTA CORREDERA 3,5X2M LINES BLANCO
17709356;8,43654E+12;PTA CORREDERA 3,5X2M LINES ÓXIDO
17709363;8,43654E+12;PTA CORREDERA 3,5X2M LINES GRIS FORJA
17709405;8,43654E+12;PTA CORREDERA 3,5X2M PARALLELS NEGRO
17709426;8,43654E+12;PTA CORREDERA 3,5X2M PARALLELS BLANCO
17709433;8,43654E+12;PTA CORREDERA 3,5X2M PARALLELS ÓXIDO
17709440;8,43654E+12;PTA CORREDERA 3,5X2M PARALLELS GR FORJA
17709531;8,43654E+12;PTA CORREDERA 3,5X2M TETRIS UP NEGRO
17709552;8,43654E+12;PTA CORREDERA 3,5X2M TETRIS UP BLANCO
17709566;8,43654E+12;PTA CORREDERA 3,5X2M TETRIS UP ÓXIDO
17709573;8,43654E+12;PTA CORREDERA 3,5X2M TETRIS UP GR FORJA
17709580;8,43654E+12;PTA CORREDERA 3,5X2M SQUARE UP GRANATE
17709594;8,43654E+12;PTA CORREDERA 3,5X2M SQUARE UP NEGRO
17709601;8,43654E+12;PTA CORREDERA 3,5X2M SQUARE UP VERDE
17709615;8,43654E+12;PTA CORREDERA 3,5X2M SQUARE UP BLANCO
17709622;8,43654E+12;PTA CORREDERA 3,5X2M SQUARE UP ÓXIDO
17709636;8,43654E+12;PTA CORREDERA 3,5X2M SQUARE UP GR FORJA
17709650;8,43654E+12;PTA CORREDERA 4X2M LINES NEGRO
17709671;8,43654E+12;PTA CORREDERA 4X2M LINES BLANCO
17709685;8,43654E+12;PTA CORREDERA 4X2M LINES ÓXIDO
17709692;8,43654E+12;PTA CORREDERA 4X2M LINES GRIS FORJA
17711260;8,43654E+12;PTA CORREDERA 4X2M PARALLELS NEGRO
17711281;8,43654E+12;PTA CORREDERA 4X2M PARALLELS BLANCO
17711295;8,43654E+12;PTA CORREDERA 4X2M PARALLELS ÓXIDO
17711302;8,43654E+12;PTA CORREDERA 4X2M PARALLELS GRIS FORJA
17711386;8,43654E+12;PTA CORREDERA 4X2M TETRIS UP NEGRO
17711393;8,43654E+12;PTA CORREDERA 4X2M TETRIS UP VERDE
17711414;8,43654E+12;PTA CORREDERA 4X2M TETRIS UP BLANCO
17711421;8,43654E+12;PTA CORREDERA 4X2M TETRIS UP ÓXIDO
17711442;8,43654E+12;PTA CORREDERA 4X2M TETRIS UP GRIS FORJA
17711463;8,43654E+12;PTA CORREDERA 4X2M SQUARE UP NEGRO
17711484;8,43654E+12;PTA CORREDERA 4X2M SQUARE UP BLANCO
17711491;8,43654E+12;PTA CORREDERA 4X2M SQUARE UP ÓXIDO
17711512;8,43654E+12;PTA CORREDERA 4X2M SQUARE UP GRIS FORJA
17712254;8,43654E+12;PTA CORREDERA 3,5X2M+PTA LINES NEGRO
17712275;8,43654E+12;PTA CORREDERA 3,5X2M+PTA LINES BLANCO
17712282;8,43654E+12;PTA CORREDERA 3,5X2M+PTA LINES ÓXIDO
17712296;8,43654E+12;PTA CORREDERA 3,5X2M+PTA LINES GR FORJA
17712324;8,43654E+12;PTA CORREDERA 3,5X2M+PTA PARALLELS NEGRO
17712380;8,43654E+12;PTA CORREDERA 3,5X2M+PTA PARALLELS BCO
17712401;8,43654E+12;PTA CORREDERA 3,5X2M+PTA PARALLELS ÓXIDO
17712415;8,43654E+12;PTA CORRED 3,5X2M+PTA PARALLELS GR FORJA
17712541;8,43654E+12;PTA CORREDERA 3,5X2M+PTA TETRIS UP NEGRO
17712562;8,43654E+12;PTA CORREDERA 3,5X2M+PTA TETRIS UP BCO
17712576;8,43654E+12;PTA CORREDERA 3,5X2M+PTA TETRIS UP ÓXIDO
17712590;8,43654E+12;PTA CORRED 3,5X2M+PTA TETRIS UP GR FORJA
17712786;8,43654E+12;PTA CORREDERA 3,5X2M+PTA SQUARE UP NEGRO
17712800;8,43654E+12;PTA CORREDERA 3,5X2M+PTA SQUARE UP BCO
17712821;8,43654E+12;PTA CORREDERA 3,5X2M+PTA SQUARE UP ÓXIDO
17712835;8,43654E+12;PTA CORRED 3,5X2M+PTA SQUARE UP GR FORJA
17712856;8,43654E+12;PTA CORREDERA 4X2M+PTA LINES NEGRO
17712870;8,43654E+12;PTA CORREDERA 4X2M+PTA LINES BLANCO
17712884;8,43654E+12;PTA CORREDERA 4X2M+PTA LINES ÓXIDO
17712891;8,43654E+12;PTA CORREDERA 4X2M+PTA LINES GRIS FORJA
17712926;8,43654E+12;PTA CORREDERA 4X2M+PTA PARALLELS NEGRO
17712940;8,43654E+12;PTA CORREDERA 4X2M+PTA PARALLELS BLANCO
17712954;8,43654E+12;PTA CORREDERA 4X2M+PTA PARALLELS ÓXIDO
17712961;8,43654E+12;PTA CORREDER 4X2M+PTA PARALLELS GR FORJA
17713052;8,43654E+12;PTA CORREDERA 4X2M+PTA TETRIS UP NEGRO
17713073;8,43654E+12;PTA CORREDERA 4X2M+PTA TETRIS UP BLANCO
17713094;8,43654E+12;PTA CORREDERA 4X2M+PTA TETRIS UP ÓXIDO
17713101;8,43654E+12;PTA CORREDER 4X2M+PTA TETRIS UP GR FORJA
17713136;8,43654E+12;PTA CORREDERA 4X2M+PTA SQUARE UP NEGRO
17713150;8,43654E+12;PTA CORREDERA 4X2M+PTA SQUARE UP BLANCO
17713185;8,43654E+12;PTA CORREDERA 4X2M+PTA SQUARE UP ÓXIDO
17713192;8,43654E+12;PTA CORRED 4X2M Y PTA SQUARE UP GR FORJA
66816015;3,70005E+12;PTA. BATI KLOSUP CONCARNEAU 3.5MX153 GR
68035303;3,70005E+12;PTA. CORR KLOSUP CONCARNEAU 3.5MX153 BL
68035310;3,70005E+12;PTA. CORR KLOSUP CONCARNEAU 3.5MX153 GR
68352466;3,70005E+12;PTA. PEATON KLOSUP CONCARNEAU 1MX153 BL
68352536;3,70005E+12;PTA. PEATON KLOSUP LAO 1MX170 BLANCO EDP
68352543;3,70005E+12;PTA. PEATONAL KLOSUP LAO 1MX170 GRIS EDP
68382594;3,70005E+12;PTA. PEATON KLOSUP CONCARNEAU 1MX153 GR
68423684;3,70005E+12;PTA. CORRED KLOSUP LAO 3.5MX170 GRIS EDP
68423712;3,70005E+12;PTA. CORREDE KLOSUP LAO 3.5MX170 BLC EDP
68474434;3,70005E+12;PTA. BATIENTKLOSUP LAO 3MX170 BLANCO EDP
68474462;3,70005E+12;PTA. BATIEN KLOSUP LAO 3.5MX170 GRIS EDP
68474476;3,70005E+12;PTA. BATIENT KLOSUP LAO 3.5MX170 BLC EDP
69172523;3,70005E+12;PTA. CORRED KLOSUP CONCARNEAU 4MX153 BL
69172530;3,70005E+12;PTA. CORRED KLOSUP CONCARNEAU 4MX153 GR
69172572;3,70005E+12;PTA. BATI KLOSUP CONCARNEAU 3.5MX153 BL
69172754;3,70005E+12;PTA.BATIEN KLOSU PENMARCH 3.5MX135GR EDP
69401192;5,60071E+12;PORTÓN CORREDERO EBRO 3500X1400 GRIS
69562773;3,70005E+12;PTA.BATIEN KLOSUP TREZ 3.5MX153 GRIS EDP
69562780;3,70005E+12;PTA. BATIEN KLOSUP TREZ 3.5MX153 BLC EDP
69562871;3,70005E+12;PTA. CORRE KLOSUP TREZ 3.5MX153 GRIS EDP
69574463;3,70005E+12;PTA.CORREDE KLOSUP TREZ 3.5MX153 BLC EDP
69601966;3,70005E+12;LAMA ALU KLOSUP COMPC L145XALT9CM GRIS
69691391;3,70005E+12;BISAGRA A MULTIFUNCION NEGRA 9005
70189910;3,70005E+12;PTA. CORREDERA KLOSUP LAO 4MX170 GRIS
70189931;3,70005E+12;PTA. CORREDERA KLOSUP LAO 4MX170 BLC
70190533;3,70005E+12;PTA. BATIENTE KLOSUP LAO 3MX170 GRIS EDP
70193172;3,70005E+12;PTA. PEATONAL KLOSUP TREZ 1MX153 BLC EDP
70193214;3,70005E+12;PTA. PEATONA KLOSUP TREZ 1MX153 GRIS EDP
70193284;3,70005E+12;PTA.PEATO KLOSUP PENMARCH 1MX135 BLC EDP
70193312;3,70005E+12;PTA.PEATON KLOSUP PENMARCH 1MX135 GR EDP
70281421;3,70005E+12;TAPA PROTECT POST KLOSUP ALT230CM GRIS
70690942;5,60093E+12;PORTÓN CORREDERO ERGES 3500X1800 GRIS
72376843;3,70005E+12;PTA.PEATONA MIXIT POLY HOR 1MX170 GR EDP
72376850;3,70005E+12;PTA.PEATONA MIXIT POLY VER 1MX170 GR EDP
72376864;3,70005E+12;PTA.PEATON MIXIT LIGNE VER 1MX170 GR EDP
72376871;3,70005E+12;PTA.PEATON MIXIT LIGNE HOR 1MX170 GR EDP
72377172;3,70005E+12;PTA.BATIENT MIXIT POLY HOR 3MX170 GR EDP
72377186;3,70005E+12;PTA.BATIEN MIXIT POLY HOR 3.5MX170GR EDP
72377193;3,70005E+12;PTA.CORRE MIXIT POLY HOR 3.5MX170 GR EDP
72377200;3,70005E+12;PTA. BATIENT MIXIT POLY VER 3MX170 GREDP
72377214;3,70005E+12;PTA.BATIEN MIXIT POLY VER 3.5MX170GR EDP
72377221;3,70005E+12;PTA.CORRE MIXIT POLY VER 3.5MX170 GR EDP
72377235;3,70005E+12;PTA. BATIEN MIXIT LIGNE VER 3MX170GR EDP
72377242;3,70005E+12;PTA.BATIE MIXIT LIGNE VER 3.5MX170GR EDP
72377256;3,70005E+12;PTA.CORR MIXIT LIGNE VER 3.5MX170 GR EDP
72377263;3,70005E+12;PTA.BATIEN MIXIT LIGNE HOR 3MX170 GR EDP
72377270;3,70005E+12;PTA.BATIE MIXIT LIGNE HOR 3.5MX170GR EDP
72377284;3,70005E+12;PTA.CORR MIXIT LIGNE HOR 3.5MX170 GR EDP
73102274;3,70005E+12;PTA.BATI KLOSUP PENMARCH 3.5MX135 BL EDP
73102372;3,70005E+12;PTA. CORREDERA KLOSUP TREZ 4MX153 BLC
73102386;3,70005E+12;PTA. CORREDERA KLOSUP TREZ 4MX153 GRIS
73102393;3,70005E+12;PTA.CORREDR KLOS PENMARCH 3.5MX135GR EDP
73102400;3,70005E+12;PTA.CORR KLOSUP PENMARCH 3.5MX135 BL EDP
73102414;3,70005E+12;PTA. CORRED KLOSUP PENMARCH 4MX135 GRIS
73102421;3,70005E+12;PTA. CORRED KLOSUP PENMARCH 4MX135 BLC
73103121;3,70005E+12;LAMA ALU KLOSUP COMPC L145XALT9CM BLANCA
75264266;3,70005E+12;PTA. BATI KLOSUP CONCARNEAU 3.5MX184 GR
75264273;3,70005E+12;PTA. BATIEN KLOSUP CONCARNEAU 4MX153 GR
75264301;3,70005E+12;PTA. BATIENTE KLOSUP LAO 4MX170 GRIS EDP
75264350;3,70005E+12;PTA. CORR KLOSUP CONCARNEAU 3.5MX184 GR
75264882;3,70005E+12;TAPA PROTECT POST KLOSUP ALT230CM BLANCO
75265071;3,70005E+12;PTA. CORRED KLOSUP CONCARNEAU 4MX184 GR
75852343;3,70005E+12;PTA. PEATON KLOSUP CONCARNEAU 1MX184 GR
80091802;3,70005E+12;PTA. BATIENTE KLOSUP LAO 3MX155 GRIS EDP
80091816;3,70005E+12;PTA. BATIEN KLOSUP LAO 3MX155 BLANCO EDP
80091823;3,70005E+12;PTA. BATIENTE ALU LAO 3MX155 N2100S
80091844;3,70005E+12;PTA. BATIENTE ALU LAO 3MX170 N2100S
80091900;3,70005E+12;PTA. BATIEN KLOSUP CONCARNEAU 3MX184 GR
80091914;3,70005E+12;PTA. BATIEN KLOSUP CONCARNEAU 3MX184 BL
80091921;3,70005E+12;PTA. BAT KLOSUP CONCARNEAU 3MX184 N2100S
80091942;3,70005E+12;PTA. BATIEN KLOSUP CONCARNEAU 3MX153 GR
80091956;3,70005E+12;PTA. BATIEN KLOSUP CONCARNEAU 3MX153 BL
80091963;3,70005E+12;PTA. BAT KLOSUP CONCARNEAU 3MX153 N2100S
80091984;3,70005E+12;P.BATIENTE KLOSUP PENMARCH 3MX155 GR
80091991;3,70005E+12;PTA.BATIEN KLOSUP PENMARCH 3MX155 BL EDP
80092005;3,70005E+12;PTA.BATIENTE PENMARCH 3MX155 N2100S
80092026;3,70005E+12;PTA.BATIEN KLOSUP PENMARCH 3MX135 GR EDP
80092033;3,70005E+12;PTA.BATIE KLOSUP PENMARCH 3MX135 BL EDP
80092040;3,70005E+12;PTA.BATIENT ALU PENMARCH 3MX135 N2100S
80092306;3,70005E+12;PTA. BATIENT KLOSUP TREZ 3MX173 GRIS EDP
80092313;3,70005E+12;PTA. BATIENTE KLOSUP TREZ 3MX173 BLC EDP
80092320;3,70005E+12;PTA. BATIENTE ALU TREZ 3MX173 N2100S
80092341;3,70005E+12;PTA. BATIENT KLOSUP TREZ 3MX153 GRIS EDP
80092355;3,70005E+12;PTA. BATIENTE KLOSUP TREZ 3MX153 BLC EDP
80092362;3,70005E+12;PTA. BATIENTE ALU TREZ 3MX153 N2100S
80092425;3,70005E+12;PTA. BATIEN KLOSUP LAO 3.5MX155 GRIS EDP
80092432;3,70005E+12;PTA. BATIENT KLOSUP LAO 3.5MX155 BLC EDP
80092446;3,70005E+12;PTA. BATIENTE ALU LAO 3.5MX155 N2100S
80092460;3,70005E+12;PTA. BATIENTE ALU LAO 3.5MX170 N2100S
80092516;3,70005E+12;PTA. BATI KLOSUP CONCARNEAU 3.5MX184 BL
80092523;3,70005E+12;PTA. BAT KLOS CONCARNEAU 3.5MX184 N2100S
80092544;3,70005E+12;PTA. BAT KLOS CONCARNEAU 3.5MX153 N2100S
80092565;3,70005E+12;P.BATIEN KLOSUP PENMARCH 3.5MX155 GR
80092572;3,70005E+12;PTA.BATI KLOSUP PENMARCH 3.5MX155 BL EDP
80092586;3,70005E+12;PTA.BATIENTE PENMARCH 3.5MX155 N2100S
80092600;3,70005E+12;PTA.BATIE ALU PENMARCH 3.5MX135 N2100S
80092824;3,70005E+12;PTA.BATIEN KLOSUP TREZ 3.5MX173 GRIS EDP
80092831;3,70005E+12;PTA. BATIEN KLOSUP TREZ 3.5MX173 BLC EDP
80092845;3,70005E+12;PTA.BATIENTE ALU TREZ 3.5MX173 N2100S
80092866;3,70005E+12;PTA. BATIENTE ALU TREZ 3.5MX153 N2100S
80092922;3,70005E+12;PTA. BATIENTE KLOSUP LAO 4MX155 GRIS EDP
80092936;3,70005E+12;PTA. BATIEN KLOSUP LAO 4MX155 BLANCO EDP
80092943;3,70005E+12;PTA. BATIENTE ALU LAO 4MX155 N2100S
80092964;3,70005E+12;PTA. BATIENTE KLOSUP LAO 4MX170 BLC EDP
80092971;3,70005E+12;PTA. BATIENTE ALU LAO 4MX170 N2100S
80093034;3,70005E+12;PTA. BATIEN KLOSUP CONCARNEAU 4MX184 GR
80093041;3,70005E+12;PTA. BATIEN KLOSUP CONCARNEAU 4MX184 BL
80093055;3,70005E+12;PTA. BAT KLOSUP CONCARNEAU 4MX184 N2100S
80093076;3,70005E+12;PTA. BATIEN KLOSUP CONCARNEAU 4MX153 BL
80093083;3,70005E+12;PTA. BAT KLOSUP CONCARNEAU 4MX153 N2100S
80093104;3,70005E+12;P. BATIEN KLOSUP PENMARCH 4MX155 GRI
80093111;3,70005E+12;PTA. BATI KLOSUP PENMARCH 4MX155 BLC EDP
80093125;3,70005E+12;PTA. BATIENTE PENMARCH 4MX155 N2100S
80093146;3,70005E+12;PTA. BATIEN KLOSU PENMARCH 4MX135 GR EDP
80093153;3,70005E+12;PTA. BATI KLOSUP PENMARCH 4MX135 BLC EDP
80093160;3,70005E+12;PTA.BATIENT ALU PENMARCH 4MX135 N2100S
80093426;3,70005E+12;PTA. BATIENT KLOSUP TREZ 4MX173 GRIS EDP
80093433;3,70005E+12;PTA. BATIENTE KLOSUP TREZ 4MX173 BLC EDP
80093440;3,70005E+12;PTA. BATIENTE ALU TREZ 4MX173 N2100S
80093461;3,70005E+12;PTA. BATIENT KLOSUP TREZ 4MX153 GRIS EDP
80093475;3,70005E+12;PTA. BATIENTE KLOSUP TREZ 4MX153 BLC EDP
80093482;3,70005E+12;PTA. BATIENTE ALU TREZ 4MX153 N2100S
80093615;3,70005E+12;PTA. CORRED KLOSUP LAO 3.5MX155 GRIS EDP
80093622;3,70005E+12;PTA. CORREDER KLOSUP LAO 3.5MX155 BL EDP
80093636;3,70005E+12;PTA. CORREDERA ALU LAO 3.5MX155 N2100S
80093650;3,70005E+12;PTA. CORREDERA ALU LAO 3.5MX170 N2100S
80093706;3,70005E+12;PTA. CORR KLOSUP CONCARNEAU 3.5MX184 BL
80093713;3,70005E+12;PTA. COR KLO CONCARNEAU 3.5MX184 N2100S
80093734;3,70005E+12;PTA. COR KLO CONCARNEAU 3.5MX153 N2100S
80093755;3,70005E+12;P.CORRED KLOSUP PENMARCH 3.5MX155 GR
80093762;3,70005E+12;PTA.CORR KLOSUP PENMARCH 3.5MX155 BL EDP
80093776;3,70005E+12;PTA.CORREDERA PENMARCH 3.5MX155 N2100S
80093790;3,70005E+12;PTA.CORRE ALU PENMARCH 3.5MX135 N2100S
80094014;3,70005E+12;PTA.CORREDE KLOSUP TREZ 3.5MX173GRIS EDP
80094021;3,70005E+12;PTA.CORREDE KLOSUP TREZ 3.5MX173 BLC EDP
80094035;3,70005E+12;PTA.CORREDERA ALU TREZ 3.5MX173 N2100S
80094056;3,70005E+12;PTA.CORREDERA ALU TREZ 3.5MX153 N2100S
80094112;3,70005E+12;PTA. CORREDERA KLOSUP LAO 4MX155 GRIS
80094126;3,70005E+12;PTA. CORREDERA KLOSUP LAO 4MX155 BLC
80094133;3,70005E+12;PTA.CORREDERA KLOSUP LAO 4MX155 N2100S
80094154;3,70005E+12;PTA. CORREDERA KLOSUP LAO 4MX170 N2100S
80094210;3,70005E+12;PTA. CORRED KLOSUP CONCARNEAU 4MX184 BL
80094224;3,70005E+12;PTA. COR KLOSU CONCARNEAU 4MX184 N2100S
80094245;3,70005E+12;PTA.COR KLOSU CONCARNEAU 4MX153 N2100S
80094266;3,70005E+12;PTA. CORRED KLOSUP PENMARCH 4MX155 GRIS
80094273;3,70005E+12;PTA. CORRED KLOSUP PENMARCH 4MX155 BLC
80094280;3,70005E+12;PTA. CORR KLOSUP PENMARCH 4MX155 N2100S
80094301;3,70005E+12;PTA. CORR KLOSUP PENMARCH 4MX135 N2100S
80094546;3,70005E+12;PTA. CORREDERA KLOSUP TREZ 4MX173 GRIS
80094553;3,70005E+12;PTA. CORREDERA KLOSUP TREZ 4MX173 BLC
80094560;3,70005E+12;PTA. CORREDER KLOSUP TREZ 4MX173 N2100S
80094581;3,70005E+12;PTA. CORREDER KLOSUP TREZ 4MX153 N2100S
80094924;3,70005E+12;PTA. PEATONAL KLOSUP LAO 1MX155 GRIS EDP
80094931;3,70005E+12;PTA. PEATON KLOSUP LAO 1MX155 BLANCO EDP
80094945;3,70005E+12;PTA. PEATONAL ALU LAO 1MX155 N2100S
80094966;3,70005E+12;PTA. PEATONAL ALU LAO 1MX170 N2100S
80095015;3,70005E+12;PTA. PEATON KLOSUP CONCARNEAU 1MX184 BL
80095022;3,70005E+12;PTA. PEA KLOSUP CONCARNEAU 1MX184 N2100S
80095043;3,70005E+12;PTA. PEA KLOSUP CONCARNEAU 1MX153 N2100S
80095064;3,70005E+12;P.PEATONAL KLOSUP PENMARCH 1MX155 GR
80095071;3,70005E+12;PTA.PEATON KLOSUP PENMARCH 1MX155 BL EDP
80095085;3,70005E+12;PTA.PEATONAL PENMARCH 1MX155 N2100S
80095106;3,70005E+12;PTA.PEATONA ALU PENMARCH 1MX135 N2100S
80095323;3,70005E+12;PTA. PEATONA KLOSUP TREZ 1MX173 GRIS EDP
80095330;3,70005E+12;PTA. PEATONAL KLOSUP TREZ 1MX173 BLC EDP
80095344;3,70005E+12;PTA. PEATONAL ALU TREZ 1MX173 N2100S
80095365;3,70005E+12;PTA. PEATONAL ALU TREZ 1MX153 N2100S
80118249;3,70005E+12;PTA. BATIENTE KLOSUP CARNAC 3MX148 GR
80118250;3,70005E+12;PTA. BATIEN KLOSUP CARNAC 3MX148 N2100S
80118255;3,70005E+12;PTA. BATIENT KLOSUP CARNAC 3.5MX148 GR
80118256;3,70005E+12;PTA.BATI KLOSUP CARNAC 3.5MX148 N2100S
80118261;3,70005E+12;PTA. BATIENTE KLOSUP BONO 3MX153 GRIS
80118262;3,70005E+12;PTA. BATIENTE KLOSUP BONO 3MX153 N2100S
80118263;3,70005E+12;PTA. BATIENTE KLOSUP BONO 3MX170 GRIS
80118264;3,70005E+12;PTA. BATIENTE KLOSUP BONO 3MX170 N2100S
80118267;3,70005E+12;PTA. BATIENTE KLOSUP BONO 3.5MX153 GRIS
80118268;3,70005E+12;PTA. BATIEN KLOSUP BONO 3.5MX153 N2100S
80118269;3,70005E+12;PTA. BATIENTE KLOSUP BONO 3.5MX170 GRIS
80118270;3,70005E+12;PTA. BATIEN KLOSUP BONO 3.5MX170 N2100S
80118273;3,70005E+12;PTA. CORRED KLOSUP CARNAC 3.5MX148 GR
80118274;3,70005E+12;PTA. CORR KLOSUP CARNAC 3.5MX148 N2100S
80118279;3,70005E+12;PTA. CORRED KLOSUP CARNAC 4MX148 GR
80118280;3,70005E+12;PTA. CORRED KLOSUP CARNAC 4MX148 N2100S
80118285;3,70005E+12;PTA. CORREDERA KLOSUP BONO 3.5MX153 GR
80118286;3,70005E+12;PTA. CORRED KLOSUP BONO 3.5MX153 N2100S
80118287;3,70005E+12;PTA. CORREDERA KLOSUP BONO 3.5MX170 GR
80118288;3,70005E+12;PTA. CORRED KLOSUP BONO 3.5MX170 N2100S
80118291;3,70005E+12;PTA. CORREDERA KLOSUP BONO 4MX153 GRIS
80118292;3,70005E+12;PTA. CORREDER KLOSUP BONO 4MX153 N2100S
80118293;3,70005E+12;PTA. CORREDERA KLOSUP BONO 4MX170 GRIS
80118294;3,70005E+12;PTA. CORREDER KLOSUP BONO 4MX170 N2100S
80118303;3,70005E+12;PTA. PEATONAL KLOSUP CARNAC 1MX148 GR
80118304;3,70005E+12;PTA PEATONAL KLOSUP CARNAC 1MX148 N2100S
80118309;3,70005E+12;PTA. PEATONAL KLOSUP BONO 1MX153 GRIS
80118310;3,70005E+12;PTA. PEATONAL KLOSUP BONO 1MX153 N2100S
80118311;3,70005E+12;PTA. PEATONAL KLOSUP BONO 1MX170 GRIS
80118312;3,70005E+12;PTA. PEATONAL KLOSUP BONO 1MX170 N2100S
80118324;3,70005E+12;POSTE KLOSUP 18X18CM HT 2M GRIS EDP
80118325;3,70005E+12;POSTE KLOSUP 18X18CM HT 2,50M GRIS EDP
80118328;3,70005E+12;POSTE KLOSUP 18X18CM HT 2M BLANCO EDP
80118329;3,70005E+12;POSTE KLOSUP 18X18CM HT 2,50M BLANCO EDP
82007799;3,70005E+12;POSTE ALU KLOSUP 2 SALID ALT230CM GRIS
82007800;3,70005E+12;POSTE ALU KLOSUP 2 SALID ALT230CM BLANCO
82007801;3,70005E+12;CORREDERA ALU KLOSUP ALT230CM GRIS
82007802;3,70005E+12;CORREDERA ALU KLOSUP ALT230CM BLANCA
82019709;3,70005E+12;PTA. PEATONAL KLOSUP ZEF 1MX157 GRIS EDP
82019711;3,70005E+12;PTA. PEATONAL KLOSUP ZEF 1MX157 BLC EDP
82019715;3,70005E+12;PTA. PEATONAL KLOSUP ZEF 1MX188 GRIS EDP
82019716;3,70005E+12;PTA. PEATONAL KLOSUP ZEF 1MX188 BLC EDP
82019720;3,70005E+12;PTA. BATIENTE KLOSUP ZEF 3MX157 GRIS EDP
82019722;3,70005E+12;PTA. BATIENTE KLOSUP ZEF 3MX157 BLC EDP
82019726;3,70005E+12;PTA. BATIENTE KLOSUP ZEF 3MX188 GRIS EDP
82019728;3,70005E+12;PTA. BATIENTE KLOSUP ZEF 3MX188 BLC EDP
82019731;3,70005E+12;PTA. BATIEN KLOSUP ZEF 3.5MX157 GRIS EDP
82019733;3,70005E+12;PTA. BATIENT KLOSUP ZEF 3.5MX157 BLC EDP
82019737;3,70005E+12;PTA. BATIEN KLOSUP ZEF 3.5MX188 GRIS EDP
82019739;3,70005E+12;PTA. BATIENT KLOSUP ZEF 3.5MX188 BLC EDP
82019743;3,70005E+12;PTA.CORREDR KLOSUP ZEF 3.5MX157 GRIS EDP
82019744;3,70005E+12;PTA. CORREDE KLOSUP ZEF 3.5MX157 BLC EDP
82019748;3,70005E+12;PTA. CORRED KLOSUP ZEF 3.5MX188 GRIS EDP
82019750;3,70005E+12;PTA. CORREDE KLOSUP ZEF 3.5MX188 BLC EDP
82019754;3,70005E+12;PTA. CORREDERA KLOSUP ZEF 4MX157 GRIS
82019757;3,70005E+12;PTA. CORREDERA KLOSUP ZEF 4MX157 BLC
82019761;3,70005E+12;PTA. CORREDERA KLOSUP ZEF 4MX188 GRIS
82019763;3,70005E+12;PTA. CORREDERA KLOSUP ZEF 4MX188 BLC
82019824;3,70005E+12;PTA. PEATONAL KLOSUP LAO 1MX192 GRIS EDP
82019825;3,70005E+12;PTA. BATIENTE KLOSUP LAO 3MX192 GRIS EDP
82019827;3,70005E+12;PTA. BATIEN KLOSUP LAO 3.5MX192 GRIS EDP
82019829;3,70005E+12;PTA. BATIENTE KLOSUP LAO 4MX192 GRIS EDP
82019831;3,70005E+12;PTA.CORREDR KLOSUP LAO 3.5MX192 GRIS EDP
82019834;3,70005E+12;PTA. CORREDERA KLOSUP LAO 4MX192 GRIS
82019836;3,70005E+12;PTA. PEATONAL KLOSUP CARNAC 1MX176 GR
82019842;3,70005E+12;PTA. BATIENTE KLOSUP CARNAC 3MX176 GR
82019843;3,70005E+12;PTA. BATIENT KLOSUP CARNAC 3.5MX176 GR
82019845;3,70005E+12;PTA. CORRED KLOSUP CARNAC 3.5MX176 GR
82019847;3,70005E+12;PTA. CORRED KLOSUP CARNAC 4MX176 GR
82019848;3,70005E+12;PTA. PEATONAL ALU LAO 1MX192 N2100S
82019850;3,70005E+12;PTA. BATIENTE ALU LAO 3MX192 N2100S
82019851;3,70005E+12;PTA. BATIENTE ALU LAO 3.5MX192 N2100S
82019853;3,70005E+12;PTA. BATIENTE ALU LAO 4MX192 N2100S
82019855;3,70005E+12;PTA. CORREDERA ALU LAO 3.5MX192 N2100S
82019856;3,70005E+12;PTA. CORREDERA KLOSUP LAO 4MX192 N2100S
82019857;3,70005E+12;PTA PEATONAL KLOSUP CARNAC 1MX176 N2100S
82019858;3,70005E+12;PTA. BATIEN KLOSUP CARNAC 3MX176 N2100S
82019860;3,70005E+12;PTA. BATI KLOSUP CARNAC 3.5MX176 N2100S
82019861;3,70005E+12;PTA. CORR KLOSUP CARNAC 3.5MX176 N2100S
82019863;3,70005E+12;PTA. CORRED KLOSUP CARNAC 4MX176 N2100S
82019881;3,70005E+12;PTA. PEATON KLOSUP LAO 1MX192 BLANCO EDP
82019882;3,70005E+12;PTA. BATIEN KLOSUP LAO 3MX192 BLANCO EDP
82019884;3,70005E+12;PTA. BATIENTE KLOSUP LAO 3.5MX192 BL EDP
82019885;3,70005E+12;PTA. BATIEN KLOSUP LAO 4MX192 BLANCO EDP
82019887;3,70005E+12;PTA. CORREDE KLOSUP LAO 3.5MX192 BLC EDP
82019889;3,70005E+12;PTA. CORREDERA KLOSUP LAO 4MX192 BLC
82020024;3,70005E+12;POSTE ALU 18X18CM HT 2,00M N2100S
82020027;3,70005E+12;POSTE ALU 18X18CM HT 2,50M N2100S
82126375;8,43654E+12;KIT MOTORIZACION PTA. CORREDERA DOORSELF
82331923;3,70005E+12;10 SEMICLIP APERSI POST ALU KLOSUP N2100
82331924;3,70005E+12;LAMA ALU KLOSUP COMPC L145XALT9CM N2100S
82331925;3,70005E+12;LAMA ALU KLOSUP COMPC L145XAL15CM N2100S
82331926;3,70005E+12;10 SEPARADORES KLOSUP LAMA N2100S
82331927;3,70005E+12;LAMA ALU KLOSUP CALADA L145X9CM N2100S
82331928;3,70005E+12;TAPA PROTECT POST KLOSUP ALT230CM N2100S
82331929;3,70005E+12;10 CLIPS APERSIAN POST ALU KLOSUP N2100S
82331930;3,70005E+12;LAMA ALU KLOSUP PERSI L145XAL13CM N2100S
82331931;3,70005E+12;PERFIL U ACABADO KLOSUP L142CM N2100S
82331933;3,70005E+12;POSTE ALU KLOSUP 2 SALID ALT230CM N2100S
82331941;3,70005E+12;CORREDERA ALU KLOSUP ALT230CM N2100S
82331954;3,70005E+12;CONTERA PAR POST KLOSUP 2 SALIDAS N2100S
82331955;3,70005E+12;CONTERA PARA CORREDERA KLOSUP N2100S
82331956;3,70005E+12;BASE FIJACION N2100S POST KLOSUP SALIDAS
82343141;3,70005E+12;TAPA PROTECT POSTE KLOSUP ALT120CM GRI
82343142;3,70005E+12;TAPA PROTECT POST KLOSUP ALT120CM BLANCA
82343151;3,70005E+12;POSTE ALU KLOSUP 2 SALID ALT120CM N2100S
82343152;3,70005E+12;TAPA PROTECT POST KLOSUP ALT120CM N2100S
82343153;3,70005E+12;CORREDERA ALU KLOSUP ALT120CM N2100S
82343219;3,70005E+12;TOPE DE PUERTA PEATONAL BLANCO 9016 EDP
82343221;3,70005E+12;TOPE DE PUERTA NEGRO 9005 EDP
82343235;3,70005E+12;POSTE KLOSUP PLETINA 10X10 HT1,40MGR EDP
82343238;3,70005E+12;POSTE KLOSUP PLETINA 10X10 HT1,68MGR EDP
82343240;3,70005E+12;POSTE KLOSUP PLETINA 10X10 HT1,85MGR EDP
82343242;3,70005E+12;POSTE KLOSUP 10X10PLETINA HT1,40MBLC EDP
82343244;3,70005E+12;POSTE KLOSUP 10X10PLETINA HT1,68MBLC EDP
82343246;3,70005E+12;POSTE KLOSUP 10X10PLETINA HT1,85MBLC EDP
82371567;5,60093E+12;PORTÓN CORREDERO JARAMA 3500X1580 GRIS
82372198;3,70005E+12;SOPORTE DE TOPE DE PUERTA BLANC 9016 EDP
82372200;3,70005E+12;SOPORTE DE TOPE DE PUERTA NEGRO 9005 EDP
82387388;3,70005E+12;PTA. PEATONAL KLOSUP BONO 1MX170 BLC
82387494;3,70005E+12;PTA. PEATONAL KLOSUP BONO 1MX153 BLC
82387871;3,70005E+12;PTA. BATIENTE KLOSUP BONO 3.5MX153 BLC
82387898;3,70005E+12;PTA. BATIENTE KLOSUP BONO 3MX170 BLC
82387904;3,70005E+12;PTA. BATIENTE KLOSUP BONO 3MX153 BLC
82387921;3,70005E+12;PTA. BATIENTE KLOSUP BONO 3.5MX170 BLC
82387940;3,70005E+12;PTA. CORREDERA KLOSUP BONO 3.5MX170 BLC
82387949;3,70005E+12;PTA. CORREDERA KLOSUP BONO 3.5MX153 BLC
82387955;3,70005E+12;PTA. BATIENTE KLOSUP BONO 4MX153 N2100S
82387959;3,70005E+12;PTA. BATIENTE KLOSUP BONO 4MX170 GRIS
82387964;3,70005E+12;PTA. BATIENTE KLOSUP BONO 4MX170 BLC
82387966;3,70005E+12;PTA. CORREDERA KLOSUP BONO 4MX170 BLC
82387980;3,70005E+12;PTA. CORREDERA KLOSUP BONO 4MX153 BLC
82387994;3,70005E+12;PTA. BATIENTE KLOSUP BONO 4MX170 N2100S
82388009;3,70005E+12;PTA. BATIENTE KLOSUP BONO 4MX153 GRIS
82388013;3,70005E+12;PTA. BATIENTE KLOSUP BONO 4MX153 BLC
82407599;3,70005E+12;POSTE KLOSUP FIXIT 18X18 AL1,40MGRIS EDP
82407600;3,70005E+12;LDD POSTE KLOSUP FIXIT 18X18 HT1,68M GRI
82407601;3,70005E+12;POSTE KLOSUP FIXIT 18X18 AL1,85MGRIS EDP
82407602;3,70005E+12;POSTE KLOSUP FIXIT 18X18 AL1,40M BLC EDP
82407603;3,70005E+12;POSTE KLOSUP FIXIT 18X18 AL1,68M BLC EDP
82407604;3,70005E+12;POSTE KLOSUP FIXIT 18X18 AL1,85M BLC EDP
82407605;3,70005E+12;POSTE ALU FIXIT 18X18 HT1,40M N2100S
82407606;3,70005E+12;POSTE ALU FIXIT 18X18 HT1,68M N2100S
82407626;3,70005E+12;POSTE ALU FIXIT 18X18 HT1,85M N2100S
82407629;3,70005E+12;PERFIL OCULTACION P.PEATONAL AL2M GR EDP
82407631;3,70005E+12;PERFIL OCULTACION PUERT JARD AL2M BL EDP
82407633;3,70005E+12;PERFIL OCULTACION P.PEATO H2M N2100S
82407639;3,70005E+12;POSTE KLOSUP 10X10CM AL2M GRIS EDP
82407653;3,70005E+12;POSTE KLOSUP 10X10CM AL2,50M GRIS EDP
82407654;3,70005E+12;POSTE KLOSUP 10X10CM AL2M BLANCO EDP
82407655;3,70005E+12;POSTE KLOSUP 10X10CM AL2,50M BLANCO EDP
82407656;3,70005E+12;POSTE ALU 10X10CM HT 2,00M N2100S
82407657;3,70005E+12;POSTE ALU 10X10CM HT 2,50M N2100S
82407661;3,70005E+12;POSTE ALU PLETI 10X10 HT1,40M N2100S
82407662;3,70005E+12;POSTE ALU PLETI 10X10 HT1,68M N2100S
82407663;3,70005E+12;POSTE ALU PLETI 10X10 HT1,85M N2100S
82502336;3,70005E+12;CERRADURA SUPERFIC PUERTA COR MAN NE EDP
82502360;3,70005E+12;PERFIL RECEPTION P. CORREDERA H2M GR EDP
82502363;3,70005E+12;PERFIL RECEPTION P. CORREDERA BL EDP
82502364;3,70005E+12;PERFIL RECEPTION P.CORREDERA N2100S
82531422;3,70005E+12;CERRADURA SUPERFIC PUERTA COR MAN BL EDP
82558854;8,43654E+12;PTA CORREDERA 3,5X2M BLIND NEGRO
82558855;8,43654E+12;PTA CORREDERA 3,5X2M BLIND BLANCO
82558856;8,43654E+12;PTA CORREDERA 3,5X2M BLIND ÓXIDO
82558857;8,43654E+12;PTA CORREDERA 3,5X2M BLIND GRIS FORJA
82558860;8,43654E+12;PTA CORREDERA 4X2M BLIND NEGRO
82558861;8,43654E+12;PTA CORREDERA 4X2M BLIND BLANCO
82558862;8,43654E+12;PTA CORREDERA 4X2M BLIND ÓXIDO
82558863;8,43654E+12;PTA CORREDERA 4X2M BLIND GRIS FORJA
82558865;8,43654E+12;PTA CORREDERA 4X2M+PTA BLIND ÓXIDO
82558866;8,43654E+12;PTA CORREDERA 4X2M+PTA BLIND GRIS FORJA
82558870;8,43654E+12;PTA CORRED. 3,5X2M+PTA LINES&RUSHES GR F
82558873;8,43654E+12;PTA CORREDERA 4X2M+PTA LINES&RUSHES NEGR
82558874;8,43654E+12;PTA CORREDERA 4X2M+PTA LINES&RUSHES BLAN
82558875;8,43654E+12;PTA CORREDER 4X2M+PTA LINES&RUSHES ÓXIDO
82558877;8,43654E+12;PTA CORREDERA 3,5X2M+PTA BLIND NEGRO
82558880;8,43654E+12;PTA CORREDERA 3,5X2M LINES&RUSHES NEGRO
82558881;8,43654E+12;PTA CORREDERA 3,5X2M LINES&RUSHES BLANCO
82558882;8,43654E+12;PTA CORREDERA 3,5X2M LINES&RUSHES ÓXIDO
82558883;8,43654E+12;PTA CORREDERA 3,5X2M+PTA BLIND BLANCO
82558884;8,43654E+12;PTA CORREDERA 3,5X2M+PTA BLIND ÓXIDO
82558885;8,43654E+12;PTA CORREDER 3,5X2M+PTA BLIND GRIS FORJA
82558888;8,43654E+12;PTA CORREDERA 4X2M+PTA BLIND NEGRO
82558889;8,43654E+12;PTA CORREDERA 4X2M+PTA BLIND BLANCO
82558894;8,43654E+12;PTA CORREDE 3,5X2M LINES&RUSHES GR FORJA
82558898;8,43559E+12;PTA CORREDERA 3,5X2M GALAXY NEGRO
82558899;8,43559E+12;PTA CORREDERA 3,5X2M GALAXY BLANCO
82558900;8,43559E+12;PTA CORREDERA 3,5X2M GALAXY ÓXIDO
82558901;8,43559E+12;PTA CORREDERA 3,5X2M GALAXY GRIS FORJA
82558904;8,43559E+12;PTA CORREDERA 4X2M GALAXY NEGRO
82558905;8,43559E+12;PTA CORREDERA 4X2M GALAXY BLANCO
82558906;8,43559E+12;PTA CORREDERA 4X2M GALAXY ÓXIDO
82558907;8,43654E+12;PTA CORREDERA 4X2M LINES&RUSHES NEGRO
82558908;8,43654E+12;PTA CORREDERA 4X2M LINES&RUSHES BLANCO
82558909;8,43654E+12;PTA CORREDERA 4X2M LINES&RUSHES ÓXIDO
82558911;8,43559E+12;PTA CORREDERA 3,5X2M+PTA GALAXY BLANCO
82558912;8,43559E+12;PTA CORREDERA 4X2M GALAXY GRIS FORJA
82558915;8,43559E+12;PTA CORREDERA 3,5X2M+PTA GALAXY NEGRO
82558916;8,43654E+12;PTA CORREDERA 4X2M LINES&RUSHES GR FORJA
82558919;8,43654E+12;PTA CORRED 3,5X2M+PTA LINES&RUSHES NEGRO
82558920;8,43654E+12;PTA CORREDERA 3,5X2M+PTA LINES&RUSH BCO
82558921;8,43654E+12;PTA CORRED 3,5X2M+PTA LINES&RUSHES ÓXIDO
82558925;8,43559E+12;PTA CORREDERA 3,5X2M+PTA GALAXY ÓXIDO
82558935;8,43559E+12;PTA CORREDERA 3,5X2M+PTA GALAXY GR FORJA
82558944;8,43559E+12;PTA CORREDERA 4X2M+PTA GALAXY NEGRO
82558945;8,43559E+12;PTA CORREDERA 4X2M+PTA GALAXY BLANCO
82558946;8,43559E+12;PTA CORREDERA 4X2M+PTA GALAXY ÓXIDO
82558947;8,43559E+12;PTA CORREDERA 4X2M+PTA GALAXY GRIS FORJA
82586208;3,70005E+12;PERFIL OCULTACION P.BATIE H2M N2100S
82586212;3,70005E+12;PERFIL OCULTACION PUERTA BATI H2M BL EDP
82586213;3,70005E+12;PERFIL OCULTACION P. BATIENTE H2M GR EDP
82587315;8,43559E+12;PTA CORRED 4X2M+PTA LINES&RUSHE GR FORJA
82702672;3,70005E+12;PTA.PEATONA MIXIT PALM HOR 1MX170 GR EDP
82702673;3,70005E+12;PTA.PEATONA MIXIT PALM VER 1MX170 GR EDP
82702674;3,70005E+12;PTA.PEATON MIXIT PALM HOR 1MX170 BLC EDP
82702675;3,70005E+12;PTA.PEATONA MIXIT PALM VER 1MX170 BL EDP
82702676;3,70005E+12;PTA. BATIEN MIXIT PALM VER 3MX170 GR EDP
82702677;3,70005E+12;PTA.BATIEN MIXIT PALM VER 3.5MX170GR EDP
82702678;3,70005E+12;PTA.BATIENT MIXIT PALM HOR 3MX170 GR EDP
82702679;3,70005E+12;PTA.BATIEN MIXIT PALM HOR 3.5MX170GR EDP
82702680;3,70005E+12;PTA.BATIEN MIXIT PALM VER 3MX170 BLC EDP
82702681;3,70005E+12;PTA.BATIE MIXIT PALM VER 3.5MX170 BL EDP
82702682;3,70005E+12;PTA.BATIEN MIXIT PALM HOR 3MX170 BLC EDP
82702683;3,70005E+12;PTA.BATIE MIXIT PALM HOR 3.5MX170 BL EDP
82702684;3,70005E+12;PTA.CORRE MIXIT PALM VER 3.5MX170 BL EDP
82702685;3,70005E+12;PTA.CORRE MIXIT PALM VER 3.5MX170 GR EDP
82702686;3,70005E+12;PTA. CORRED MIXIT PALM VER 4MX170 BLC
82702687;3,70005E+12;PTA. CORRED MIXIT PALM VER 4MX170 GRIS
82702688;3,70005E+12;PTA.CORRE MIXIT PALM HOR 3.5MX170 BL EDP
82702689;3,70005E+12;PTA.CORRE MIXIT PALM HOR 3.5MX170 GR EDP
82702690;3,70005E+12;PTA. CORRED MIXIT PALM HOR 4MX170 BLC
82702691;3,70005E+12;PTA. CORRED MIXIT PALM HOR 4MX170 GRIS
82840529;3,70005E+12;LAMA ALU KLOSUP CALADA L145X16CM GRIS
82840537;3,70005E+12;LAMA ALU KLOSUP CALADA L145X16CM BLANCA
82840547;3,70005E+12;LAMA ALU KLOSUP CALADA L145X16CM N2100S
83089036;3,70005E+12;KIT DECO HOR SUPERIOR KLOSUP PALM N2100S
83184611;3,70005E+12;KIT DECO HORIZ SUPER KLOSUP LIGNE N2100S
83276366;3,70005E+12;KIT DECO HORI SUPER KLOSUP POLYGO N2100S
83396847;3,70005E+12;CUNA DE COMPENSACION PARA TOPE CENTR EDP
83396848;3,70005E+12;TUBO DE ACERO GALVANIZADO 30X30 H2M
83396879;3,70005E+12;POSTE KLOSUP SMARTIT AL2M GRIS EDP
83396880;3,70005E+12;POSTE SMARTIT AL2M BLANCO EDP
83396881;3,70005E+12;POSTE SMART IT HT 2000MM N2100S
83601814;3,70005E+12;PTA. PEATONAL ALU ZEF 1MX157 N2100S
83601820;3,70005E+12;PTA. PEATONAL ALU ZEF 1MX188 N2100S
83601826;3,70005E+12;PTA. BATIENTE ALU ZEF 3MX188 N2100S
83601838;3,70005E+12;PTA. BATIENTE ALU ZEF 3.5MX157 N2100S
83601844;3,70005E+12;PTA. CORREDERA KLOSUP ZEF 4MX188 N2100S
83601858;3,70005E+12;PTA. CORREDERA ALU ZEF 3.5MX157 N2100S
83601859;3,70005E+12;PTA. BATIENTE ALU ZEF 3.5MX188 N2100S
83601898;3,70005E+12;PTA. BATIENTE ALU ZEF 3MX157 N2100S
83601904;3,70005E+12;PTA. CORREDERA ALU ZEF 3.5MX188 N2100S
83601914;3,70005E+12;PTA. CORREDERA KLOSUP ZEF 4MX157 N2100S
83601933;3,70005E+12;PTA. CORRED MIXIT POLY HOR 4MX170 GRIS
83601934;3,70005E+12;PTA. CORRED MIXIT POLY VER 4MX170 GRIS
83601935;3,70005E+12;PTA. CORRED MIXIT LIGNE HOR 4MX170 GRIS
83601936;3,70005E+12;PTA. CORRED MIXIT LIGNE VER 4MX170 GRIS
84608968;5,60093E+12;PUERTA BATIENTE 3000X1250MM EBRO BCO
84608969;5,60093E+12;PUERTA BATIENTE 3500X1250MM EBRO BCO
84608970;5,60093E+12;PUERTA BATIENTE 3000X1800MM ERGES BCO
84608971;5,60093E+12;PUERTA BATIENTE 3500X1800MM ERGES BCO
84608973;5,60093E+12;PUERTA BATIENTE 3000X1800MM ERGES GRIS
84608976;5,60093E+12;PUERTA BATIENTE 3500X1800MM ERGES GRIS
84608978;5,60093E+12;PUERTA BATIENTE 3MX1.5M ADAJA GR
84608981;5,60093E+12;PUERTA BATIENTE 3.5MX1.5M ADAJA GR
84608983;5,60093E+12;PUERTA BATIENTE 3000X1580MM JARAMA GRIS
84608985;5,60093E+12;PUERTA BATIENTE 3500X1580MM JARAMA GRIS
84608987;5,60093E+12;PUERTA BATIENTE 3000X1780MM JARAMA GRIS
84608989;5,60093E+12;PUERTA BATIENTE 3500X1780MM JARAMA GRIS
85118259;3,70005E+12;PTA.PEATON MIXIT SYLVA HOR 1MX170 GR EDP
85118281;3,70005E+12;PTA.BATIE MIXIT SYLVA HOR 3.5MX170GR EDP
85189292;3,70005E+12;PTA. CORRED MIXIT SYLVA HOR 4MX170 GRIS
85189300;3,70005E+12;PTA.BATIE MIXIT SYLVA VER 3.5MX170GR EDP
85189303;3,70005E+12;TAPA PROTECT POST KLOSUP ALT187CM N2100S
85189317;3,70005E+12;CORREDERA ALU KLOSUP ALT187CM N2100S
85189336;3,70005E+12;TAPA PARA PLETINA KLOSUP N2100S
85189341;3,70005E+12;POSTE ALU KLOSUP 2 SALID ALT187CM N2100S
85189348;3,70005E+12;KIT DECO HORIZ SUPER KLOSUP SYLVA N2100S
85189356;3,70005E+12;PTA.CORR MIXIT SYLVA VER 3.5MX170 GR EDP
85189367;3,70005E+12;PTA. CORRED MIXIT SYLVA VER 4MX170 GRIS
85189369;3,70005E+12;PTA. BATIEN MIXIT SYLVA VER 3MX170GR EDP
85189372;3,70005E+12;PTA.PEATON MIXIT SYLVA VER 1MX170 GR EDP
85189382;3,70005E+12;PTA.CORR MIXIT SYLVA HOR 3.5MX170 GR EDP
85189387;3,70005E+12;PTA.BATIEN MIXIT SYLVA HOR 3MX170 GR EDP
85374968;5,60093E+12;PORTÓN CORREDERO ERGES 4000X1800 GRIS
85375073;5,60093E+12;PORTÓN CORREDERO EBRO 4000X1400 GRIS
87228486;5,60093E+12;ESTRUCTURA METÁLICA CON HOJAS 180X210X80
88975008;3,70005E+12;PTA.BATIE MIXIT SYLVA VER 3.5MX155GR EDP
88975011;3,70005E+12;PTA.BATIEN MIXIT SYLVA VER 3MX155 GR EDP
88975019;3,70005E+12;PERFIL ANGULO KLOSUP ALT186CM N2100S
88975052;3,70005E+12;PTA.PEATON MIXIT SYLVA VER 1MX155 GR EDP
88975064;3,70005E+12;PTA. CORRED MIXIT SYLVA VER 4MX155 GRIS
88975066;3,70005E+12;PTA.BATIE MIXIT SYLVA HOR 3MX155GRIS EDP
88975095;3,70005E+12;PTA.CORR MIXIT SYLVA HOR 3.5MX155 GR EDP
88975111;3,70005E+12;JUEGO 2 PIEZAS ALU ANTIRROBO KLOSUP BLC
88975163;3,70005E+12;2 TAPAS PARA PERFIL ANGULO KLOSUP N2100S
88975217;3,70005E+12;JUEGO 2 PIEZAS ALU ANTIRROBO KLOSUP GRIS
88975240;3,70005E+12;PTA.CORR MIXIT LIGNE HOR 3.5MX155 GR EDP
88975592;3,70005E+12;PTA. CORRED MIXIT LIGNE VER 4MX155 GRIS
88975593;3,70005E+12;PTA.CORR MIXIT LIGNE VER 3.5MX155 GR EDP
88975620;3,70005E+12;PTA. CORRED MIXIT LIGNE HOR 4MX155 GRIS
88975694;3,70005E+12;PTA. CORRED MIXIT PALM HOR 4MX155 GRIS
88975711;3,70005E+12;PTA. CORRED MIXIT SYLVA HOR 4MX155 GRIS
88975714;3,70005E+12;PTA.CORR MIXIT SYLVA VER 3.5MX155 GR EDP
88975719;3,70005E+12;PTA.CORRED IXIT POLY HOR 3.5MX155 GR EDP
88975722;3,70005E+12;PTA. CORRED MIXIT POLY HOR 4MX155 GRIS
88975728;3,70005E+12;PTA.CORRE MIXIT POLY VER 3.5MX155 GR EDP
88975735;3,70005E+12;PTA.CORRE MIXIT PALM HOR 3.5MX155 GR EDP
88975738;3,70005E+12;PTA.CORRE MIXIT PALM VER 3.5MX155 GR EDP
88975743;3,70005E+12;PTA. CORRED MIXIT PALM VER 4MX155 GRIS
88975746;3,70005E+12;PTA. CORRED MIXIT POLY VER 4MX155 GRIS
88975859;3,70005E+12;PTA.BATIE MIXIT LIGNE HOR 3MX155GRIS EDP
88975870;3,70005E+12;PTA.BATIEN MIXIT LIGNE VER 3MX155 GR EDP
88975874;3,70005E+12;PTA.BATIE MIXIT LIGNE VER 3.5MX155GR EDP
88975882;3,70005E+12;PTA.BATIEN MIXIT PALM VER 3.5MX155GR EDP
88975885;3,70005E+12;PTA.BATIE MIXIT LIGNE HOR 3.5MX155GR EDP
88975891;3,70005E+12;PTA.BATIE MIXIT SYLVA HOR 3.5MX155GR EDP
88975897;3,70005E+12;PTA.BATIEN MIXIT POLY HOR 3MX155GRIS EDP
88975898;3,70005E+12;PTA.BATIEN MIXIT POLY VER 3.5MX155GR EDP
88975907;3,70005E+12;PTA.BATIENT MIXIT PALM VER 3MX155 GR EDP
88975909;3,70005E+12;PTA.BATIEN MIXIT PALM HOR 3.5MX155GR EDP
88975911;3,70005E+12;PTA.BATIEN MIXIT POLY HOR 3.5MX155GR EDP
88975917;3,70005E+12;PTA.BATIEN MIXIT PALM HOR 3MX155GRIS EDP
88975931;3,70005E+12;PTA.PEATON MIXIT LIGNE HOR 1MX155 GR EDP
88975944;3,70005E+12;PTA.BATIENT MIXIT POLY VER 3MX155 GR EDP
88975955;3,70005E+12;PTA.PEATON MIXIT LIGNE VER 1MX155 GR EDP
88976015;3,70005E+12;PTA.PEATON MIXIT PALM VER 1MX155GRIS EDP
88976022;3,70005E+12;PTA.PEATON MIXIT POLY VER 1MX155GRIS EDP
88976031;3,70005E+12;PTA.PEATONA MIXIT PALM HOR 1MX155 GR EDP
88976036;3,70005E+12;PTA.PEATON MIXIT SYLVA HOR 1MX155 GR EDP
88976041;3,70005E+12;PTA.PEATONA MIXIT POLY HOR 1MX155 GR EDP
88976812;3,70005E+12;PERFIL ANGULO KLOSUP ALT119CM N2100S
88976813;3,70005E+12;JUEGO 2 PIEZAS ALU ANTIRROBO KLOS N2100S
93106161;3,70005E+12;BISAGRA A MULTIFUNCION GRIS 7016 EDP
93106162;3,70005E+12;CREMALLERA P.CORRE NO INSTAL 3.5M GR EDP
93106163;3,70005E+12;P.PEATONAL MIXIT PALM HOR 1MX155 BLC EDP
93106164;3,70005E+12;P.BATIENT MIXIT PALM HOR 3.5MX155 BL EDP
93106165;3,70005E+12;P.BATIENTE MIXIT PALM HOR 3MX155 BL EDP
93106166;3,70005E+12;P.CORRED MIXIT PALM HOR 3.5MX155 BLC EDP
93106167;3,70005E+12;P.BATIENTE MIXIT PALM VER 3MX155 BLC EDP
93106168;3,70005E+12;P.PEATONAL MIXIT PALM VER 1MX155 BLC EDP
93106169;3,70005E+12;P.BATIENT MIXIT PALM VER 3.5MX155 BL EDP
93106170;3,70005E+12;P.CORRED MIXIT PALM VER 3.5MX155 BLC EDP
93106171;3,70005E+12;P.PEATONAL MIXIT POLY HOR 1MX155 BLC EDP
93106172;3,70005E+12;P.BATIENTE MIXIT POLY HOR 3MX155 BLC EDP
93106173;3,70005E+12;P.CORRED MIXIT POLY HOR 3.5MX155 BLC EDP
93106174;3,70005E+12;P.PEATONAL MIXIT POLY HOR 1MX170 BLC EDP
93106175;3,70005E+12;P.BATIENT MIXIT POLY HOR 3.5MX155 BL EDP
93106176;3,70005E+12;P.BATIENT MIXIT POLY HOR 3.5MX170 BL EDP
93106177;3,70005E+12;P.BATIENTE MIXIT POLY HOR 3MX170 BLC EDP
93106178;3,70005E+12;P.CORRED MIXIT POLY HOR 3.5MX170 BLC EDP
93106179;3,70005E+12;P.PEATONAL MIXIT POLY VER 1MX155 BLC EDP
93106180;3,70005E+12;P.BATIENTE MIXIT POLY VER 3MX155 BLC EDP
93106181;3,70005E+12;P.BATIENT MIXIT POLY VER 3.5MX155 BL EDP
93106182;3,70005E+12;P.CORRED MIXIT POLY VER 3.5MX155 BLC EDP
93106183;3,70005E+12;P.PEATONAL MIXIT POLY VER 1MX170 BLC EDP
93106184;3,70005E+12;P.BATIENTE MIXIT POLY VER 3MX170 BLC EDP
93106185;3,70005E+12;P.CORRED MIXIT POLY VER 3.5MX170 BLC EDP
93106186;3,70005E+12;P.BATIENT MIXIT POLY VER 3.5MX170 BL EDP
93106187;3,70005E+12;P.PEATONA MIXIT LIGNE HOR 1MX155 BLC EDP
93106188;3,70005E+12;P.BATIENT MIXIT LIGNE HOR 3MX155 BLC EDP
93106189;3,70005E+12;P.CORRED MIXIT LIGNE HOR 3.5MX155 BL EDP
93106190;3,70005E+12;P.BATIEN MIXIT LIGNE HOR 3.5MX155 BL EDP
93106191;3,70005E+12;P.PEATONA MIXIT LIGNE HOR 1MX170 BLC EDP
93106192;3,70005E+12;P.BATIENT MIXIT LIGNE HOR 3MX170 BLC EDP
93106193;3,70005E+12;P.CORRED MIXIT LIGNE HOR 3.5MX170 BL EDP
93106194;3,70005E+12;P.BATIEN MIXIT LIGNE HOR 3.5MX170 BL EDP
93106195;3,70005E+12;P.BATIENT MIXIT LIGNE VER 3MX155 BLC EDP
93106196;3,70005E+12;P.BATIEN MIXIT LIGNE VER 3.5MX155 BL EDP
93106197;3,70005E+12;P.PEATONA MIXIT LIGNE VER 1MX155 BLC EDP
93106198;3,70005E+12;P.CORRED MIXIT LIGNE VER 3.5MX155 BL EDP
93106199;3,70005E+12;P.PEATONA MIXIT LIGNE VER 1MX170 BLC EDP
93106200;3,70005E+12;P.BATIENT MIXIT LIGNE VER 3MX170 BLC EDP
93106201;3,70005E+12;P.BATIEN MIXIT LIGNE VER 3.5MX170 BL EDP
93106202;3,70005E+12;P.CORRED MIXIT LIGNE VER 3.5MX170 BL EDP
93106203;3,70005E+12;P.PEATONA MIXIT SYLVA HOR 1MX155 BLC EDP
93106204;3,70005E+12;P.BATIEN MIXIT SYLVA HOR 3.5MX155 BL EDP
93106205;3,70005E+12;P.BATIENT MIXIT SYLVA HOR 3MX155 BLC EDP
93106206;3,70005E+12;P.CORRED MIXIT SYLVA HOR 3.5MX155 BL EDP
93106207;3,70005E+12;P.BATIENT MIXIT SYLVA HOR 3MX170 BLC EDP
93106208;3,70005E+12;P.PEATONA MIXIT SYLVA HOR 1MX170 BLC EDP
93106209;3,70005E+12;P.BATIEN MIXIT SYLVA HOR 3.5MX170 BL EDP
93106210;3,70005E+12;P.CORRED MIXIT SYLVA HOR 3.5MX170 BL EDP
93106211;3,70005E+12;P.PEATONA MIXIT SYLVA VER 1MX155 BLC EDP
93106212;3,70005E+12;P.BATIENT MIXIT SYLVA VER 3MX155 BLC EDP
93106213;3,70005E+12;P.BATIEN MIXIT SYLVA VER 3.5MX155 BL EDP
93106214;3,70005E+12;P.CORRED MIXIT SYLVA VER 3.5MX155 BL EDP
93106215;3,70005E+12;P.PEATONA MIXIT SYLVA VER 1MX170 BLC EDP
93106216;3,70005E+12;P.BATIENT MIXIT SYLVA VER 3MX170 BLC EDP
93106217;3,70005E+12;P.BATIEN MIXIT SYLVA VER 3.5MX170 BL EDP
93106218;3,70005E+12;P.CORRED MIXIT SYLVA VER 3.5MX170 BL EDP
93106219;3,70005E+12;CREMALLERA P.CORRE NO INSTAL 3.5M BL EDP
93106220;3,70005E+12;BISAGRA A MULTIFUNCION BLANCO 9016 EDP
93224326;8,43559E+12;PTA CORREDERA 3,5X2M PRIVACY BLANCO
93224327;8,43559E+12;PTA CORREDERA 3,5X2M PRIVACY GRIS FORJA
93224328;8,43559E+12;PTA CORREDERA 3,5X2M PRIVACY NEGRO
93224329;8,43559E+12;PTA CORREDERA 3,5X2M PRIVACY OXIDO
93224330;8,43559E+12;PTA CORREDERA 3,5X2M+PTA PRIVACY GRIS FO
93224331;8,43559E+12;PTA CORREDERA 3,5X2M+PTA PRIVACY NEGRO
93224332;8,43559E+12;PTA CORREDERA 3,5X2M+PTA PRIVACY OXIDO
93224333;8,43559E+12;PTA CORREDERA 4X2M PRIVACY BLANCO
93224334;8,43559E+12;PTA CORREDERA 4X2M PRIVACY GRIS FORJA
93224335;8,43559E+12;PTA CORREDERA 3,5X2M+PTA PRIVACY BLANCO
93224336;8,43559E+12;PTA CORREDERA 4X2M PRIVACY OXIDO
93224337;8,43559E+12;PTA CORREDERA 4X2M PRIVACY NEGRO
93224338;8,43559E+12;PTA CORREDERA 4X2M+PTA PRIVACY GRIS FORJ
93224339;8,43559E+12;PTA CORREDERA 4X2M+PTA PRIVACY NEGRO
93224340;8,43559E+12;PTA CORREDERA 4X2M+PTA PRIVACY BLANCO
93224341;8,43559E+12;PTA CORREDERA 4X2M+PTA PRIVACY OXIDO
94301836;8,43655E+12;KIT PUERTA ALU ABATIBLE RAL 7016 GRIS
94301846;8,43655E+12;KIT PUERTA ALU CORREDERA RAL 7016 GRIS
94508360;3,70005E+12;CREMALL P.COR NO INSTAL 4M N2100S
94508376;3,70005E+12;CREMALL P.COR NO INSTAL 4M GRIS 7016
94508550;3,70005E+12;CREMALL P.COR NO INSTAL 3.5M N2100S
94508560;3,70005E+12;CREMALL P.COR NO INSTAL 4M BLC 9016
96241586;3,70005E+12;PTA. PEATONA ALU PALM HOR 1MX155 N2100S
96241587;3,70005E+12;PTA. BATIENT ALU PALM HOR 3MX155 N2100S
96241588;3,70005E+12;PTA. BATIE ALU PALM HOR 3.5MX155 N2100S
96241589;3,70005E+12;PTA. CORRE ALU PALM HOR 3.5MX155 N2100S
96241590;3,70005E+12;PTA. PEATONA ALU PALM HOR 1MX170 N2100S
96241591;3,70005E+12;PTA. BATIENT ALU PALM HOR 3MX170 N2100S
96241592;3,70005E+12;PTA. BATIE ALU PALM HOR 3.5MX170 N2100S
96241593;3,70005E+12;PTA. CORRE ALU PALM HOR 3.5MX170 N2100S
96241594;3,70005E+12;PTA. PEATONA ALU PALM VER 1MX155 N2100S
96241595;3,70005E+12;PTA. BATIENT ALU PALM VER 3MX155 N2100S
96241596;3,70005E+12;PTA. CORRE ALU PALM VER 3.5MX155 N2100S
96241597;3,70005E+12;PTA. BATIE ALU PALM VER 3.5MX155 N2100S
96241598;3,70005E+12;PTA. PEATONA ALU PALM VER 1MX170 N2100S
96241599;3,70005E+12;PTA. BATIENT ALU PALM VER 3MX170 N2100S
96241600;3,70005E+12;PTA. BATIE ALU PALM VER 3.5MX170 N2100S
96241601;3,70005E+12;PTA. CORRE ALU PALM VER 3.5MX170 N2100S
96241602;3,70005E+12;PTA. PEATONA ALU POLY HOR 1MX155 N2100S
96241603;3,70005E+12;PTA. BATIENT ALU POLY HOR 3MX155 N2100S
96241604;3,70005E+12;PTA. CORRE ALU POLY HOR 3.5MX155 N2100S
96241605;3,70005E+12;PTA. BATIE ALU POLY HOR 3.5MX155 N2100S
96241606;3,70005E+12;PTA. PEATONA ALU POLY HOR 1MX170 N2100S
96241607;3,70005E+12;PTA. BATIENT ALU POLY HOR 3MX170 N2100S
96241608;3,70005E+12;PTA. BATIE ALU POLY HOR 3.5MX170 N2100S
96241609;3,70005E+12;PTA. CORRE ALU POLY HOR 3.5MX170 N2100S
96241610;3,70005E+12;PTA. PEATONA ALU POLY VER 1MX155 N2100S
96241611;3,70005E+12;PTA. BATIENT ALU POLY VER 3MX155 N2100S
96241612;3,70005E+12;PTA. BATIE ALU POLY VER 3.5MX155 N2100S
96241613;3,70005E+12;PTA. CORRE ALU POLY VER 3.5MX155 N2100S
96241614;3,70005E+12;PTA. PEATONA ALU POLY VER 1MX170 N2100S
96241615;3,70005E+12;PTA. BATIENT ALU POLY VER 3MX170 N2100S
96241616;3,70005E+12;PTA. BATIE ALU POLY VER 3.5MX170 N2100S
96241617;3,70005E+12;PTA. CORRE ALU POLY VER 3.5MX170 N2100S
96241618;3,70005E+12;PTA. PEATON ALU LIGNE HOR 1MX155 N2100S
96241619;3,70005E+12;PTA. BATIEN ALU LIGNE HOR 3MX155 N2100S
96241620;3,70005E+12;PTA. BATI ALU LIGNE HOR 3.5MX155 N2100S
96241621;3,70005E+12;PTA. CORR ALU LIGNE HOR 3.5MX155 N2100S
96241622;3,70005E+12;PTA. PEATON ALU LIGNE HOR 1MX170 N2100S
96241623;3,70005E+12;PTA. BATIEN ALU LIGNE HOR 3MX170 N2100S
96241624;3,70005E+12;PTA. BATI ALU LIGNE HOR 3.5MX170 N2100S
96241625;3,70005E+12;PTA. CORR ALU LIGNE HOR 3.5MX170 N2100S
96241626;3,70005E+12;PTA. PEATON ALU LIGNE VER 1MX155 N2100S
96241627;3,70005E+12;PTA. BATI ALU LIGNE VER 3.5MX155 N2100S
96241628;3,70005E+12;PTA. BATIEN ALU LIGNE VER 3MX155 N2100S
96241629;3,70005E+12;PTA. CORR ALU LIGNE VER 3.5MX155 N2100S
96241630;3,70005E+12;PTA. PEATON ALU LIGNE VER 1MX170 N2100S
96241631;3,70005E+12;PTA. BATIEN ALU LIGNE VER 3MX170 N2100S
96241632;3,70005E+12;PTA. BATI ALU LIGNE VER 3.5MX170 N2100S
96241633;3,70005E+12;PTA. CORR ALU LIGNE VER 3.5MX170 N2100S
96241634;3,70005E+12;PTA. PEATON ALU SYLVA HOR 1MX155 N2100S
96241635;3,70005E+12;PTA. BATI ALU SYLVA HOR 3.5MX155 N2100S
96241636;3,70005E+12;PTA. BATIEN ALU SYLVA HOR 3MX155 N2100S
96241637;3,70005E+12;PTA. CORR ALU SYLVA HOR 3.5MX155 N2100S
96241638;3,70005E+12;PTA. PEATON ALU SYLVA HOR 1MX170 N2100S
96241639;3,70005E+12;PTA. BATIEN ALU SYLVA HOR 3MX170 N2100S
96241640;3,70005E+12;PTA. BATI ALU SYLVA HOR 3.5MX170 N2100S
96241641;3,70005E+12;PTA. CORR ALU SYLVA HOR 3.5MX170 N2100S
96241642;3,70005E+12;PTA. PEATON ALU SYLVA VER 1MX155 N2100S
96241643;3,70005E+12;PTA. BATIEN ALU SYLVA VER 3MX155 N2100S
96241644;3,70005E+12;PTA. BATI ALU SYLVA VER 3.5MX155 N2100S
96241645;3,70005E+12;PTA. CORR ALU SYLVA VER 3.5MX155 N2100S
96241646;3,70005E+12;PTA. PEATON ALU SYLVA VER 1MX170 N2100S
96241647;3,70005E+12;PTA. BATIEN ALU SYLVA VER 3MX170 N2100S
96241648;3,70005E+12;PTA. BATI ALU SYLVA VER 3.5MX170 N2100S
96241649;3,70005E+12;PTA. CORR ALU SYLVA VER 3.5MX170 N2100S
96241650;3,70005E+12;PTA. CORRED MIXIT PALM HOR 4MX155 BLC
96241651;3,70005E+12;PTA. CORRE MIXIT PALM HOR 4MX155 N2100S
96241652;3,70005E+12;PTA. CORRED MIXIT PALM VER 4MX155 BLC
96241653;3,70005E+12;PTA. CORRE MIXIT PALM VER 4MX155 N2100S
96241654;3,70005E+12;PTA. CORRE MIXIT PALM VER 4MX170 N2100S
96241655;3,70005E+12;PTA. CORRE MIXIT PALM HOR 4MX170 N2100S
96241656;3,70005E+12;PTA. CORRE MIXIT POLY HOR 4MX155 N2100S
96241657;3,70005E+12;PTA. CORRED MIXIT POLYGO HOR 4MX155 BLC
96241658;3,70005E+12;PTA. CORRED MIXIT POLYGO VER 4MX155 BLC
96241659;3,70005E+12;PTA. CORRE MIXIT POLY VER 4MX155 N2100S
96241660;3,70005E+12;PTA. CORRE MIXIT POLYGO HOR 4MX170 BLC
96241661;3,70005E+12;PTA. CORRE MIXIT POLY HOR 4MX170 N2100S
96241662;3,70005E+12;PTA. CORRE MIXIT POLYGO VER 4MX170 BLC
96241663;3,70005E+12;PTA. CORRE MIXIT POLY VER 4MX170 N2100S
96241664;3,70005E+12;PTA. CORR MIXIT LIGNE HOR 4MX155 N2100S
96241665;3,70005E+12;PTA. CORRED MIXIT LIGNE HOR 4MX155 BLC
96241666;3,70005E+12;PTA. CORRED MIXIT LIGNE VER 4MX155 BLC
96241667;3,70005E+12;PTA. CORRE MIXIT LIGNE VER 4MX155 N2100S
96241668;3,70005E+12;PTA. CORRED MIXIT LIGNE HOR 4MX170 BLC
96241669;3,70005E+12;PTA. CORR MIXIT LIGNE HOR 4MX170 N2100S
96241670;3,70005E+12;PTA. CORRED MIXIT LIGNE VER 4MX170 BLC
96241671;3,70005E+12;PTA. CORRE MIXIT LIGNE VER 4MX170 N2100S
96241672;3,70005E+12;PTA. CORRED MIXIT SYLVA HOR 4MX155 BLC
96241673;3,70005E+12;PTA. CORR MIXIT SYLVA HOR 4MX155 N2100S
96241674;3,70005E+12;PTA. CORRED MIXIT SYLVA VER 4MX155 BLC
96241675;3,70005E+12;PTA. CORRE MIXIT SYLVA VER 4MX155 N2100S
96241676;3,70005E+12;PTA. CORRED MIXIT SYLVA HOR 4MX170 BLC
96241677;3,70005E+12;PTA. CORR MIXIT SYLVA HOR 4MX170 N2100S
96241678;3,70005E+12;PTA. CORRED MIXIT SYLVA VER 4MX170 BLC
96241679;3,70005E+12;PTA. CORRE MIXIT SYLVA VER 4MX170 N2100S
96241680;3,70005E+12;PTA. BATIENTE KLOSUP ZEF 4MX157 GRIS
96241681;3,70005E+12;PTA. BATIENTE KLOSUP ZEF 4MX157 BLANCO
96241682;3,70005E+12;PTA. BATIENTE KLOSUP ZEF 4MX157 N2100S
96241683;3,70005E+12;PTA. BATIENTE KLOSUP ZEF 4MX188 GRIS
96241684;3,70005E+12;PTA. BATIENTE KLOSUP ZEF 4MX188 BLANCO
96241685;3,70005E+12;PTA. BATIENTE KLOSUP ZEF 4MX188 N2100S
96241686;3,70005E+12;PTA. BATIENT KLOSUP CARNAC 4MX148 GRIS
96241687;3,70005E+12;PTA. BATIENTE KLOSUP CARNAC 3MX148 BLC
96241688;3,70005E+12;PTA. PEATONAL KLOSUP CARNAC 1MX148 BLC
96241689;3,70005E+12;PTA. BATIENT KLOSUP CARNAC 3.5MX148 BL
96241690;3,70005E+12;PTA. BATIENT KLOSUP CARNAC 4MX148 BLC
96241691;3,70005E+12;PTA. CORRED KLOSUP CARNAC 3.5MX148 BLC
96241692;3,70005E+12;PTA. CORRED KLOSUP CARNAC 4MX148 BLC
96241693;3,70005E+12;PTA. BATIE KLOSUP CARNAC 4MX148 N2100S
96241694;3,70005E+12;PTA. BATIENT KLOSUP CARNAC 4MX176 GRIS
96241695;3,70005E+12;PTA. PEATONAL KLOSUP CARNAC 1MX176 BLC
96241696;3,70005E+12;PTA. BATIENTE KLOSUP CARNAC 3MX176 BLC
96241697;3,70005E+12;PTA. BATIENT KLOSUP CARNAC 3.5MX176 BL
96241698;3,70005E+12;PTA. BATIENT KLOSUP CARNAC 4MX176 BLC
96241699;3,70005E+12;PTA. CORRED KLOSUP CARNAC 3.5MX176 BLC
96241700;3,70005E+12;PTA. CORRED KLOSUP CARNAC 4MX176 BLC
96241701;3,70005E+12;PTA. BATIE KLOSUP CARNAC 4MX176 N2100S
95386056;3,71012E+12;KIT DE CONSTRUCCION PUERTA MODULABLE BLC
95386057;3,71012E+12;KIT DE CONSTRUCCION PUERTA MODULABLE ANT
93483718;5,60093E+12;MOTOR EXAVIA STAR RTS 24V P.BATIENTE
93483719;5,60093E+12;MOTOR LOCKYVIA ESSENTIAL RTS 24V P.BATIE
93483720;5,60093E+12;CODIGO DIGITAL
93483721;5,60093E+12;MOTOR FREEVIA FIRST RTS 24V P.CORREDERO
93483722;5,60093E+12;KIT BATERIA
93483723;5,60093E+12;MANDO EXTRA
93483724;5,60093E+12;CREMALLERA 4M PORTON CORREDERO
93483725;5,60093E+12;TAPA CREMALLERA 3,5M P.CORREDERO GRIS
93483726;5,60093E+12;TAPA CREMALLERA 4M P.CORREDERO GRIS
16723462;8,41325E+12;SAHARA 300X400CM BLANCO/GRIS
81972119;3,276E+12;MALLA SOMBREO 75% 4X3M NEGRO NATERIAL
81972120;3,276E+12;MALLA SOMBREO 75% 4X5M NEGRO NATERIAL
81972121;3,276E+12;MALLA SOMBREO 75% 4X3M VD NATERIAL
81972122;3,276E+12;MALLA SOMBREO 75% 4X5M VD NATERIAL
81972123;3,276E+12;MALLA SOMBREO 75% 4X3M BCO NATERIAL
81972124;3,276E+12;MALLA SOMBREO 75% 4X5M BCO NATERIAL
10693914;8,41325E+12;MALLA PL FLORANE 5075 INT 0.4X5M VDE
10693935;8,41325E+12;MALLA PL FLORANET 5075 INTER 0.6X5M VDE
11657964;8,00293E+12;MALLA PLASTICA QUADRA 20 VERDE 1X5M
11657980;8,00293E+12;MALLA PLASTICA QUADRA 05 1X5M VERDE
11657999;8,00293E+12;MALLA PLASTICA QUADRA 10 VDE 1X5M
11658000;8,00293E+12;MALLA PLASTICA QUADRA 10 MARRON 1X5M
19445125;8,00293E+12;MALLA PLASTICA CUADRADA 05 1X5M MARRON
19445153;8,00293E+12;MALLA MILLENNIUM 1X10M PLATA
19445181;8,00293E+12;MALLA MILLENNIUM 1X10M VERDE
19445195;8,00293E+12;MALLA MILLENNIUM 1.5X10M PLATA
19445202;8,00293E+12;MALLA MILLENNIUM 1.5X10M VERDE
19499571;8,00293E+12;MALLA PL ROMBOIDAL AIRY 1X5 VD
19499606;8,00293E+12;MALLA PL ROMBOIDAL AIRY 1X5 PLATA
19827465;8,00293E+12;MALLA PLASTICA CUADRADA 05 1X25M PLATA
30033626;8,00293E+12;MALLA PLASTICA QUADRA 10 BCO 1X5M
31163013;8,00293E+12;MALLA PLASTICA QUADRA 10 PLATA 1X5M
86517014;8,00293E+12;MALLA PLASTICA QUADRA 05 1X5M PLATA
86517015;8,00293E+12;MALLA PLASTICA QUADRA 05 1X5M BL
86517016;8,00293E+12;MALLA PLASTICA QUADRA 05 1X5M MARRON
86517017;8,00293E+12;MALLA PLASTICA QUADRA 10 ANT 1X5M
86517018;8,00293E+12;MALLA PLASTICA QUADRA 20 BCO 1X5M
86517019;8,00293E+12;MALLA PLASTICA QUADRA 20 MARRON 1X5M
94921105;8,00293E+12;PROMOBOX MALLA PLASTICA BLANCO
665693;8,41325E+12;MOSQUIT FV-100 INTER 1X3M GRIS
665700;8,41325E+12;MOSQUIT FV-120 INTER 1.2X3M GRIS
11268355;8,41325E+12;MOSQUIT PL INTER 5361 1.2X3M VDE
12007142;8,41325E+12;MOSQUIT FV-120 INTER 1.20X3M BCA
12719039;3,59874E+12;POSTE CUAD MAD 7X7X120CM TINT
12719047;3,59874E+12;POSTE CUAD MAD 7X7X180CM
12719098;3,59874E+12;POSTE REDONDO PUNTA 6X50CM
12719119;3,59874E+12;POSTE REDONDO PUNTA 6X150CM
12719135;3,59874E+12;POSTE REDONDO PUNTA 6X200CM
13625220;3,26082E+12;POSTE DECO BAMBU 35/40MM 180CM
13625241;3,26082E+12;POSTE DECO BAMBU 35/40MM 240CM
13625255;3,26082E+12;POSTE DECO BAMBU 60/70MM 180CM
13625262;3,26082E+12;POSTE DECO BAMBU 60/70MM 240CM
13625276;3,26082E+12;POSTE DECO BAMBU 80/90MM 240CM
13625290;3,26082E+12;POSTE DECO BAMBU 80/90MM 295CM
13779311;3,70043E+12;POSTE REDONDO PUNTA 6X50CM
13779325;3,70043E+12;POSTE REDONDO PUNTA 6X100CM
13779332;3,70043E+12;POSTE REDONDO PUNTA 6X150CM
13779346;3,70043E+12;POSTE REDONDO PUNTA 6X200CM
13780886;3,59874E+12;SOPORTE POSTE U FIJAR 9X9CM
13799492;3,70043E+12;POSTE CUAD MAD 6X6X180CM
14070371;3,59874E+12;POSTE CUAD MAD 7X7X180CM TINT
14422940;3,70043E+12;TUTOR MADERA 2/4 X 150CM
14422954;3,70043E+12;TUTOR MADERA 3/5 X 200CM
16368275;3,59874E+12;POSTE CUAD MAD 7X7X100CM CLASE III
16851114;5,60516E+12;POSTE REDONDO PUNTA 6X150CM
16851121;5,60516E+12;POSTE REDONDO PUNTA 6X200CM
16851163;5,60516E+12;POSTE REDONDO PUNTA 8X200CM
16851205;5,60516E+12;POSTE REDONDO PUNTA 10X200CM
19032951;5,60516E+12;POSTE REDONDO PUNTA 6X100CM
64421840;3,59874E+12;POSTE CUAD MAD 9X9X180CM CLASE III
80118624;3,59874E+12;POSTE CUAD MAD 9X9X180CM TINT CLASE III
80125002;3,59874E+12;POSTE CUAD MAD 7X7X240CM CLASE IV
80125003;3,59874E+12;POSTE CUAD MAD 9X9X240CM CLASE IV
80125008;3,59874E+12;TUTOR MADERA 3/5 X 200CM
82063123;5,60516E+12;POSTE CUAD MAD 7X7X100CM CEPILLADO
82141884;3,59874E+12;POSTE REDONDO PUNTA 6X250CM
82196621;3,59874E+12;TUTOR MADERA 2/4 X 150CM
82407230;3,59874E+12;POSTE CUAD MAD 6X6X100CM
82407330;5,60516E+12;POSTE CUAD MAD 7X7X240CM
82407331;5,60516E+12;POSTE CUAD MAD 9X9X240CM
82608995;5,60516E+12;POSTE CUAD MAD 7X7X120CM TINT
82701337;5,60516E+12;TUTOR MADERA 3X3 X 125CM
82701338;5,60516E+12;TUTOR MADERA 4X4 X 200CM
82709372;5,60516E+12;POSTE CUAD MAD 6X6X100CM
82709379;5,60516E+12;POSTE CUAD MAD 7X7X180CM
82709384;5,60516E+12;POSTE CUAD MAD 7X7X180CM TINT
86733070;8,42543E+12;POSTE REDONDO PUNTA 8X200CM
96845880;3,59874E+12;"POSTE MAD """"H"""" 9X220X9CM CLASE IV"
96845881;3,59874E+12;"POSTE MAD """"U"""" 9X220X9CM CLASE IV"
96845883;3,59874E+12;POSTE CUAD MAD 9X9X240CM TINT CLASE IV
11768295;8,41325E+12;BORDURA PL COUNTRY SET4 0.20X0.8 BCO
11768302;8,41325E+12;BORDURA PL COUNTRY SET4 0.20X0.8 VDE
11768316;8,41325E+12;BORDURA PL COUNTRY SET4 0.2X0.8 CHOCO
12757955;3,26082E+12;BORDURA CESPED GREEN 0.15X9M
12757962;3,26082E+12;BORDURA CESPED GREEN 0.20X9M
12948180;8,41325E+12;BORDURA PL PICNIC 40 X 312CM BCO
15030596;3,26082E+12;BORDURA METAL CLASSIC BORDER 40X100CM
17683344;8,43701E+12;KIT BORDURA COMPOSITE EASY 9CM 5M MARRON
17683351;8,43701E+12;KIT BORDURA COMPOSITE EASY 9CM 5M NEGRO
17683365;8,43701E+12;KIT BORDURA COMPOSITE EASY 13CM 5M MARR
17683372;8,43701E+12;KIT BORDURA COMPOSITE EASY 13.CM 5M NEG
77885640;5,40093E+12;KIT BORDURA ECOLAT 10X0.14
77885661;5,40091E+12;10 ESTACAS ECOPIC PERFIL H
82059299;8,43655E+12;BORDURA COMPOSITE 100X30/45CM
82183520;8,43701E+12;BORDURA PLST BORDE GRUESO 10M 11CM VDE
82840889;5,40054E+12;KIT 4 BORDURAS ECOLAT 1.2X0.14
92219946;93432824559;KIT 3 BORDURA ACERO PANACEA 91X10 VERDE
92414794;93432824573;KIT 3 BORDURA ACERO PANACEA 91X10 BRONCE
98284824;4,77905E+12;BORDURA EASY BORDER-L 100% RECIC. MARRON
98284825;4,77905E+12;BORDURA EASY BORDER-L 100% RECIC. NEGRO
12717156;3,59874E+12;BORDURA MADERA SILOUX 20X180CM D5CM
12717164;3,59874E+12;BORDURA ENROLLABLE SILOUX 30X180
13777463;3,59874E+12;BORDURA MAD PANORAMA 28/45X110CM TINT
13777470;3,70043E+12;BORDURA MAD NIKKO 25/45X100CM
14091371;3,70043E+12;BORDURA MADERA 20X180CM D5CM
14091413;3,70043E+12;BORDURA MADERA 30X180CM D5CM
14626871;8,42543E+12;TRAVIESA MADERA 10X20X122CM TINT
14626885;8,42543E+12;TRAVIESA MADERA 10X20X180CM TINT
16708013;5,90089E+12;BORDURA MAD VERT 30/15X60CM
16718051;8,42543E+12;TRAVIESA MADERA 10X20X205CM
17542483;3,59874E+12;BORDURA MAD NOVA 80X30CM
17566402;3,59874E+12;BORDURA MADERA LILOUX 20X120CM D5CM
81889580;3,59874E+12;BORDURA MAD BORDER 20/40X112CM
81890775;8,42543E+12;TARUGO EXTERIOR RUSTICO 70X300/500 1200
82063124;5,60516E+12;TRAVIESA BORDILLO MADERA 6X18X122CM TINT
82063125;5,60516E+12;TRAVIESA MADERA 6X18X122CM
82063126;5,60516E+12;TRAVIESA MADERA 10X20X200CM TINT
82087076;3,59874E+12;BORDURA MADERA TIPOSIA 28/45X110
82701332;5,60516E+12;TRAVIESA MADERA 10X20X122 CM TINT
82701333;5,60516E+12;TRAVIESA MADERA 10X20X180 CM TINT
82701334;5,60516E+12;TRAVIESA MADERA 10X20X200 CM STD
82976196;3,59874E+12;BORDURA HORIZON 1150X300X44MM PIQUETAS M
86464412;3,59874E+12;BORDURA MAD STAQUETTE L600H152 300MM
81972138;3,276E+12;CANIZO PVC 90% 1X3M VD NATERIAL
81972139;3,276E+12;CANIZO PVC 90% 1.5X5M VD NATERIAL
81972140;3,276E+12;CANIZO PVC 90% 2X5M VD NATERIAL
81972141;3,276E+12;CANIZO PVC 90% 1X3M MARRON NATERIAL
81972142;3,276E+12;CANIZO PVC 90% 1.5X5M MARRON NATERIAL
81972143;3,276E+12;CANIZO PVC 90% 2X5M MARRON NATERIAL
81972147;3,276E+12;CANIZO PVC 90% 1X3M ANTRACITA NATERIAL
81972148;3,276E+12;CANIZO PVC 90% 1.5X5M ANTRACITA NATERIAL
81972149;3,276E+12;CANIZO PVC 90% 2X5M ANTRACITA NATERIAL
81972150;3,276E+12;CANIZO PVC 90% 1X3M BCO NATERIAL
81972151;3,276E+12;CANIZO PVC 90% 1.5X5M BCO NATERIAL
81972152;3,276E+12;CANIZO PVC 90% 2X5M BCO NATERIAL
87654104;3,27601E+12;CAÑIZO PVC OCUL/ALTA 2X5M VERDE NATERIAL
87654106;3,27601E+12;CAÑIZO PVC OCUL/ALT 1.5X5M VERD NATERIAL
87654109;3,27601E+12;CAÑIZO PVC OCUL/ALT 2X5M MARRO NATERIAL
87654113;3,27601E+12;CAÑIZO PVC OCU/ALT 1.5X5M ANTRA NATERIAL
87654114;3,27601E+12;CAÑIZO PVC OCUL/ALT 2X5M ANTRAC NATERIAL
87654115;3,27601E+12;CAÑIZO PVC OCUL/ALT 1X3M MARRON NATERIAL
87654119;3,27601E+12;CAÑIZO PVC OCUL/ALTA 1X3M ANTR NATERIAL
87654123;3,27601E+12;CAÑIZO PVC OCU/ALT 1.5X5M MARRO NATERIAL
87654124;3,27601E+12;CAÑIZO PVC OCUL/ALTA 1X3M VERDE NATERIAL
87654125;3,27601E+12;CAÑIZO PVC OCUL/ALT 1.5X5M BLANCNATERIAL
87654127;3,27601E+12;CAÑIZO PVC OCUL/ALT 1X3M BLANC NATERIAL
87654135;3,27601E+12;CAÑIZO PVC OCUL/ALT2X5M BLANC NATERIAL
16734543;8,4225E+12;MIMBRE LOP 2X3M VDE
17851631;8,4225E+12;MIMBRE LOP 1X3M BAMBU OSC CATRAL
17851666;8,4225E+12;MIMBRE LOP 1.5X3M BAMBU OSC CATRAL
17851694;8,4225E+12;MIMBRE LOP 2X3M BAMBU OSC CATRAL
81972130;3,276E+12;MIMBRE LOP 90% 1X3M MARRON NATERIAL
81972131;3,276E+12;MIMBRE LOP 90% 1.5X3M MARRON NATERIAL
81972132;3,276E+12;MIMBRE LOP 90% 2X3M MARRON NATERIAL
81972133;3,276E+12;MIMBRE LOP 90% 1X3M ANTRACITA NATERIAL
81972134;3,276E+12;MIMBRE LOP 90% 1.5X3M ANTRACITA NATERIAL
81972135;3,276E+12;MIMBRE LOP 90% 2X3M ANTRACITA NATERIAL
86814979;8,4225E+12;"PERFIL REMATE ""U"" MIMBRE LOP 2M MARRON"
86814980;8,4225E+12;"PERFIL REMATE ""U"" MIMBRE LOP 2M BAMBU"
86814981;8,4225E+12;"PERFIL REMATE ""U"" MIMBRE LOP 2M ANTRACIT"
87654105;3,27601E+12;MIMBRE LOP OCUL/ALTA 1.5X3M GRIS NATERIA
87654107;3,27601E+12;MIMBRE LOP OCUL/ALTA 2X3M MARRON NATERIA
87654110;3,27601E+12;MIMBRE LOP OCUL/ALTA 1X3M VERDE NATERIAL
87654118;3,27601E+12;MIMBRE LOP OCUL/ALTA 2X3M GRIS NATERIAL
87654122;3,27601E+12;MIMBRE LOP OCUL/ALT 1.5X3M VERDENATERIAL
87654129;3,27601E+12;MIMBRE LOP OCUL/ALTA 1X3M MARRON NATERIA
87654131;3,27601E+12;MIMBRE LOP OCUL/ALTA 1X3M GRIS NATERIAL
87654134;3,27601E+12;MIMBRE LOP OCUL/ALTA 2X3M VERDE NATERIAL
87654136;3,27601E+12;MIMBRE LOP OCUL/ALTA 1.5X3M MARRON NATER
93108242;8,41325E+12;CANIZO DOBLE CARA 19MM 1,5X3M ANT SURF20
93108243;8,41325E+12;CANIZO DOBLE CARA 19MM 1X3M ANTR SURF 20
93108244;8,41325E+12;CANIZO DOBLE CARA 19MM 1X3M BLCO SURF 20
93108245;8,41325E+12;CANIZO DOBLE CARA 19MM 2X3M ANTR SURF 20
93108246;8,41325E+12;CANIZO DOBLE CARA 19MM 1,5X3M BCO SURF20
93108247;8,41325E+12;CANIZO DOBLE CARA 19MM 2X3M BCO SURFC 20
93108248;8,41325E+12;CANIZO DOBLE CARA 19MM 1X3M CANA SURFC20
93108249;8,41325E+12;CANIZO DOBLE CARA 19MM 1,5X3M CANA SUR20
93108250;8,41325E+12;CANIZO DOBLE CARA 19MM 2X3M CANA SURF 20
93108251;8,41325E+12;CANIZO DOBLE CARA 19MM 1X3M VERDE SURF20
93108252;8,41325E+12;CANIZO DOBLE CARA 19MM 1,5X3M VDE SURF20
93108253;8,41325E+12;CANIZO DOBLE CARA 19MM 2X3M VERDE SURF20
93108254;8,41325E+12;CANIZO DOBLE CARA 19MM 1X3M MARRN SURF20
93108255;8,41325E+12;CANIZO DOBLE CARA 19MM 1,5X3M MRN SURF20
93108256;8,41325E+12;CANIZO DOBLE CARA 19MM 2X3M MARRN SURF20
93108257;8,41325E+12;CANIZO DOBLE CARA 19MM 1X3M GRIS SURF 20
93108258;8,41325E+12;CANIZO DOBLE CARA 19MM 1,5X3M GRS SURF20
93108259;8,41325E+12;CANIZO DOBLE CARA 19MM 1X3M BCO WILDC 20
93108260;8,41325E+12;CANIZO DOBLE CARA 19MM 2X3M GRIS SURF 20
93108261;8,41325E+12;CANIZO DOBLE CARA 19MM 1,5X3M BCO WILD20
93108262;8,41325E+12;CANIZO DOBLE CARA 19MM 2X3M BCO WILDC 20
93108263;8,41325E+12;CANIZO DOBLE CARA 19MM 1X3M CANA WILDC20
93108264;8,41325E+12;CANIZO DOBLE CARA 19MM 1,5X3M CANA WIL20
93108265;8,41325E+12;CANIZO DOBLE CARA 19MM 2X3M CANA WILDC20
93108266;8,41325E+12;CANIZO DOBLE CARA 19MM 1X3M VERDE WILD20
93108267;8,41325E+12;CANIZO DOBLE CARA 19MM 1,5X3M VDE WILD20
93108268;8,41325E+12;CANIZO DOBLE CARA 19MM 2X3M VERDE WILD20
93108269;8,41325E+12;CANIZO DOBLE CARA 19MM 1X3M MRRON WILD20
93108270;8,41325E+12;CANIZO DOBLE CARA 19MM 1,5X3M MRON WIL20
93108271;8,41325E+12;CANIZO DOBLE CARA 19MM 2X3M MARRN WILD20
93108272;8,41325E+12;CANIZO DOBLE CARA 19MM 1X3M ANTRA WILD20
93108273;8,41325E+12;CANIZO DOBLE CARA 19MM 1,5X3M ANTR WIL20
93108274;8,41325E+12;CANIZO DOBLE CARA 19MM 2X3M ANTRA WILD20
93108275;8,41325E+12;CANIZO DOBLE CARA 19MM 1X3M GRIS WILDC20
93108276;8,41325E+12;CANIZO DOBLE CARA 19MM 1,5X3M GRS WILD20
93108277;8,41325E+12;CANIZO DOBLE CARA 19MM 2X3M GRIS WILDC20
96402946;3,27601E+12;CANIZO DOBLE CARA 19MM 2X3M MARRON NATER
96402947;3,27601E+12;CANIZO DOBLE CARA 19MM 1X3M VERDE NATERI
96402948;3,27601E+12;CANIZO DOBLE CARA 19MM 1.5X3M VERDE NATE
96402949;3,27601E+12;CANIZO DOBLE CARA 19MM 1.5X3M GRIS NATER
96402950;3,27601E+12;CANIZO DOBLE CARA 19MM 1X3M MARRON NATER
96402951;3,27601E+12;CANIZO DOBLE CARA 19MM 1.5X3M MARRON NAT
96402952;3,27601E+12;CANIZO DOBLE CARA 19MM 2X3M GRIS NATERIA
96402953;3,27601E+12;CANIZO DOBLE CARA 19MM 2X3M VERDE NATERI
96402954;3,27601E+12;CANIZO DOBLE CARA 19MM 1X3M GRIS NATERIA
81972125;3,276E+12;SETO ARTIFICIAL 70% 1X3M VD
81972126;3,276E+12;SETO ARTIFICIAL 70% 1.5X3M VD
81972127;3,276E+12;SETO ARTIFICIAL 95% 1X3M VD NATERIAL
81972128;3,276E+12;SETO ARTIFICIAL 95% 1.5X3M VD NATERIAL
81972129;3,276E+12;SETO ARTIFICIAL 95% 2X3M VD NATERIAL
82270926;8,4225E+12;SETO ARTIFICIAL 36V 1X3M CATRAL
82270927;8,4225E+12;SETO ARTIFICIAL 36V 1.5X3M CATRAL
82270928;8,4225E+12;SETO ARTIFICIAL 36V 2X3M CATRAL
84952986;8,4225E+12;SETO ARTIFICIAL 95% 1X3 ANTRACITA
84952987;8,4225E+12;SETO ARTIFICIAL 95% 1.5X3 ANTRACITA
93108278;8,41325E+12;SETO ARTIFIAL 1X3M HIDECURVE BICOLOR
93108279;8,41325E+12;SETO ARTIFIAL 1,5X3M HIDECURVE BICOLOR
93108280;8,41325E+12;SETO ARTIFIAL 2X3M HIDECURVE BICOLOR
93108281;8,41325E+12;SETO ARTIFIAL 1X3M HIDECURVE TRICOLOR
93108282;8,41325E+12;SETO ARTIFIAL 2X3M HIDECURVE TRICOLOR
93108283;8,41325E+12;SETO ARTIFIAL 1,5X3M HIDECURVE TRICOLOR
96402955;3,27601E+12;SETO CURVE ARTIFICIAL 95% 1X3M VD NATERI
96402956;3,27601E+12;SETO CURVE ARTIFICIAL 95% 2X3M VD NATERI
96402957;3,27601E+12;SETO CURVE ARTIFICIAL 95% 1.5X3M VD NATE
17270302;8,4225E+12;MALLA OCULTACIÓN 2X50M BREZO
81972088;3,276E+12;MALLA OCULT 70% 1X3M VD
81972089;3,276E+12;MALLA OCULT 70% 1.5X10M VD
81972090;3,276E+12;MALLA OCULT 70% 2X10M VD
81972091;3,276E+12;MALLA OCULT 85% 1X3M VD NATERIAL
81972092;3,276E+12;MALLA OCULT 85% 1.5X10M VD NATERIAL
81972093;3,276E+12;MALLA OCULT 85% 2X10M VD NATERIAL
81972094;3,276E+12;MALLA OCULT 85% 1X3M MARRON NATERIAL
81972095;3,276E+12;MALLA OCULT 85% 1.5X10M MARRON NATERIAL
81972096;3,276E+12;MALLA OCULT 85% 2X10M MARRON NATERIAL
81972097;3,276E+12;MALLA OCULT 85% 1X3M ANTRACITA NATERIAL
81972098;3,276E+12;MALLA OCULT 85% 1.5X10M ANTRACITA NATERI
81972099;3,276E+12;MALLA OCULT 85% 2X10M ANTRACITA NATERIAL
81972100;3,276E+12;MALLA OCULT 95% TEXT 1X3M PLATA NATERIAL
81972101;3,276E+12;MALLA OCULT 95% TEXT 1X3M COBRE NATERIAL
81972102;3,276E+12;MALLA OCULT 99% 1X3M VD NATERIAL
81972104;3,276E+12;MALLA OCULT 99% 1.5X10M VD NATERIAL
81972105;3,276E+12;MALLA OCULT 99% 2X10M VD NATERIAL
81972106;3,276E+12;MALLA OCULT 99% 1X3M MARRON NATERIAL
81972107;3,276E+12;MALLA OCULT 99% 1.5X10M MARRON NATERIAL
81972108;3,276E+12;MALLA OCULT 99% 2X10M MARRON NATERIAL
81972112;3,276E+12;MALLA OCULT 99% 1X3M ANTRACITA NATERIAL
81972114;3,276E+12;MALLA OCULT 99% 1.5X10M ANTRACITA NATERI
81972115;3,276E+12;MALLA OCULT 99% 2X10M ANTRACITA NATERIAL
85258058;8,4225E+12;MALLA OCULTACIÓN 2X50M VDE OSCURO
88287997;5,90831E+12;MALLA OCULT. EASYHIDE BLNC 3X0.9M BALCON
88288061;5,90831E+12;MALLA OCULT. EASY HIDE ANT 3X0.9M BALCON
88288080;5,90831E+12;BANDA OCULT EASYHIDE BLNC2.55X0.19M VALL
88288116;5,90831E+12;BANDA OCULT EASYHIDE ANT2.55X0.19M VALLA
91189138;8,41325E+12;NORT RECYNET 1X50M MA X1
91189139;8,41325E+12;NORT RECYNET 1X50M BA X1
91189141;8,41325E+12;NORT RECYNET 1X50M VE X1
91189144;8,41325E+12;NORT RECYNET 1X50M VC X1
91189149;8,41325E+12;NORT RECYNET 1,5X50M MA X1
91189153;8,41325E+12;NORT RECYNET 1,5X50M BA X1
91189155;8,41325E+12;NORT RECYNET 1,5X50M VE X1
91189158;8,41325E+12;NORT RECYNET 1,5X50M VC X1
91189159;8,41325E+12;NORT RECYNET 2X50M MA X1
91189161;8,41325E+12;NORT RECYNET 2X50M BA X1
91189164;8,41325E+12;NORT RECYNET 2X50M VE X1
91189167;8,41325E+12;NORT RECYNET 2X50M VC X1
96296172;3,11006E+12;BANDA OCULT. ECOVIZIO 60M X 48MM. ANT
96296173;3,11006E+12;BANDA OCULT. ECOVIZIO 60M X 48MM. VERDE
85486050;5,40701E+12;KIT LAMAS OCULTACIÓN PREM GRIS 1.53X2.5M
85486061;5,40701E+12;KIT OCULTACION PREM CUARZO 1,93X2.5M
85486079;5,40701E+12;KIT LAMAS OCULTACIÓN PREM CUAR 1.53X2.5M
85486107;5,40701E+12;KIT LAMAS OCULTACIÓN TREN CUAR 1.53X2.5M
85486113;5,40701E+12;KIT OCULTACION PREM MARRON 1,93X2.5M
85486121;5,40701E+12;KIT OCULTACION PREM GRIS 1,93X2.5M
85486127;5,40701E+12;KIT LAMAS OCULTACIÓN PREM MARR 1.53X2.5M
85486128;5,40701E+12;KIT LAMAS OCULTACIÓN TREN GRIS 1.53X2.5M
85486131;5,40701E+12;KIT LAMAS OCULTACIÓN TREN MARR 1.53X2.5M
87404445;5,40701E+12;KIT LAMAS OCULTACIÓN PREMIUM GRIS 1X2M
87404446;5,40701E+12;KIT LAMAS OCULTACIÓN PREMIU GRIS 1.53X2M
87404447;5,40701E+12;KIT LAMAS OCULTACIÓN PREMIUM GRIS 1X2.5M
87404448;5,40701E+12;KIT LAMAS OCULTACIÓN PREMIUM CUARZO 1X2M
87404449;5,40701E+12;KIT LAMAS OCULTACIÓN PREM CUARZO 1.53X2M
87404450;5,40701E+12;KIT LAMAS OCULTACIÓN PREMI CUARZO 1X2.5M
87404454;5,40701E+12;KIT LAMAS OCULTACIÓN MADERA 1.53X2.5M
87404455;5,40701E+12;KIT LAMAS OCULTACIÓN PREMIUM MARRON 1X2M
87404456;5,40701E+12;KIT LAMAS OCULTACIÓN PREM MARRON 1.53X2M
87404457;5,40701E+12;KIT LAMAS OCULTACIÓN PREMI MARRON 1X2.5M
87404458;5,40701E+12;KIT LAMAS OCULTACIÓN TRENZAD GRIS 1X2.5M
87404459;5,40701E+12;KIT LAMAS OCULTACIÓN PVC VERDE 1X2M
87404460;5,40701E+12;KIT LAMAS OCULTACIÓN TRENZ CUARZO 1X2.5M
87404461;5,40701E+12;KIT LAMAS OCULTACIÓN TRENZ MARRON 1X2.5M
87404462;5,40701E+12;KIT LAMAS OCULTACIÓN PVC VERDE 1.53X2M
87404463;5,40701E+12;KIT LAMAS OCULTACIÓN PVC VERDE 1X2.5M
87404464;5,40701E+12;KIT LAMAS OCULTACIÓN PVC VERDE 1.53X2.5M
87404465;5,40701E+12;KIT LAMAS OCULTACIÓN PVC GRIS 1X2M
87404466;5,40701E+12;KIT LAMAS OCULTACIÓN PVC GRIS 1.53X2M
87404467;5,40701E+12;KIT LAMAS OCULTACIÓN PVC GRIS 1X2.5M
87404468;5,40701E+12;KIT LAMAS OCULTACIÓN PVC GRIS 1.53X2.5M
89509036;5,40701E+12;EXPOSITOR KIT DE OCULTACIÓN
90870091;;KIT OCULTACION MADERA ALERCE 1X2.5M
90870121;5,40701E+12;KIT OCULTACION MADERA ALERCE 1.53X2.5M
93824649;;MINI EXPOSITOR KITS COMPOSITE PREMIUM
93873995;5,40701E+12;KIT OCULTACION UNIVERSAL 1.73 M-2.5 M AN
93904212;5,40701E+12;KIT LAMAS OCULTACION PVC BLANC 1.53X2.5M
93904213;5,40701E+12;KIT LAMAS OCULTACION PVC BLANCO 1X2M
93904214;5,40701E+12;KIT LAMAS OCULTACION PVC BLANCO 1.53X2M
93904215;5,40701E+12;KIT LAMAS OCULTACION PVC BLANCO 1X2.5M
96376010;5,40701E+12;KIT COMPOSITE UNIVERSAL ALT 1M73 GR CURZ
96376011;5,40701E+12;KIT COMPOSITE UNIVERSAL ALT 1M73 MARÓN
97637030;5,40701E+12;KIT LAMAS OCULTACIÓN PREM 1.73X2.5 GRIS
13939156;8,41325E+12;FIJACION FIXCANE BLANCO 26 UNIDADES
14961940;3,26082E+12;TENSOR ELASTICO SNUGGER 20 UD
35556311;8,00293E+12;BRIDAS EXTERIOR 29CM VERDE TENAX
81273253;8,00293E+12;BRIDAS EXTERIOR 29CM MARRON TENAX
81273266;8,00293E+12;BRIDAS EXTERIOR 29CM NEGRA TENAX
81273272;8,00293E+12;BRIDAS EXTERIOR 29CM GRIS TENAX
81880903;8,00293E+12;BRIDAS EXTERIOR 20CM BLANCO TENAX X50
81880904;8,00293E+12;BRIDAS EXTERIOR 20CM GRIS TENAX X50
81880905;8,00293E+12;BRIDAS EXTERIOR 20CM MARRON TENAX X50
81880906;8,00293E+12;BRIDAS EXTERIOR 20CM VERDE TENAX X50
81972171;3,276E+12;FIJACION CANIZO 26UD MARRON NATERIAL
81972172;;FIJACION CANIZO 26UD GRIS NATERIAL
81972173;3,276E+12;FIJACION CANIZO 26UD VD NATERIAL
81972174;3,276E+12;FIJACION CANIZO 26UD BCO NATERIAL
81972175;3,276E+12;FIJACION CANIZO 26UD ANTRACITA NATERIAL
81972182;3,276E+12;CLIP FIJACION MALLA 20UD VD NATERIAL
81972183;3,276E+12;CLIP FIJACION MALLA 20UD GRIS NATERIAL
81972184;3,276E+12;CLIP FIJACION MALLA 20UD ANTRACITA NATER
81972185;3,276E+12;CLIP FIJACION MALLA 20UD MARRON NATERIAL
81972186;3,276E+12;CLIP FIJACION MALLA 20UD BCO NATERIAL
83582259;8,00293E+12;BRIDAS EXTERIOR 29CM BLANCA TENAX
87654128;3,27601E+12;"PERFIL ""U"" MIMBRE LOP 1M ANTRACITA NATER"
87654130;3,27601E+12;PERFIL U MIMBRE LOP 1M MARRON CL NATERIA
87654132;3,27601E+12;"PERFIL ""U"" MIMBRE LOP 1M MARRON NATERIAL"
87654133;3,27601E+12;"PERFIL ""U"" MIMBRE LOP 1M GRIS NATERIAL"
87654137;3,27601E+12;"PERFIL ""U"" MIMBRE LOP 1M VERDE NATERIAL"
88785138;8,4225E+12;PACK 10 CLIP OCULTACION FIXATEX
81972153;3,276E+12;BREZO 75% 1X3M CATRAL
81972154;3,276E+12;BREZO 75% 1.5X3M CATRAL
81972158;3,276E+12;BREZO 90% 2X3M NATERIAL
81972161;3,276E+12;BREZO TRICAPA 100% 2X3M NATERIAL
84614753;3,27601E+12;BREZO FINO 1X3M NATERIAL
84614754;3,27601E+12;BREZO FINO 1.5X3M NATERIAL
84614755;3,27601E+12;BREZO FINO 2X3M NATERIAL
84614756;3,27601E+12;BREZO MEDIO 1X3M NATERIAL
84614757;3,27601E+12;BREZO MEDIO 1.5X3M NATERIAL
84614758;3,27601E+12;BREZO MEDIO 2X3M NATERIAL
84614759;3,27601E+12;BREZO TRICAPA 1X3M NATERIAL
84614760;3,27601E+12;BREZO TRICAPA 1.5X3M NATERIAL
84614761;3,27601E+12;BREZO TRICAPA 2X3M NATERIAL
84614762;3,27601E+12;BREZO CON COCO 1X3M CATRAL
84614763;3,27601E+12;BREZO CON COCO 1.5X3M CATRAL
84614764;3,27601E+12;BREZO CON COCO 2X3M CATRAL
84614765;3,27601E+12;BREZO GRUESO 1X3M CATRAL
84614766;3,27601E+12;BREZO GRUESO 1.5X3M CATRAL
84614767;3,27601E+12;BREZO GRUESO 2X3M CATRAL
87654138;8,4225E+12;SETO COCONATUR OCUL/ALTA 1X3M CATRAL
81972168;3,276E+12;MIMBRE 80% 1X3M NATERIAL
81972169;3,276E+12;MIMBRE 80% 1.5X3M NATERIAL
81972170;3,276E+12;MIMBRE 80% 2X3M NATERIAL
84614774;3,27601E+12;MIMBRE NATURAL 1X3M NATERIAL
84614775;3,27601E+12;MIMBRE NATURAL 1.5X3M NATERIAL
84614776;3,27601E+12;MIMBRE NATURAL 2X3M NATERIAL
84614777;3,27601E+12;MIMBRE MEDIUM 1X3M CATRAL
84614778;3,27601E+12;MIMBRE MEDIUM 1.5X3M CATRAL
84614779;3,27601E+12;MIMBRE MEDIUM 2X3M CATRAL
19778402;8,4225E+12;CAÑA PARTIDA NATURAL 1X5
19778416;8,4225E+12;CAÑA PARTIDA NATURAL 1.5X5
19778451;8,4225E+12;CAÑA PARTIDA NATURAL 2X5
82479581;3,27601E+12;CANIZO BAMBU FINO 75% 1X3M
84614768;3,27601E+12;CANIZO BAMBU FINO 1X3M NATERIAL
84614769;3,27601E+12;CANIZO BAMBU FINO 1.5X3M
84614770;3,27601E+12;CANIZO BAMBU FINO 2X3M
84999590;8,41325E+12;NORT REEDCANE 1X3M NT X5
84999591;8,41325E+12;CANIZO BAMBU FINO 1.5X3M NT X5
83999984;8,41325E+12;CORTEZA DE ABETO 1X3 FSC INTERMAS
83999985;8,41325E+12;CORTEZA DE ABETO 1,5X3 FSC INTERMAS
83999986;8,41325E+12;CORTEZA DE ABETO 2X3 FSC INTERMAS
82204392;8,41325E+12;CAÑIZO ARTIF OVAL PLASTICANE 1X3M VD
84307060;3,35184E+12;CAÑIZO PVC SIMPLE CARA 1.5X5 VERDE
85781824;5,60723E+12;CERCADO METALICO 1.03X2.5M VD
88401862;8,4225E+12;BREZO NATURAL 2X3M
17270211;8,4225E+12;MALLA OCULTACION EXTRANET 80% 1X50M VD
87063925;8,41325E+12;MALLA CLIMBANET 44X44 1X25M MARR
85781806;5,60723E+12;POSTE CERCADO 60X40CM VD
90236007;8,42648E+12;POSTE EMPIECE/FIN 4X4 0,5M NG FORJA
90236008;8,42648E+12;POSTE EMPIECE/FIN 4X4 0,5M MARR FORJA
90236009;8,42648E+12;POSTE EMPIECE/FIN 4X4 0,5M BL
90236010;8,42648E+12;POSTE ALINEACION 4X4 0,5M NG FORJA
90236011;8,42648E+12;POSTE ALINEACION 4X4 0,5M MARR FORJA
90236012;8,42648E+12;POSTE ALINEACION 4X4 0,5M BL
90236013;8,42648E+12;POSTE DE ESQUINA 4X4 0,5M NG FORJA
90236014;8,42648E+12;POSTE DE ESQUINA 4X4 0,5M MARR FORJA
90236015;8,42648E+12;POSTE DE ESQUINA 4X4 0,5M BL
90236016;8,42648E+12;POSTE EMPIECE/FIN 4X4 1,0M NG FORJA
90236017;8,42648E+12;POSTE EMPIECE/FIN 5X5 1,5M BL
90236018;8,42648E+12;POSTE ALINEACION 5X5 1,5M NG FORJA
90236019;8,42648E+12;POSTE ALINEACION 5X5 1,5M MARR FORJA
90236020;8,42648E+12;POSTE ALINEACION 5X5 1,5M BL
90236021;8,42648E+12;POSTE ESQUINA 5X5 1,5M NG FORJA
90236022;8,42648E+12;POSTE ESQUINA 5X5 1,5M MARR FORJA
90236023;8,42648E+12;POSTE EMPIECE/FIN 4X4 1,0M MARR FORJA
90236024;8,42648E+12;POSTE ESQUINA 5X5 1,5M BL
90236025;8,42648E+12;POSTE EMPIECE/FIN 5X5 2,0M NG FORJA
90236026;8,42648E+12;POSTE EMPIECE/FIN 5X5 2,0M MARR FORJA
90236027;8,42648E+12;POSTE EMPIECE/FIN 5X5 2,0M BL
90236028;8,42648E+12;POSTE ALINEACION 5X5 2,0M NG FORJA
90236029;8,42648E+12;POSTE ALINEACION 5X5 2,0M MARR FORJA
90236030;8,42648E+12;POSTE ALINEACION 5X5 2,0M BL
90236031;8,42648E+12;POSTE ESQUINA 5X5 2,0M NG FORJA
90236032;8,42648E+12;POSTE ESQUINA 5X5 2,0M MARR FORJA
90236033;8,42648E+12;POSTE EMPIECE/FIN 4X4 1,0M BL
90236034;8,42648E+12;POSTE ESQUINA 5X5 2,0M BL
90236035;8,42648E+12;POSTE ALINEACION 4X4 1,0M NG FORJA
90236036;8,42648E+12;POSTE ALINEACION 4X4 1,0M MARR FORJA
90236037;8,42648E+12;POSTE ALINEACION 4X4 1,0M BL
90236038;8,42648E+12;POSTE ESQUINA 4X4 1,0M NG FORJA
90236039;8,42648E+12;POSTE ESQUINA 4X4 1,0M MARR FORJA
90236040;8,42648E+12;POSTE ESQUINA 4X4 1,0M BL
90236042;8,42648E+12;POSTE EMPIECE/FIN 5X5 1,5M NG FORJA
90236043;8,42648E+12;POSTE EMPIECE/FIN 5X5 1,5M MARR FORJA
95096559;8,42521E+12;PACK 4 POSTES PINO ROJO EXT D12CM 2M
95096562;8,42521E+12;PACK 4 POSTES PINO ROJO EXT D10CM 2M
83415071;8,42648E+12;REMAT VALLA CIEGO 10X44 BL
83415073;8,42648E+12;REMAT VALLA CIEGO 20X44 BL
83415119;8,42648E+12;REMAT VALLA CIEGO 10X194 BL
83415120;8,42648E+12;REMAT VALLA CIEGO 20X194 BL
83415121;8,42648E+12;REMAT VALLA CIEGO 10X94 BL
83415122;8,42648E+12;REMAT VALLA CIEGO 20X94 BL
83415126;8,42648E+12;REMAT VALLA CIEGO 10X144 BL
83415130;8,42648E+12;POSTE DE EMPIECE/FIN 50 NG FORJA
83415131;8,42648E+12;REMAT VALLA CIEGO 20X144 BL
83415132;8,42648E+12;POSTE DE EMPIECE/FIN 100 NG FORJA
83415135;8,42648E+12;POSTE DE ALINEACION 50 BL
83415137;8,42648E+12;POSTE DE ALINEACION 150 BL
83415141;8,42648E+12;POSTE DE ALINEACION 100 MARR FORJA
83415142;8,42648E+12;POSTE DE ALINEACION 150 MARR FORJA
83415144;8,42648E+12;POSTE DE ALINEACION 50 NG FORJA
83415146;8,42648E+12;POSTE DE ALINEACION 150 NG FORJA
83415148;8,42648E+12;POSTE DE ESQUINA 50 BL
83415152;8,42648E+12;POSTE DE ESQUINA 50 MARR FORJA
83415153;8,42648E+12;POSTE DE ESQUINA 100 MARR FORJA
83415173;8,42648E+12;POSTE DE EMPIECE/FIN 50 BL
83415182;8,42648E+12;PTA VALLA CUADROS 90X100 ALT BL
83415183;8,42648E+12;PTA VALLA CUADROS 90X200 ALT BL
83415184;8,42648E+12;PTA VALLA CUADROS 90X100 ALT MARR FORJA
83415185;8,42648E+12;PTA VALLA CUADROS 90X200 MARR FORJA
83415186;8,42648E+12;PTA VALLA CUADROS 90X100 ALT NG FORJA
83415187;8,42648E+12;PTA VALLA CUADROS 90X200 NG FORJA
84515634;8,42648E+12;KIT VALLA RAYAS 306X50 NG FORJA
84515635;8,42648E+12;KIT VALLA RAYAS 456X50 NG FORJA
84515636;8,42648E+12;KIT VALLA RAYAS 606X50 NG FORJA
84515637;8,42648E+12;KIT VALLA RAYAS 306X100 NG FORJA
84515638;8,42648E+12;KIT VALLA RAYAS 456X100 NG FORJA
84515639;8,42648E+12;KIT VALLA RAYAS 606X100 NG FORJA
84515640;8,42648E+12;KIT VALLA RAYAS 306X150 NG FORJA
84515641;8,42648E+12;KIT VALLA RAYAS 456X150 NG FORJA
84515642;8,42648E+12;KIT VALLA RAYAS 606X150 NG FORJA
84515643;8,42648E+12;KIT VALLA RAYAS 306X200 NG FORJA
84515644;8,42648E+12;KIT VALLA RAYAS 456X200 NG FORJA
84515645;8,42648E+12;KIT VALLA RAYAS 456X100 BL
84515646;8,42648E+12;KIT VALLA RAYAS 606X100 BL
84515647;8,42648E+12;KIT VALLA RAYAS 306X150 BL
84515648;8,42648E+12;KIT VALLA FRANJA CUAD 606X150 MARR FORJA
84515649;8,42648E+12;KIT VALLA FRANJA CUAD 306X200 MARR FORJA
84515650;8,42648E+12;KIT VALLA FRANJA CUADROS 306X50 BL
84515651;8,42648E+12;KIT VALLA FRANJA CUADROS 456X50 BL
84515652;8,42648E+12;KIT VALLA FRANJA CUADROS 606X50 BL
84515653;8,42648E+12;KIT VALLA RAYAS 606X200 NG FORJA
84515654;8,42648E+12;PANEL VALLA FRANJA CUADROS 144X44 BL
84515655;8,42648E+12;PANEL VALLA FRANJA CUAD 144X44 MARR
84515656;8,42648E+12;PANEL VALLA FRANJA CUAD 144X44 NG
84515657;8,42648E+12;PANEL VALLA FRANJA CUADROS 144X94 BL
84515658;8,42648E+12;KIT VALLA RAYAS 456X150 BL
84515659;8,42648E+12;KIT VALLA RAYAS 606X150 BL
84515660;8,42648E+12;KIT VALLA RAYAS 306X200 BL
84515661;8,42648E+12;KIT VALLA FRANJA CUAD 456X200 MARR FORJA
84515662;8,42648E+12;KIT VALLA FRANJA CUAD 606X200 MARR FORJA
84515663;8,42648E+12;KIT VALLA FRANJA CUADROS 306X100 BL
84515664;8,42648E+12;KIT VALLA FRANJA CUADROS 456X100 BL
84515665;8,42648E+12;PANEL VALLA FRANJA CUAD 144X94 MARR
84515666;8,42648E+12;PANEL VALLA FRANJA CUAD 144X94 NG
84515667;8,42648E+12;PANEL VALLA FRANJA CUAD 144X144 BL
84515668;8,42648E+12;PANEL VALLA FRANJA CUAD 144X144 MARR
84515669;8,42648E+12;KIT VALLA RAYAS 456X200 BL
84515670;8,42648E+12;KIT VALLA RAYAS 606X200 BL
84515671;8,42648E+12;KIT VALLA RAYAS 306X50 MARR FORJA
84515672;8,42648E+12;KIT VALLA RAYAS 456X50 MARR FORJA
84515673;8,42648E+12;KIT VALLA RAYAS 606X50 MARR FORJA
84515674;8,42648E+12;KIT VALLA FRANJA CUAD 306X50 NG FORJA
84515675;8,42648E+12;KIT VALLA FRANJA CUAD 456X50 NG FORJA
84515676;8,42648E+12;KIT VALLA FRANJA CUADROS 606X100 BL
84515677;8,42648E+12;KIT VALLA FRANJA CUADROS 306X150 BL
84515678;8,42648E+12;KIT VALLA FRANJA CUADROS 456X150 BL
84515679;8,42648E+12;PANEL VALLA FRANJA CUAD 144X144 NG
84515680;8,42648E+12;PANEL VALLA FRANJA CUADROS 144X194 BL
84515681;8,42648E+12;PANEL VALLA FRANJA CUAD 144X194 MARR
84515682;8,42648E+12;PANEL VALLA FRANJA CUAD 144X194 NG
84515683;8,42648E+12;PANEL VALLA RAYAS 144X44 BL
84515684;8,42648E+12;PANEL VALLA RAYAS 144X44 MARR FORJA
84515685;8,42648E+12;PANEL VALLA RAYAS 144X44 NG FORJA
84515686;8,42648E+12;PANEL VALLA RAYAS 144X94 BL
84515687;8,42648E+12;KIT VALLA RAYAS 306X100 MARR FORJA
84515688;8,42648E+12;KIT VALLA FRANJA CUAD 606X50 NG FORJA
84515689;8,42648E+12;KIT VALLA FRANJA CUAD 306X100 NG FORJA
84515690;8,42648E+12;KIT VALLA FRANJA CUADROS 606X150 BL
84515691;8,42648E+12;KIT VALLA FRANJA CUADROS 306X200 BL
84515692;8,42648E+12;KIT VALLA FRANJA CUADROS 456X200 BL
84515693;8,42648E+12;PANEL VALLA RAYAS 144X94 MARR FORJA
84515694;8,42648E+12;PANEL VALLA RAYAS 144X94 NG FORJA
84515695;8,42648E+12;PANEL VALLA RAYAS 144X144 BL
84515696;8,42648E+12;PANEL VALLA RAYAS 144X144 MARR FORJA
84515697;8,42648E+12;PANEL VALLA RAYAS 144X144 NG FORJA
84515698;8,42648E+12;PANEL VALLA RAYAS 144X194 BL
84515699;8,42648E+12;PANEL VALLA RAYAS 144X194 MARR FORJA
84515700;8,42648E+12;PANEL VALLA RAYAS 144X194 NG FORJA
84515701;8,42648E+12;KIT VALLA RAYAS 456X100 MARR FORJA
84515702;8,42648E+12;KIT VALLA FRANJA CUAD 456X100 NG FORJA
84515703;8,42648E+12;KIT VALLA FRANJA CUAD 606X100 NG FORJA
84515704;8,42648E+12;KIT VALLA FRANJA CUADROS 606X200 BL
84515705;8,42648E+12;KIT VALLA FRANJA CUAD 306X50 MARR FORJA
84515706;8,42648E+12;KIT VALLA FRANJA CUAD 456X50 MARR FORJA
84515707;8,42648E+12;REMATE VALLE FRANJA CUAD 24,5X44 BL
84515708;8,42648E+12;REMATE VALLA FRANJA CUAD 24X44 MARR
84515709;8,42648E+12;REMATE VALLA FRANJA CUAD 24X44 NG
84515710;8,42648E+12;REMATE VALLA FRANJA CUAD 52,5X44 BL
84515711;8,42648E+12;KIT VALLA RAYAS 606X100 MARR FORJA
84515712;8,42648E+12;KIT VALLA RAYAS 306X150 MARR FORJA
84515713;8,42648E+12;KIT VALLA RAYAS 456X150 MARR FORJA
84515714;8,42648E+12;KIT VALLA RAYAS 606X150 MARR FORJA
84515715;8,42648E+12;KIT VALLA RAYAS 306X200 MARR FORJA
84515716;8,42648E+12;KIT VALLA FRANJA CUAD 306X150 NG FORJA
84515717;8,42648E+12;KIT VALLA FRANJA CUAD 456X150 NG FORJA
84515718;8,42648E+12;KIT VALLA FRANJA CUAD 606X50 MARR FORJA
84515719;8,42648E+12;KIT VALLA FRANJA CUAD 306X100 MARR FORJA
84515720;8,42648E+12;KIT VALLA FRANJA CUAD 456X100 MARR FORJA
84515721;8,42648E+12;KIT VALLA RAYAS 456X200 MARR FORJA
84515722;8,42648E+12;KIT VALLA RAYAS 606X200 MARR FORJA
84515723;8,42648E+12;REMATE VALLA FRANJA CUAD 52,5X44 MARR
84515724;8,42648E+12;REMATE VALLA FRANJA CUADROS 52X44 NG
84515725;8,42648E+12;REMATE VALLA FRANJA CUAD 73,5X44 BL
84515726;8,42648E+12;REMATE VALLA FRANJA CUAD 73,5X44 MARR
84515727;8,42648E+12;REMATE VALLA FRANJA CUAD 73,5X44 NG
84515728;8,42648E+12;REMATE VALLA FRANJA CUAD 24,5X94 BL
84515729;8,42648E+12;REMATE VALLA FRANJA CUAD 24,5X94 MARR
84515730;8,42648E+12;KIT VALLA FRANJA CUAD 606X150 NG FORJA
84515731;8,42648E+12;KIT VALLA FRANJA CUAD 606X100 MARR FORJA
84515732;8,42648E+12;KIT VALLA FRANJA CUAD 306X150 MARR FORJA
84515733;8,42648E+12;KIT VALLA FRANJA CUAD 456X150 MARR FORJA
84515734;8,42648E+12;REMATE VALLA FRANJA CUAD 24,5X94 NG
84515735;8,42648E+12;REMATE VALLA FRANJA CUAD 52,5X94 BL
84515736;8,42648E+12;REMATE VALLA FRANJA CUAD 52,5X94 MARR
84515737;8,42648E+12;REMATE VALLA FRANJA CUAD 52,5X94 NG
84515738;8,42648E+12;REMATE VALLA FRANJA CUAD 73,5X94 BL
84515739;8,42648E+12;REMATE VALLA FRANJA CUAD 73,X94 MARR
84515740;8,42648E+12;REMATE VALLA FRANJA CUAD 73,5X94 NG
84515741;8,42648E+12;REMATE VALLA FRANJA CUAD 24,5X144 BL
84515742;8,42648E+12;KIT VALLA FRANJA CUAD 306X200 NG FORJA
84515743;8,42648E+12;REMATE VALLA FRANJA CUAD 73,5X144 BL
84515744;8,42648E+12;REMATE VALLA FRANJA CUAD 24,5X144 MARR
84515745;8,42648E+12;REMATE VALLA FRANJA CUAD 24,5X144 NG
84515746;8,42648E+12;REMATE VALLA FRANJA CUAD 52,5X144 BL
84515747;8,42648E+12;REMATE VALLA FRANJA CUAD 52,5X144 MARR
84515748;8,42648E+12;REMATE VALLA FRANJA CUADROS 52,5X144 NG
84515749;8,42648E+12;KIT VALLA FRANJA CUAD 456X200 NG FORJA
84515750;8,42648E+12;KIT VALLA FRANJA CUAD 606X200 NG FORJA
84515751;8,42648E+12;KIT VALLA RAYAS 306X50 BL
84515752;8,42648E+12;KIT VALLA RAYAS 456X50 BL
84515753;8,42648E+12;KIT VALLA RAYAS 606X50 BL
84515754;8,42648E+12;KIT VALLA RAYAS 306X100 BL
84515756;8,42648E+12;REMATE VALLA FRANJA CUAD 73,5X144 MARR
84515757;8,42648E+12;REMATE VALLA RAYAS 73,5X44 NG
84515758;8,42648E+12;REMATE VALLA RAYAS 24,5X194 MARR
84515759;8,42648E+12;REMATE VALLA RAYAS 24,5X194 NG
84515760;8,42648E+12;REMATE VALLA RAYAS 52,5X194 BL
84515761;8,42648E+12;REMATE VALLA RAYAS 52,5X194 MARR
84515762;8,42648E+12;REMATE VALLA RAYAS 52,5X194 NG
84515763;8,42648E+12;REMATE VALLA RAYAS 73,5X194 BL
84515764;8,42648E+12;REMATE VALLA RAYAS 73,5X194 MARR
84515765;8,42648E+12;REMATE VALLA RAYAS 73,5X194 NG
84515766;8,42648E+12;REMATE VALLA FRANJA CUAD 73,5X144 NG
84515767;8,42648E+12;REMATE VALLA FRANJA CUAD 24,5X194 BL
84515768;8,42648E+12;REMATE VALLA RAYAS 24,5X94 BL
84515769;8,42648E+12;REMATE VALLA FRANJA CUAD 24,5X194 MARR
84515770;8,42648E+12;REMATE VALLA FRANJA CUAD 24,5X194 NG
84515771;8,42648E+12;REMATE VALLA FRANJA CUAD 52,5X194 BL
84515772;8,42648E+12;REMATE VALLA FRANJA CUAD 52,5X194 MARR
84515773;8,42648E+12;REMATE VALLA FRANJA CUAD 52,5X194 NG
84515774;8,42648E+12;REMATE VALLA FRANJA CUAD 73,5X194 BL
84515775;8,42648E+12;REMATE VALLA FRANJA CUAD 73,5X194 MARR
84515776;8,42648E+12;REMATE VALLA FRANJA CUAD 73,5X194 NG
84515777;8,42648E+12;REMATE VALLA RAYAS 24,5X44 BL
84515778;8,42648E+12;REMATE VALLA RAYAS 24,5X44 MARR
84515779;8,42648E+12;REMATE VALLA RAYAS 24,5X44 NG
84515780;8,42648E+12;REMATE VALLA RAYAS 24,5X94 MARR
84515781;8,42648E+12;REMATE VALLA RAYAS 52,5X44 BL
84515782;8,42648E+12;REMATE VALLA RAYAS 52,5X44 MARR
84515783;8,42648E+12;REMATE VALLA RAYAS 52,5X44 NG
84515784;8,42648E+12;REMATE VALLA RAYAS 73,5X44 BL
84515785;8,42648E+12;REMATE VALLA RAYAS 73,5X44 MARR
84515786;8,42648E+12;REMATE VALLA RAYAS 24,5X94 NG
84515787;8,42648E+12;REMATE VALLA RAYAS 52,5X94 BL
84515788;8,42648E+12;REMATE VALLA RAYAS 52,5X94 MARR
84515789;8,42648E+12;REMATE VALLA RAYAS 52,5X94 NG
84515790;8,42648E+12;REMATE VALLA RAYAS 73,5X94 BL
84515791;8,42648E+12;REMATE VALLA RAYAS 73,5X94 MARR
84515792;8,42648E+12;REMATE VALLA RAYAS 73,5X94 NG
84515793;8,42648E+12;REMATE VALLA RAYAS 24,5X144 BL
84515794;8,42648E+12;REMATE VALLA RAYAS 24,5X144 MARR
84515795;8,42648E+12;REMATE VALLA RAYAS 24,5X144 NG
84515796;8,42648E+12;REMATE VALLA RAYAS 52,5X144 BL
84515797;8,42648E+12;REMATE VALLA RAYAS 52,5X144 MARR
84515798;8,42648E+12;REMATE VALLA RAYAS 52,5X144 NG
84515799;8,42648E+12;REMATE VALLA RAYAS 73,5X144 BL
84515800;8,42648E+12;REMATE VALLA RAYAS 73,5X144 MARR
84515801;8,42648E+12;REMATE VALLA RAYAS 73,5X144 NG
84515802;8,42648E+12;REMATE VALLA RAYAS 24,5X194 BL
85035178;8,42648E+12;REMAT VALLA CIEGO 20X94 NG FORJA
85035198;8,42648E+12;REMAT VALLA CIEGO 10X144 MARR FORJA
85035199;8,42648E+12;REMAT VALLA CIEGO 10X144 NG FORJA
85035200;8,42648E+12;REMAT VALLA CIEGO 10X194 MARR FORJA
85035208;8,42648E+12;REMAT VALLA CIEGO 10X194 NG FORJA
85035211;8,42648E+12;REMAT VALLA CIEGO 10X44 MARRON
85035213;8,42648E+12;REMAT VALLA CIEGO 10X44 NG
85035219;8,42648E+12;REMAT VALLA CIEGO 10X94 MARR FORJA
85035221;8,42648E+12;REMAT VALLA CIEGO 10X94 NG FORJA
85035226;8,42648E+12;REMAT VALLA CIEGO 20X144 MARR FORJA
85035229;8,42648E+12;REMAT VALLA CIEGO 20X144 NG FORJA
85035230;8,42648E+12;REMAT VALLA CIEGO 20X194 MARR FORJA
85035231;8,42648E+12;REMAT VALLA CIEGO 20X194 NG FORJA
85035232;8,42648E+12;REMAT VALLA CIEGO 20X44 MARR FORJA
85035233;8,42648E+12;REMAT VALLA CIEGO 20X44 NG FORJA
85035234;8,42648E+12;REMAT VALLA CIEGO 20X94 MARR FORJA
82799213;3,59874E+12;VALLA MAD CLEVELAND 180X95 CM 15 MM
88893998;5,90089E+12;VALLA MADERA 250X150CM MARR
91932114;5,90089E+12;VALLA TABLAS MAD 180X180CM GR
93493280;5,90089E+12;VALLA CLASICA MADERA 180X80CM MIEL
82717600;3,59874E+12;CELOSÍA DAKOTA 40X180X3CM
82717604;3,59874E+12;CELOSÍA DAKOTA 90X180X3CM
82809507;3,59874E+12;BALDOSA ENROLLABLE MATEA EP19 90X200CM
82809528;3,59874E+12;BORDURA MODERN HAKEA EP15 80X15/30CM
82809530;3,59874E+12;BORDURA NOLINA EP27 110X29X60CM
83738562;3,59874E+12;CELOSÍA BIRDY 40X179X3CM ANTRACITA
83738564;3,59874E+12;CELOSÍA BIRDY 40X117X3 BANGKIRAI
86674499;3,59874E+12;BORDURA MERINA EP15 75X18X30CM
94901602;5,90089E+12;BORDURA MADERA 180X22.5CM D6CM
94901606;5,90089E+12;BORDURA MADERA 180X15CM D4.6CM
95941953;5,90089E+12;BORDURA MAD LISSO 100X45/25CM
82405719;8,42277E+12;CELOSIA EXT C/FLOR 150X100CM VD
84340218;3,59874E+12;CELOSIA BIRDY 40X177CM
84340219;3,59874E+12;CELOSIA BIRDY 40X97CM
88908466;8,43426E+12;PACK 6 CELOSIAS EXT LED 100X150CM
88908468;8,43426E+12;PACK 6 CELOSIAS EXT CIPRES 50X150CM
88908469;8,43426E+12;PACK 6 CELOSIAS EXT LED ENCH 100X15
88908470;8,43426E+12;PACK 6 CELOSIAS EXT LED C/MAN 100X1
88908471;8,42277E+12;CELOSIA EXT 100X150CM BL
91931996;5,90089E+12;CELOSIA ARCO DIAG 180X105CM
91931997;5,90089E+12;CELOSIA ARCO DIAG 180X60CM
97158059;8,42277E+12;CELOSIA EXT MAGNOLIA C/LED 100X150CM VD
97158062;8,42277E+12;CELOSIA EXT 100X150CM VD
97158064;8,42277E+12;CELOSIA EXT LED 100X150CM VD
97158068;8,42277E+12;CELOSIA EXT HAYA 100X150CM VD
97158069;8,42277E+12;CELOSIA EXT GLICINEA 100X150CM VD
34800836;5,90089E+12;PUERTA CLASSICA 100X100CM
82484860;3,59874E+12;PANEL UGO EP49 180X180CM
82717601;3,59874E+12;PANEL NOA MARRON 90X180 CM.
82717607;3,59874E+12;PUERTA MAD DAKOTA 100X100X1.5CM
82717615;3,59874E+12;PANEL/CELOSIA DAKOTA EP30 180X180CM
82799212;3,59874E+12;PUERTA MAD CLEVELAND 100X95X1.5CM
82799224;3,59874E+12;PANEL MAD MIA 180X180 CM ESP MARCO 40MM
83387664;3,59874E+12;PANEL ZEN MARRÓN 91X178 CM.
83387675;3,59874E+12;PANEL STOCKHOLM EP45 90X180CM
84467914;3,59874E+12;PANEL MAD LAKA CORTEN 39X97CM
87545712;5,90089E+12;PUERTA PANEL 100X180 C35X70
87545717;5,90089E+12;PANEL TRENZADO 180X180CM C18X35
87545718;5,90089E+12;PANEL TRENZADO 150X180CM C18X35
87545719;5,90089E+12;PANEL TRENZADO 90X180CM C18X35
88893987;5,90089E+12;PANEL MAD 90X180CM
88893988;5,90089E+12;PANEL MAD CALADO 180X90CM
88893990;5,90089E+12;PANEL MADERA 183X183CM
88893992;5,90089E+12;PANEL MADERA 183X183CM MARR
88893996;5,90089E+12;PANEL MADERA 183X123CM MARR
93493281;5,90089E+12;PANEL TRENZADO MADERA 150X180CM
94901603;5,90089E+12;PANEL MADERA 90X180CM MIEL C30X45M
94901605;5,90089E+12;PANEL MADERA 180X180CM MIEL C30X45CM
95941954;5,90089E+12;PANEL TRENZADO 90X180CM
96241857;3,59874E+12;PANEL FETICHE 90X180CM
48001384;;COD 48 SIERO 09 206745
48909973;;COD 48 CERCADO METALICO CERRAMIENTOS
48920032;;COD 48 CERCADO PLASTICO 200361
48989892;;COD 48 CERCADO METALICO INSTALDOOR
48999993;;COD 48 CERRAMIENTOS 203171
97407317;;PUERTA ELKO 1X1,80 GRIS PERSIANA
97407318;;PUERTA ELKO 1X1,80 MARRÓN PERSIANA
97407319;;PUERTA ELKO 1X1,50 GRIS PERSIANA
97407320;;PUERTA ELKO 1X1,50 MARRÓN PERSIANA
97407321;;PUERTA ELKO 1X1,80 GRIS AJOURADO
97407322;;PUERTA ELKO 1X1,80 MARRÓN AJOURADO
97407323;;PUERTA ELKO 1X1,50 GRIS AJOURADO
97407324;;PUERTA ELKO 1X1,50 MARRÓN AJOURADO
97407325;;PUERTA ELKO 1X1,80 GRIS MACIZA
97407326;;PUERTA ELKO 1X1,80 MARRÓN MACIZA
97407327;;PUERTA ELKO 1X1,50 GRIS MACIZA
97407328;;PUERTA ELKO 1X1,50 MARRÓN MACIZA
14189924;3,59874E+12;VALLA MAD EXT PONY 100X250CM CLASE III
97407334;;PANEL KOMBIFENCE OCULTO 1,63X2 GRIS
97407335;;PANEL KOMBIFENCE OCULTO 1,63X2 MARRÓN
97407344;;BOLSA FIJACIONES KOMBIFENCE GRIS
97407345;;BOLSA FIJACIONES KOMBIFENCE MARRÓN
89512348;8,42543E+12;TRAVIESA MEDIA MADERA 10X20X122
97637034;5,40701E+12;KIT LAMAS OCULTACIÓN UNIV 1.93X2.5 GRIS
