82380461;4008838260128;DOSIFICADOR ADRADA
82380472;4008838254363;JABONERA ADRADA
82380500;4008838271902;VASO ADRADA
18629730;8055732701352;DOSIFICADOR ARGENT PLATA
18629765;8055732701345;VASO ARGENT PLATA
18629800;8055732701376;ESCOBILLERO ARGENT PLATA
18629821;8055732701383;ALGODONERO ARGENT PLATA
82201702;4008838247310;DOSIFICADOR BADI CROMO
82201765;4008838270172;VASO BADI CROMO
82201793;4008838268056;ESCOBILLERO BADI CROMO
82361880;4008838244241;DOSIFICADOR BADI NEGRO
82361947;4008838265789;VASO BADI NEGRO
82361973;4008838250693;ESCOBILLERO BADI NEGRO
82362015;4008838252802;JABONERA BADI NEGRO
81883931;3276000342946;DOSIFICADOR BARNEY GRIS
81883933;3276000342960;VASO BARNEY GRIS
81883937;3276000343035;ESCOBILLERO BARNEY GRIS
19950560;4008838155264;DOSIFICADOR BAROCK BLANCO/PLATA
19950686;4008838153697;VASO BAROCK BLANCO/PLATA
19950742;4008838219171;ESCOBILLERO BAROCK BLANCO/PLATA
81926167;3276000343011;DOSIFICADOR BUBBLE BLANCO
82366711;8003341062937;DOSIFICADOR CALYPSO GRIS
82366718;8003341063156;ESCOBILLERO CALYPSO GRIS
82366732;8003341062951;JABONERA CALYPSO GRIS
82366755;8003341062944;VASO CALYPSO GRIS
81979092;7610583200198;DOSIFICADOR CARLA BLUE
81979093;7610583200181;DOSIFICADOR CARLA LIGHT-GREEN
81980780;7610583200167;DOSIFICADOR CARLOS LIGHT-GREEN
81980781;7610583200174;DOSIFICADOR CARLOS BROWN
81958923;8056040804681;JABONERA CEMENT
81958924;8056040804674;VASO CEMENT
81958925;8056040804667;DISPENSADOR CEMENT
81882197;3661733024267;DOSIFICADOR CHARLINE
81882394;3661733024250;VASO CHARLINE
81883078;3276000342847;DOSIFICADOR CHIC GLAM PLATA
81883081;3276000342854;VASO CHIC GLAM PLATA
81883084;3276000342861;JABONERA CHIC GLAM PLATA
81883087;3276000342878;ESCOBILLERO CHIC GLAM PLATA
81883932;3276000342892;DOSIFICADOR CHIC GLAM ORO
81883934;3276000342908;VASO CHIC GLAM ORO
81883936;3276000342915;JABONERA CHIC GLAM ORO
81883938;3276000342922;ESCOBILLERO CHIC GLAM ORO
81928493;3276000342885;ALGODONERA GLAM PLATA
81928497;3276000342939;ALGODONERA GLAM ORO
81882634;3276000341369;JABONERA CLAIRE VERDE
81882635;3276000341055;JABONERA CLAIRE ROJO
81882636;3276000340768;JABONERA CLAIRE AZUL
81882637;3276000340720;JABONERA CLAIRE TRANSPARENTE
81882650;3276000341390;DOSIFICADOR CLAIRE VERDE
81882651;3276000341086;DOSIFICADOR CLAIRE ROJO
81882653;3276000340751;DOSIFICADOR CLAIRE TRANSPARENTE
81882660;3276000341376;VASO CLAIRE VERDE
81882661;3276000341062;VASO CLAIRE ROJO
81882662;3276000340775;VASO CLAIRE AZUL
81882663;3276000340737;VASO CLAIRE TRANSPARENTE
81882670;3276000341383;ESCOBILLERO CLAIRE VERDE
81882674;3276000341079;ESCOBILLERO CLAIRE ROJO
81882676;3276000340782;ESCOBILLERO CLAIRE AZUL
81882678;3276000340744;ESCOBILLERO CLAIRE TRANSPARENTE
81882825;3276000340829;DOSIFICADOR CLAIRE AZUL
81883862;3276000343998;ALGODONERA CLOUD
16326723;3276200085094;COCO DOSIFICADOR SATINADO
16326772;3276200152017;COCO ESCOBILLERO SATINADO
16326800;3276200085131;COCO VASO SATINADO
19996424;8719401361956;DOSIFICADOR CONICAL BLANCO
19996431;8719401361994;VASO CONICAL BLANCO
19996445;8719401362038;ESCOBILLERO CONICAL BLANCO
19996452;8719401361963;DOSIFICADOR CONICAL NEGRO
19996466;8719401362007;VASO CONICAL NEGRO
19996473;8719401362045;ESCOBILLERO CONICAL NEGRO
81883170;3276000343981;ESCOBILLERO CLOUD BLANCO
81883308;3276000343967;VASO CLOUD BLANCO
81883320;3276000343158;DOSIFICADOR CLOUD BLANCO
81907436;8719401361987;DOSIFICADOR VERDE CONICAL.
81907438;8719401361970;DOSIFICADOR AZUL CONICAL.
81907439;8719401362021;VASO VERDE SERIE CONICAL
81907440;8719401362014;VASO AZUL SERIE CONICAL
81907441;8719401362069;ESCOBILLERO VERDE CONICAL
81907442;8719401362052;ESCOBILLERO AZUL CONICAL
81907443;8719401362106;JABONERA VERDE CONICAL.
81907444;8719401362090;JABONERA AZUL CONICAL
81907445;8719401362076;JABONERA BLANCA CONICAL
81907446;8719401362083;JABONERA NEGRA CONICAL
81880765;3276000333609;DOSIFICADOR COTTAGE CHOCOLATE
81880766;3276000333579;DOSIFICADOR COTTAGE BLANCO
81880767;3276000333630;DOSIFICADOR COTTAGE GRIS OSCURO
81880769;3276000333616;JABONERA COTTAGE CHOCOLATE
81880770;3276000333586;JABONERA COTTAGE BLANCO
81880771;3276000333647;JABONERA COTTAGE GRIS OSCURO
81880773;3276000333623;VASO COTTAGE CHOCOLATE
81880774;3276000333593;VASO COTTAGE BLANCO
81880775;3276000333654;VASO COTTAGE GRIS OSCURO
17551870;8433604003238;DAKOTA DOSIFICADOR CRISTAL DORADO
17551884;8433604003269;DAKOTA ESCOBILLERO CRISTAL DORADO
17551961;8433604003245;DAKOTA VASO CRISTAL DORADO
17551996;8433604003252;DAKOTA JABONERA CRISTAL DORADO
18870152;3700703958741;VASO DEAUVILLE
18870523;3700703958765;ESCOBILLERO DEAUVILLE
18870635;3700703958734;DOSIFICADOR DEAUVILLE
18870880;3700703958758;JABONERA DEAUVILLE
81882202;8717821455057;DOSIFICADOR DOPPIO AZUL
81882203;8717821359782;DOSIFICADOR DOPPIO OCRE
81882204;8717821359799;DOSIFICADOR DOPPIO MARRÓN
81882216;8717821359775;DOSIFICADOR DOPPIO GRIS
81882398;8717821455071;VASO DOPPIO AZUL
81882399;8717821359843;VASO DOPPIO OCRE
81882400;8717821359850;VASO DOPPIO MARRÓN
81882406;8717821359836;VASO DOPPIO GRIS
81882407;8717821455088;VASO DOPPIO ROJO
81882486;8717821455095;ESCOBILLERO DOPPIO AZUL
81882487;8717821359874;ESCOBILLERO DOPPIO OCRE
81882488;8717821359881;ESCOBILLERO DOPPIO MARRÓN
81882489;8717821359867;ESCOBILLERO DOPPIO GRIS
81882490;8717821455101;ESCOBILLERO DOPPIO ROJO
81882673;3276000343264;DOSIFICADOR EASY GRIS
81882713;3276000344582;JABONERA EASY GRIS
81882733;3276000344650;ESCOBILLERO EASY GRIS
81882997;3276000343202;DOSIFICADOR EASY MIAMI
81882998;3276000343219;DOSIFICADOR EASY BLANCO
81883006;3276000343288;VASO EASY MIAMI
81883007;3276000343271;VASO EASY BLANCO
81883021;3276000344537;JABONERA EASY MIAMI
81883022;3276000344520;JABONERA EASY BLANCO
81883029;3276000344605;ESCOBILLERO EASY MIAMI
81883030;3276000344599;ESCOBILLERO EASY BLANCO
81895594;3276000344636;ESCOBILLERO EASY MINT
81895598;3276000344612;ESCOBILLERO EASY BANANA
81895599;3276000344629;ESCOBILLERO EASY PINUP
81895607;3276000344568;JABONERA EASY MINT
81895609;3276000344544;JABONERA EASY BANANA
81895611;3276000344551;JABONERA EASY PINUP
81895613;3276000344575;JABONERA EASY CHILI
81895617;3276000343240;DOSIFICADOR EASY MINT
81895619;3276000343226;DOSIFICADOR EASY BANANA
81895620;3276000343233;DOSIFICADOR EASY PINUP
81895621;3276000343257;DOSIFICADOR EASY CHILI
81895644;3276000342809;VASO EASY MINT
81895645;3276000342786;VASO EASY BANANA
81895646;3276000342793;VASO EASY PINUP
81895647;3276000342816;VASO EASY CHILI
81895650;3276000344643;ESCOBILLERO EASY CHILI
18871482;3661733007246;VASO ECOLO CREMA
18871510;3661733007253;JABONERA ECOLO CREMA
18871524;3661733007260;DOSIFICADOR ECOLO CREMA
18871545;3661733007277;ESCOBILLERO ECOLO CREMA
81882194;8433604005362;DOSIFICADOR EMMA TRANSPARENTE
81882195;8433604005379;DOSIFICADOR EMMA TOPO
81882196;8433604005386;DOSIFICADOR EMMA GRIS
33687283;8003341183717;DOSIFICADOR ERIKA NOGAL
33687290;8003341183694;VASO ERIKA NOGAL
33687304;8003341183700;JABONERA ERIKA NOGAL
33687311;8003341183724;ESCOBILLERO ERIKA NOGAL
82512917;8433604006628;ESCOBILLERO MISURI BLANCO
81882185;3661733024144;DOSIFICADOR ETNO
81882388;3661733024137;VASO ETNO
81882457;3661733024168;ALGODONERO ETNO
81882492;3661733024175;ESCOBILLERO ETNO
16470034;4008838120255;FARO VASO BLANCO
16470055;4008838120286;FARO DOSIFICADOR BLANCO
16470076;4008838120316;FARO ESCOBILLERO BLANCO
16470083;4008838120262;FARO VASO NEGRO
16470090;4008838120293;FARO DOSIFICADOR NEGRO
16470111;4008838120323;FARO ESCOBILLERO NEGRO
19950420;4008838218921;VASO ACERO FINO SOLID SATINADO
19950504;4008838152768;ESCOBILLERO ACERO SOLID SATINADO
19950546;4008838216255;DOSIFICADOR ACERO SOLID SATINADO
81882656;3276000344919;DOSIFICADOR FUDJI
81882666;3276000344926;VASO FUDJI
81882684;3276000344940;ESCOBILLERO FUDJI
81882218;8433604005478;DOSIFICADOR GLACIAR BLANCO.
81882219;8433604005508;GLACIAR GRIS DOSIFICADOR.
81882220;8433604005539;GLACIAR TOPO DOSIFICADOR.
81882408;8433604005485;VASO GLACIAR BLANCO.
81882409;8433604005515;GLACIAR GRIS VASO.
81882410;8433604005546;GLACIAR TOPO VASO
81882461;8433604005492;ESCOBILLERO GLACIAR BLANCO.
81882462;8433604005522;GLACIAR GRIS ESCOBILLERO.
81882463;8433604005553;GLACIAR TOPO ESCOBILLERO.
19996480;8719401361895;DOSIFICADOR GLOSSY PLATEADO
19996494;8719401361918;VASO GLOSSY PLATEADO
19996501;8719401361932;ESCOBILLERO GLOSSY PLATEADO
19996515;8719401361901;DOSIFICADOR GLOSSY ORO
19996522;8719401361925;VASO GLOSSY ORO
19996536;8719401361949;ESCOBILLERO GLOSSY ORO
17099831;8055732702755;GOLD DOSIFICADOR DORADO
17099852;8055732702762;GOLD VASO DORADO
17099866;8055732702779;GOLD JABONERA DORADO
17099873;8055732702786;GOLD ALGODONERA DORADO
17099880;8055732702793;GOLD ESCOBILLERO DORADO
18869725;4008838204405;ESCOBILLERO GRANITE PIEDRA
18869746;4008838204399;JABONERA GRANITE PIEDRA
18869753;4008838204375;VASO GRANITE PIEDRA
18869774;4008838204382;DOSIFICADOR GRANITE PIEDRA
17933671;3661733010185;VASO HAPPY SMILE STAR
17933692;3661733010192;JABONERA HAPPY SMILE STAR
17933706;3661733010208;DOSIFICADOR HAPPY SMILE STAR
17933720;3661733010215;ESCOBILLERO HAPPY SMILE STAR
81882189;8433290380064;DOSIFICADOR ICE BLANCO
81882392;8433290380057;VASO ICE BLANCO
81882495;8433290380088;ESCOBILLERO ICE BLANCO
82023541;8433290380026;DOSIFICADOR ICE NEGRO
82023542;8433290380019;VASO ICE NEGRO
82023543;8433290380040;ESCOBILLERO ICE NEGRO
19949993;8003341057933;DOSIFICADOR ILARY NEGRO
19950182;8003341057940;VASO ILARY NEGRO
19950224;8003341057964;ESCOBILLERO ILARY NEGRO
19950273;8003341057957;JABONERA ILARY NEGRO
19950315;8003341057995;VASO ILARY BLANCO
19950322;8003341057971;DOSIFICADOR ILARY BLANCO
19950336;8003341058008;JABONERA ILARY BLANCO
19950343;8003341058145;ESCOBILLERO ILARY BLANCO
82366707;8003341112618;DOSIFICADOR ISIDE BLANCO
82366708;8003341112656;DOSIFICADOR ISIDE NEGRO
82366714;8003341112625;ESCOBILLERO ISIDE BLANCO
82366715;8003341112670;ESCOBILLERO ISIDE NEGRO
82366728;8003341112601;JABONERA ISIDE BLANCO
82366729;8003341112649;JABONERA ISIDE NEGRO
82366751;8003341112595;VASO ISIDE BLANCO
82366752;8003341112632;VASO ISIDE NEGRO
18870166;3700703927037;ESCOBILLERO KYOTO BLANCO
18870250;3700703927006;VASO KYOTO BLANCO
18870460;3700703915751;DOSIFICADOR KYOTO BLANCO
18870866;3700703927020;JABONERA KYOTO BLANCO
81885225;3276000341741;ESCOBILLERO LEGEND AZUL
81885226;3276000341710;DOSIFICADOR LEGEND AZUL
81885227;3276000341727;VASO LEGEND AZUL
81885228;3276000341734;JABONERA LEGEND AZUL
81926397;3276000341758;DOSIFICADOR LEGEND BEIGE.
81926398;3276000341796;DOSIFICADOR LEGEND CROMO.
81926400;3276000341680;VASO LEGEND BLANCO
81926401;3276000341765;VASO LEGEND BEIGE
81926402;3276000341826;VASO LEGEND CROMO
81926404;3276000341697;JABONERA LEGEND BLANCO
81926405;3276000341772;JABONERA LEGEND BEIGE
81926406;3276000341802;JABONERA LEGEND CROMO
81926408;3276000341703;ESCOBILLERO LEGEND BLANCO
81926409;3276000341789;ESCOBILLERO LEGEND BEIGE
81926410;3276000341819;ESCOBILLERO LEGEND CROMO
81947867;3276000341673;DOSIFICADOR LEGEND BLANCO
81882198;8433604005416;DOSIFICADOR LIGHT WHITE
81882199;8433604005447;DOSIFICADOR LIGHT BLACK
81882395;8433604005423;VASO LIGHT WHITE
81882396;8433604005454;VASO LIGHT BLACK
81882459;8433604005430;ESCOBILLERO LIGHT WHITE
81882460;8433604005461;ESCOBILLERO LIGHT BLACK
81883076;3276000341871;DOSIFICADOR LOFT CROMO
81883079;3276000341888;VASO LOFT CROMO
81883082;3276000341895;JABONERA LOFT CROMO
81883085;3276000341901;ESCOBILLERO LOFT CROMO
19950063;8003341057902;VASO LUCREZIA BLANCO
19950112;8003341057919;JABONERA LUCREZIA BLANCO
19950133;8003341057896;DOSIFICADOR LUCREZIA BLANCO
19950140;8003341057926;ESCOBILLERO LUCREZIA BLANCO
18870600;3700703926443;ESCOBILLERO LUND ARENA
18870943;3700703926436;JABONERA LUND ARENA
18870971;3700703970613;DOSIFICADOR LUND ARENA
18871013;3700703926429;VASO LUND ARENA
18629891;8055732703691;DOSIFICADOR MADREPERLA CREMA
18629905;8055732703684;VASO MADREPERLA CREMA
18629912;8055732703707;JABONERA MADREPERLA CREMA
18629926;8055732703714;ESCOBILLERO MADREPERLA CREMA
18629933;8055732703721;ALGODONERO MADREPERLA CREMA
82363383;5602488279975;VASO MARBLE SILVER
82363384;5602488280070;VASO MARBLE NUDE
82363385;5602488279982;DOSIFICADOR MARBLE SILVER
82363386;5602488280087;DOSIFICADOR MARBLE NUDE
82363387;5602488279999;JABONERA MARBLE SILVER
82363388;5602488280094;JABONERA MARBLE NUDE
19949832;8003341054932;ESCOBILLERO MARINA
19949895;8003341054888;VASO MARINA
19949902;8003341054918;JABONERA MARINA
19950266;8003341054864;DOSIFICADOR MARINA
17551485;8055732702571;MERAPI VASO BLANCO
17551492;8055732702540;MERAPI DOSIFICADOR BLANCO
17551506;8055732702601;MERAPI JABONERA BLANCO
17551513;8056040804957;MERAPI ESCOBILLERO BLANCO
81959673;8420327416247;DOSIFICADOR BLANCO MINIMAL
81959674;8420327416230;DOSIFICADOR NEGRO MINIMAL
81959675;8420327416223;DOSIFICADOR GRIS MINIMAL
81959706;8420327416278;VASO CEPILLOS BLANCO MINIMAL
81959707;8420327416261;VASO CEPILLOS NEGRO MINIMAL
81959708;8420327416254;VASO CEPILLOS GRIS MINIMAL
81882639;3276000344506;JABONERA MODENA
81882655;3276000343196;DOSIFICADOR MODENA
81882665;3276000344490;VASO MODENA
81882682;3276000344513;ESCOBILLERO MODENA
82362504;4004478301504;DOSIFICADOR MONA ROSA
82362505;4004478301528;DOSIFICADOR MONA VERDE
82362506;4004478301559;DOSIFICADOR MONA MORADO
82363097;4004478301498;VASO MONA ROSA
82363098;4004478301511;VASO MONA VERDE
82363099;4004478301535;VASO MONA MORADO
81882648;3276000344216;DOSIFICADOR MOSAICO
81882689;3276000343042;VASO MOSAICO
81882711;3276000344193;JABONERA MOSAICO
81882731;3276000344209;ESCOBILLERO MOSAICO
81882750;3276000344223;ALGODONERA MOSAICO
19950000;8003341056486;ESCOBILLERO NAOMI CREMA/NEGRO
19950175;8003341056479;JABONERA NAOMI CREMA/NEGRO
19950231;8003341055571;DOSIFICADOR NAOMI CREMA/NEGRO
19950280;8003341055694;VASO NAOMI CREMA/NEGRO
81882977;3276000343387;DOSIFICADOR NATURAL BAMBOO
81882979;3276000343394;VASO NATURAL BAMBOO
81882981;3276000343400;JABONERA NATURAL BAMBOO
81882983;3276000343417;ESCOBILLERO NATURAL BAMBOO
81884234;3276000343431;BANDEJA NATURAL BAMBOO
81884235;3276000342830;PORTASERVILLETAS NATURAL BAMBOO
81884236;3276000343424;BOX NATURAL BAMBOO
19949846;8003341061336;ESCOBILLERO NIKITA ANTRACITA
19950154;8003341061190;DOSIFICADOR NIKITA ANTRACITA
19950294;8003341061237;VASO NIKITA ANTRACITA
81876671;8411801224083;DOSIFICADOR NOIR BAMBU
81876672;8411801224090;ESCOBILLERO NOIR BAMBU
81876674;8411801224076;VASO NOIR BAMBU
19949881;8003341060414;JABONERA OLIMPIA BLANCO/ORO
19949923;8003341060759;VASO OLIMPIA BLANCO/PLATA
19949944;8003341060261;DOSIFICADOR OLIMPIA BLANCO/ORO
19949965;8003341060797;JABONERA OLIMPIA BLANCO/PLATA
19949972;8003341060490;ESCOBILLERO OLIMPIA BLANCO/ORO
19950021;8003341060285;VASO OLIMPIA BLANCO/ORO
19950126;8003341060834;ESCOBILLERO OLIMPIA BLANCO/PLATA
19950203;8003341060674;DOSIFICADOR OLIMPIA BLANCO/PLATA
18870313;3700703999645;DOSIFICADOR OMAN ORO
18870446;3700703999676;ESCOBILLERO OMAN ORO
18870502;3700703999652;VASO OMAN ORO
18870516;3700703999669;JABONERA OMAN ORO
18870586;3700703999683;DOSIFICADOR OMAN PLATA
18870593;3700703999690;VASO OMAN PLATA
18870656;3700703999713;ESCOBILLERO OMAN PLATA
18870691;3700703999706;JABONERA OMAN PLATA
81888235;5602488245727;DOSIFICADOR OPTIMA CHOCO
81888236;5602488245741;DOSIFICADOR OPTIMA BEIGE
81888237;5602488245734;DOSIFICADOR OPTIMA AZUL
81888238;5602488245710;DOSIFICADOR OPTIMA BLANCO
81888239;5602488245680;VASO OPTIMA CHOCO
81888240;5602488245703;VASO OPTIMA BEIGE
81888241;5602488245697;VASO OPTIMA AZUL
81888242;5602488245673;VASO OPTIMA BLANCO
82245656;8420327449788;DOSIFICADOR ORO SOFIA
82245657;8420327449795;VASO ORO SOFIA
82245658;8420327449818;ESCOBILLERO ORO SOFIA
18870145;3700703999966;JABONERA PARIS CREMA
18870201;3700703999942;DOSIFICADOR PARIS CREMA
18870684;3700703999959;VASO PARIS CREMA
18870782;3700703999973;ESCOBILLERO PARIS CREMA
16442013;4008838182888;POLARIS DOSIFICADOR PISTACHO
16442020;4008838194058;POLARIS JABONERA PISTACHO
16442034;4008838192924;POLARIS ESCOBILLERO PISTACHO
18869676;4008838221570;DOSIFICADOR POLARIS AMARILLO
18869704;4008838358566;VASO POLARIS AMARILLO
18869711;4008838345962;ESCOBILLERO POLARIS AMARILLO
19950525;4008838168967;ESCOBILLERO POLARIS GRIS CLARO.
19950651;4008838166093;VASO POLARIS GRIS CLARO
19950833;4008838165478;DOSIFICADOR POLARIS GRIS CLARO
82201703;4008838268841;DOSIFICADOR POLARIS BLANCO MATE
82201704;4008838276938;DOSIFICADOR POLARIS NEGRO MATE
82201705;4008838260463;DOSIFICADOR POLARIS TAUPE MATE
82201776;4008838282533;VASO POLARIS BLANCO MATE
82201786;4008838283684;VASO POLARIS NEGRO MATE
82201790;4008838269558;VASO POLARIS TAUPE MATE
82201794;4008838271995;ESCOBILLERO POLARIS BLANCO MATE
82201795;4008838283028;ESCOBILLERO POLARIS NEGRO MATE
82201796;4008838260050;ESCOBILLERO POLARIS TAUPE MATE
16442006;4008838100462;POLARIS VASO PISTACHO
81962889;4008838235195;PORTACEPILLOS CERAMICO PUNTO BLANCO
81962891;4008838228289;DOSIFICADOR PUNTO BLANCO
81962893;4008838234716;ESCOBILLERO PUNTO BLANCO
18869662;4008838204757;DOSIFICADOR PURO ARENA
18869690;4008838204740;VASO PURO ARENA
18869760;4008838204771;ESCOBILLERO PURO ARENA
15428210;8003341183458;QUADROTTO JABONERA NEGRO
15428280;8003341183465;QUADROTTO DOSIFICADOR NEGRO
15428406;8003341183472;QUADROTTO ESCOBILLERO NEGRO
15428616;8003341183441;QUADROTTO PORTACEPILLOS NEGRO
16469313;8003341197639;QUADROTTO JABONERA BLANCO
16469341;8003341197660;QUADROTTO ESCOBILLERO BLANCO
16469362;8003341197653;QUADROTTO DOSIFICADOR BLANCO
16469383;8003341197646;QUADROTTO PORTACEPILLOS BLANCO
19455905;8003341184042;VALVULA DOSIFICADOR QUADROTTO
19455954;8003341183977;PIÑA ESCOBILLERO QUADROTTO
19455975;8003341197691;REPUESTO MANGO+PIÑA+DISCO QUADROTTO BLAN
19456003;8003341184028;REPUESTO MANGO+PIÑA+DISCO QUADROTTO NEGR
81882675;3276000342533;DOSIFICADOR REMIX MOON
81882691;3276000342823;VASO EASY GRIS
81882693;3276000343820;VASO REMIX MOON
81882712;3276000342588;JABONERA REMIX MOON
81882732;3276000343851;ESCOBILLERO REMIX MOON
81882999;3276000342519;DOSIFICADOR REMIX COCTAIL
81883000;3276000342502;DOSIFICADOR REMIX BANANA
81883005;3276000343790;VASO REMIX BANANA
81883014;3276000343806;VASO REMIX COCTAIL
81883019;3276000342557;JABONERA REMIX BANANA
81883027;3276000343868;ESCOBILLERO REMIX BANANA
81883028;3276000343295;ESCOBILLERO REMIX COCTAIL
81895590;3276000343837;ESCOBILLERO REMIX FJORD
81895593;3276000343844;ESCOBILLERO REMIX LAGUNA
81895603;3276000342540;JABONERA REMIX FJORD
81895604;3276000342571;JABONERA REMIX LAGUNA
81895615;3276000342496;DOSIFICADOR REMIX FJORD
81895616;3276000342526;DOSIFICADOR REMIX LAGUNA
81895642;3276000343783;VASO REMIX FJORD
81895643;3276000343813;VASO REMIX LAGUNA
81882191;3661733024205;DOSIFICADOR RIO BLANCO
81882192;3661733024182;DOSIFICADOR RIO GRIS
81882193;3661733024199;DOSIFICADOR RIO AZUL
18871244;5602488219711;JABONERA RUSTIC BLANCO
18871251;5602488219698;VASO RUSTIC BLANCO
18871265;5602488219704;DOSIFICADOR RUSTIC BLANCO
18871286;5602488219773;JABONERA RUSTIC BISON
18871293;5602488219759;VASO RUSTIC BISON
18871300;5602488219766;DOSIFICADOR RUSTIC BISON
19445573;5602488232802;ESCOBILLERO RUSTIC BLANCO
19445580;5602488250110;ESCOBILLERO RUSTIC SAVANA
81882649;3276000343356;JABONERA SAND GRIS
81882658;3276000343318;DOSIFICADOR SAND GRIS
81882667;3276000343332;VASO SAND GRIS
81882685;3276000343370;ESCOBILLERO SAND GRIS
81882978;3276000343301;DOSIFICADOR SAND BEIGE
81882980;3276000343325;VASO SAND BEIGE
81882984;3276000343363;ESCOBILLERO SAND BEIGE
81927435;3276000343349;JABONERA SAND BEIGE
81882687;3276000343875;VASO SCANDI NEGRO
81882718;3276000343905;ESCOBILLERO SCANDI NEGRO
81882749;3276000342021;ALGODONERO SCANDI NEGRO
81882763;3276000341987;MINI PAPELERA SCANDI NEGRO
81882993;3276000344124;DOSIFICADOR SCANDI BLANCO
81882994;3276000343882;DOSIFICADOR SCANDI NEGRO
81883004;3276000344131;VASO SCANDI BLANCO
81883026;3276000344155;ESCOBILLERO SCANDI BLANCO
81883034;3276000342038;ALGODONERO SCANDI BLANCO
81883036;3276000341956;MINI PAPELERA SCANDI BLANCO
81882248;8056040805640;DOSIFICADOR GLOSSY BLCO-PLATA
81882249;8056040805633;DOSIFICADOR GLOSSY NEGRO-ORO
81882434;8056040805664;VASO GLOSSY BLCO-PLATA
81882435;8056040805657;VASO GLOSSY NEGRO-ORO
81882472;8056040806265;ESCOBILLERO GLOSSY BLCO-PLATA
81882473;8056040806272;ESCOBILLERO GLOSSY NEGRO ORO
81932548;0838810016511;DOSIFICADOR SP SENSOR REC 237ML PLATA
81932550;838810016139;DOSIFICADOR SP SENSOR CONT 384ML PLATA
81932551;838810014838;DOSIFICADOR SP SENSOR 237ML BLANCO
81932553;0838810015248;DOSIFICADOR SP SENSOR 237ML PLATA
81932554;0838810014715;DOSIFICADOR SP MANUAL 443ML CROMADO
81932555;0838810014739;DOSIFICADOR MANUAL C/HUECO 650ML CROMADO
81932556;0838810017853;RECAMBIO DOSIFIC SP 1L GERANIO
81932557;0838810017860;RECAMBIO DOSIFIC SP 1L MANDARINA
81932558;0838810017877;RECAMBIO DOSIFIC SP 1L PEPINO
81932559;0838810017884;RECAMBIO DOSIFIC SP 1L AGUA PRIMAVERAL
81932560;0838810017891;RECAMBIO DOSIFIC SP 1L LAVANDA
81932561;0838810017907;RECAMBIO DOSIFIC SP 1L SIN FRAGANCIA
81882183;8719401361727;DOSIFICADOR SPHERE BEIGE
81882386;8719401361765;VASO SPHERE BEIGE
81882483;8719401361802;ESCOBILLERO SPHERE BEIGE
82366709;8003341107836;DOSIFICADOR SOFIA BLANCO
82366710;8003341108031;DOSIFICADOR SOFIA NEGRO
82366716;8003341107843;ESCOBILLERO SOFIA BLANCO
82366717;8003341108123;ESCOBILLERO SOFIA NEGRO
82366730;8003341107829;JABONERA SOFIA BLANCO
82366731;8003341107904;JABONERA SOFIA NEGRO
82366753;8003341107812;VASO SOFIA BLANCO
82366754;8003341107898;VASO SOFIA NEGRO
19996543;8719401361697;DOSIFICADOR SPHERE GRIS
19996550;8719401361734;VASO SPHERE GRIS
19996564;8719401361772;ESCOBILLERO SPHERE GRIS
19996571;8719401361703;DOSIFICADOR SPHERE GRIS OSCURO
19996585;8719401361741;VASO SPHERE GRIS OSCURO
19996592;8719401361789;ESCOBILLERO SPHERE GRIS OSCURO
19996606;8719401361710;DOSIFICADOR SPHERE NEGRO
19996613;8719401361758;VASO SPHERE NEGRO
19996620;8719401361796;ESCOBILLERO SPHERE NEGRO
81882680;3276000341864;DOSIFICADOR STONE GRIS OSCURO
81882696;3276000341840;VASO STONE GRIS OSCURO
81882716;3276000341833;JABONERA STONE GRIS OSCURO
81882736;3276000341857;ESCOBILLERO STONE GRIS OSCURO
81927310;3276000344957;DOSIFICADOR STONE BEIGE
81927311;3276000344964;VASO STONE BEIGE
81927312;3276000344971;JABONERA STONE BEIGE
81882677;3276000341963;DOSIFICADOR STREET
81882694;3276000341925;VASO STREET
81882734;3276000341949;ESCOBILLERO STREET
81882215;3700703990734;DOSIFICADOR TALLIN
81882405;3700703990741;VASO TALLIN
81882477;3700703990765;ESCOBILLERO TALLIN
81882638;3276000344261;JABONERA TERRAZO
81882654;3276000343073;DOSIFICADOR TERRAZO
81882664;3276000344254;VASO TERRAZO
81882681;3276000344278;ESCOBILLERO TERRAZO
81882690;3276000344285;ALGODONERA TERRAZO
81882692;3276000344308;BANDEJA TERRAZO
19950364;4008838173664;VASO COLLECTION BLANCO
19950371;4008838219577;ESCOBILLERO COLLECTION ROSA
19950490;4008838216446;ESCOBILLERO COLLECTION BLANCO
19950595;4008838161760;DOSIFICADOR COLLECTION BLANCO
19950672;4008838151358;BOTE COLLECTION ROSA
19950714;4008838147696;DOSIFICADOR COLLECTION ROSA
19950770;4008838199046;BOTE COLLECTION BLANCO
19950896;4008838218594;VASO COLLECTION ROSA
17551303;8433604003153;TIARA DOSIFICADOR BLANCO
17551324;8433604003184;TIARA ESCOBILLERO BLANCO
17551331;8433604003160;TIARA VASO BLANCO
17551366;8433604003177;TIARA JABONERA BLANCO
82380459;4008838273890;DOSIFICADOR TIRANA
82380465;4008838228906;ESCOBILLERO TIRANA
82380470;4008838274729;JABONERA TIRANA
82380498;4008838273012;VASO TIRANA
81885268;3276000343059;DOSIFICADOR TORENTO BLANCO
81885269;3276000344230;JABONERA TORENTO BLANCO
81885270;3276000344247;ESCOBILLERO TORENTO BLANCO
81885271;3276000343066;VASO TORENTO BLANCO
81959550;8420327421647;DOSIFICADOR TRIBAL REDONDO CHERRY
81959551;8420327421661;DOSIFICADOR TRIBAL CHERRY
81959552;8420327421616;DOSIFICADOR TRIBAL REDONDO BLANCO
81959553;8420327421654;DOSIFICADOR TRIBAL BLANCO
81956960;8056040807828;DISPENSADOR RIALTO ORO
81957368;8056040807835;VASO RIALTO ORO
81957369;8056040807842;JABONERA RIALTO ORO
81957372;8056040807866;ESCOBILLERO RIALTO ORO
81957414;8056040807859;ALGODONERO RIALTO ORO
18629856;8055732702250;DOSIFICADOR VISIR CREMA
18629863;8055732702274;VASO VISIR CREMA
18629870;8055732702267;JABONERA VISIR CREMA
18629884;8055732702281;ESCOBILLERO VISIR CREMA
32134186;8003341142899;DOSIFICADOR NIGELLA
32134193;8003341142882;VASO NIGELLA
33687766;8013381114305;DOSIFICADOR JUMPY
33687773;8013381114312;VASO JUMPY
33687794;8013381114336;ESCOBILLERO JUMPY
35125076;8003341208212;ESCOBILLERO NIGELLA
82147557;8433604006222;COSMIC ESCOBILLERO CROMO
82147558;8433604006253;COSMIC ESCOBILLERO ORO
82147559;8433604006284;COSMIC ESCOBILLERO COBRE
82147560;8433604006215;COSMIC VASO CROMO
82147561;8433604006246;COSMIC VASO ORO
82147562;8433604006277;COSMIC VASO COBRE
82147566;8433604006208;COSMIC DOSIFICADOR CROMO
82147567;8433604006239;COSMIC DOSIFICADOR ORO
82147568;8433604006260;COSMIC DOSIFICADOR COBRE
82147569;8433604006291;VIDRE DOSIFICADOR TRANSPARENTE
82147570;8433604006307;VIDRE DOSIFICADOR AHUMADO
82147571;8433604006314;VIDRE DOSIFICADOR TOPO
82201701;4008838251805;ALGODONERA TUPIAN BEIGE
82201707;4008838266366;DOSIFICADOR TUPIAN BEIGE
82201792;4008838266939;VASO TUPIAN BEIGE
82201798;4008838266199;ESCOBILLERO TUPIAN BEIGE
82248163;4008838266038;VASO ELMO AZUL
82248164;4008838267103;VASO ELMO GRIS
82248177;4008838263747;DOSIFICADOR ELMO AZUL
82248178;4008838238851;DOSIFICADOR ELMO GRIS
82248179;4008838256015;ESCOBILLERO ELMO AZUL
82248180;4008838268599;ESCOBILLERO ELMO GRIS
82248195;4008838261484;VASO TUPIAN GRIS
82248196;4008838268438;DOSIFICADOR TUPIAN GRIS
82248197;4008838250198;ALGODONERA TUPIAN GRIS
82248198;4008838272039;ESCOBILLERO TUPIAN GRIS
82363158;8433604006666;FOAM DOSIFICADOR BLANCO
82363159;8433604006697;FOAM DOSIFICADOR GRIS
82363160;8433604006727;FOAM DOSIFICADOR BEIGE
82363161;8433604006673;VASO FOAM BLANCO
82363162;8433604006703;VASO FOAM GRIS
82363163;8433604006734;VASO FOAM BEIGE
82363164;8433604006680;ESCOBILLERO FOAM BLANCO
82363165;8433604006710;ESCOBILLERO FOAM GRIS
82363166;8433604006741;ESCOBILLERO FOAM BEIGE
82380448;4008838231562;DOSFICIADOR VETRO AZUL
82380450;4008838266922;DOSFICIADOR VETRO MARRÓN
82380452;4008838257463;DOSFICIADOR VETRO VERDE
82380454;4008838254158;DOSFICIADOR VETRO ROSA
82391590;8433604006758;DOSIFICADOR BRO NEGRO
82391591;8433604006789;DOSIFICADOR BRO BLANCO
82391592;8433604006819;DOSIFICADOR BRO GRIS
82391593;8433604006765;VASO BRO NEGRO
82391594;8433604006796;VASO BRO BLANCO
82391595;8433604006826;VASO BRO GRIS
82391596;8433604006802;ESCOBILLLERO BRO BLANCO
82391597;8433604006772;ESCOBILLERO BRO NEGRO
82391598;8433604006833;ESCOBILLERO BRO GRIS
82460443;7610583202925;DOSIFICADOR CERAMICA Y CUERO NATURE
82460444;7610583202901;VASO CERAMICA Y CUERO NATURE
82460445;7610583202918;PORTACEPILLOS CERAMICA Y CUERO NATURE
82460446;7610583202932;JABONERA DE CERMICA Y CUERO NATURE
82460447;7610583202949;ESCOBILLERO DE CERAMICA Y CUERO NATURE
82512916;8433604006598;ESCOBILLERO MISURI GRIS
82512920;8433604006659;ESCOBILLERO MISURI BEIGE
82512930;8433604006581;VASO MISURI GRIS
82512931;8433604006611;VASO MISURI BLANCO
82512932;8433604006642;VASO MISURI BEIGE
82512933;8433604006574;DOSIFICADOR MISURI GRIS
82512936;8433604006604;DOSIFICADOR MISURI BLANCO
82512937;8433604006635;DOSIFICADOR MISURI BEIGE
82585666;8003341121832;JABONERA NIGELLA
82585683;8003341062517;JABONERA NEW MIZAR GRIS
82585699;8003341064474;JABONERA NEW MIZAR TORTORA
82585711;8003341064443;ESCOBILLERO NEW MIZAR GRIS
82585712;8003341064733;ESCOBILLERO NEW MIZAR TORTORA
82585713;8003341044438;DOSIFICADOR NEW MIZAR GRIS
82585714;8003341064450;DOSIFICADOR NEW MIZAR TORTORA
82585748;8003341062494;VASO NEW MIZAR GRIS
82585749;8003341064467;VASO NEW MIZAR TORTORA
15429015;3218049054060;SAKE DOSIFICADOR
15429050;3218049054121;BRUME DOSIFICADOR
15429085;3218049054046;SAKE JABONERA
15429092;3218049054053;SAKE VASO
15429120;3218049054107;BRUME JABONERA
15429225;3218049054114;BRUME VASO
15625995;3218049058044;BRUME ESCOBILLERO BLANCO
15626030;3218049058006;SAKE ESCOBILLERO BLANCO
17825913;3218047004135;AZTEQUE DOSIFICADOR ROJO CINABRE
17825934;3218047005453;PATCHWORK DOSIFICADOR AZUL
17825941;3218047004203;SINGLE ESCOBILLERO AZUL MARINO
17825962;3218047004159;MAYA DOSIFICADOR ROJO CINABRE
17825990;3218047004104;LOSANGE DOSIFICADOR AZUL MARINO
17826025;3218047004180;SINGLE ESCOBILLERO ROJO CINABRE
17826032;3218047004234;FLORY VASO VERDE LIMA
17826046;3218047004128;VAGUE DOSIFICADOR AZUL MARINO
17826060;3218047004166;MAYA VASO ROJO CINABRE
17826074;3218047004173;UNI JABONERA BLANCA
17826081;3218047004142;AZTEQUE VASO ROJO CINABRE
17826130;3218047004258;MAILLON VASO VERDE LIMA
17826144;3218047004197;SINGLE ESCOBILLERO BLANCO
17826214;3218047004241;MAILLON DOSIFICADOR VERDE LIMA
17826242;3218047004227;FLORY DOSIFICADOR VERDE LIMA
17826256;3218047004098;LOSANGE VASO AZUL MARINO
17826284;3218047005460;PATCHWORK VASO AZUL
17826291;3218047004210;SINGLE ESCOBILLERO VERDE LIMA
17826305;3218047004111;VAGUE VASO AZUL MARINO
17827740;3218047006344;EXPOSITOR GALEDO PROMOBOOK
18869781;3218047007747;JABONERA ELANCE BLANCO
18869795;3218047005491;DOSIFICADOR PYRAMIDE GRIS GEOMETRICO
18869802;3218047007617;ESCOBILLERO ELANCE ROSA
18869816;3218047007761;JABONERA ELANCE ROJO
18869823;3218049053902;JABONERA BETON GRIS
18869830;3218047007600;ESCOBILLERO ELANCE ROJO
18869844;3218047007709;VASO ELANCE ROJO
18869851;3218047007822;DOSIFICADOR ELANCE ROJO
18869865;3218047007648;ESCOBILLERO ELANCE VERDE PASTEL
18869872;3218047007785;DOSIFICADOR ELANCE ROSA
18869893;3218047007686;VASO ELANCE BLANCO
18869900;3218047007839;DOSIFICADOR ELANCE VERDE PASTEL
18869914;3218049053926;DOSIFICADOR BETON GRIS
18869921;3218047007662;VASO ELANCE ROSA
18869935;3218047007716;VASO ELANCE VERDE PASTEL
18869956;3218047007860;JOYERO ELANCE ROSA
18869963;3218047005507;VASO PYRAMIDE GRIS GEOMETRICO
18869970;3218049053940;ESCOBILLERO BETON GRIS
18869984;3218049053919;VASO BETON GRIS
18869991;3218047007778;JABONERA ELANCE VERDE PASTEL
18870005;3218047007808;DOSIFICADOR ELANCE BLANCO
18870012;3218047007631;ESCOBILLERO ELANCE BLANCO
18870026;3218047007853;JOYERO ELANCE VERDE PASTEL
18870033;3218047007723;JABONERA ELANCE ROSA
19115075;8433604004655;ESCOBILLERO DINAMICA ROSA
19115082;8433604004587;VASO DINAMICA BEIGE
19115096;8433604004594;ESCOBILLERO DINAMICA BEIGE
19115131;8433604004556;VASO DINAMICA GRIS
19115145;8433604004631;DOSIFICADOR DINAMICA ROSA
19115152;8433604004648;VASO DINAMICA ROSA
19115194;8433604004570;DOSIFICADOR DINAMICA BEIGE
19115215;8433604004624;ESCOBILLERO DINAMICA AZUL
19115236;8433604004600;DOSIFICADOR DINAMICA AZUL
19115243;8433604004617;VASO DINAMICA AZUL
19115250;8433604004549;DOSIFICADOR DINAMICA GRIS
19115264;8433604004563;ESCOBILLERO DINAMICA GRIS
19432525;3218047007730;ELANCE JABONERA AMARILLO
19432532;3218047007754;ELANCE JABONERA VERDE
19432546;3218047007679;ELANCE VASO AMARILLO
19432553;3218047007693;ELANCE VASO VERDE
19432560;3218047007792;ELANCE DOSIFICADOR AMARILLO
19432574;3218047007815;ELANCE DOSIFICADOR VERDE
19432581;3218047007624;ELANCE ESCOBILLERO AMARILLO
19432595;3218047007655;ELANCE ESCOBILLERO VERDE
19828116;3218047007198;ELANCE JABONERA MARBRE BLANCO
19828130;3218047007174;ELANCE MARBRE VASO BLANCO
19828151;3218047007204;ELANCE MARBRE DOSIFICADOR BLANCO
19828172;3218047007181;ELANCE MARBRE ESCOBILLERO BLANCO
19828186;3218047007211;ELANCE SCULPTE JABONERA NEGRO
19828193;3218047007228;ELANCE SCULPTE VASO NEGRO
19828200;3218047007235;ELANCE SCULPTE DOSIFICADOR NEGRO
19828214;3218047007242;ELANCE SCULPTE ESCOBILLERO NEGRO
19921041;4008838738498;DOSIFICADOR PURO ANTRACITA
19921055;4008838475171;DOSIFICADOR GRIS CLARO
19921062;4008838366257;VASO PURO ANTRACITA
19921076;4008838232699;VASO PURO GRIS CLARO
19921083;4008838270301;JABONERA PURO ANTRACITA
19921090;4008838349977;JABONERA PURO GRIS CLARO
19921104;4008838338971;ESCOBILLERO PURO ANTRACITA
19921111;4008838375679;ESCOBILLERO PURO GRIS CLARO
19949853;8003341060100;JABONERA CHANTAL NEGRO
19949860;8003341058916;JABONERA NORA GRIS
19949874;8003341056776;ESCOBILLERO NAOMI GRIS
19949916;8003341058923;ESCOBILLERO NORA GRIS
19949930;8003341057629;JABONERA PETRA GRIS
19949951;8003341057636;ESCOBILLERO PETRA GRIS
19949986;8003341058909;VASO NORA GRIS
19950014;8003341060063;DOSIFICADOR CHANTAL NEGRO
19950035;8003341057612;VASO PETRA GRIS
19950042;8003341061350;VASO NIKITA CEPILLADO
19950056;8003341056509;VASO NAOMI GRIS
19950070;8003341061343;DOSIFICADOR NIKITA CEPILLADO
19950084;8003341056493;DOSIFICADOR NAOMI GRIS
19950091;8003341060148;ESCOBILLERO CHANTAL NEGRO
19950161;8003341060087;VASO CHANTAL NEGRO
19950196;8003341056769;JABONERA NAOMI GRIS
19950245;8003341058893;DOSIFICADOR NORA GRIS
19950252;8003341061374;ESCOBILLERO NIKITA CEPILLADO
19950301;8003341057605;DOSIFICADOR PETRA GRIS
19950462;4008838163399;VASO POLARIS PASTEL ROSA
19950574;4008838213056;ESCOBILLERO POLARIS AZUL CLARO
19950623;4008838779996;VASO MARRAKESH MARRÓN
19950721;4008838475119;ESCOBILLERO MARRAKESH MARRÓN
19950763;4008838150764;DOSIFICADOR POLARIS AZUL CLARO
19950784;4008838163597;DOSIFICADOR POLARIS PASTEL ROSA
19950812;4008838149188;VASO POLARIS AZUL CLARO
19950875;4008838459898;DOSIFICADOR CERÁMICA MARRAKESH MARRÓN
19950903;4008838165645;ESCOBILLERO POLARIS PASTEL ROSA
19996634;3276004420299;VASO JAMES BAMBU.
19996655;3276004420213;DOSIFICADOR JAMES BAMBU
19996662;3276004420459;ESCOBILLERO JAMES BAMBU
19996676;3276004722522;ALGODONERIA JAMES BAMBU
81867694;8420327320742;DOSIFICADOR JABON SERIE KRISTAL TRANSP
81867695;8420327320766;DOSIFICADOR JABON SERIE KRISTAL NEGRO
81867696;8420327320759;DOSIFICADOR JABON SERIE KRISTAL VERDE
81867697;8420327320780;DOSIFICADOR JABON SERIE KRISTAL ROJO
81867701;8420327320797;VASO SERIE KRISTAL TRANSPARENTE
81867702;8420327320810;VASO SERIE KRISTAL NEGRO
81867703;8420327320803;VASO SERIE KRISTAL VERDE
81867704;8420327320834;VASO SERIE KRISTAL ROJO
81888453;8433604005102;DOSIFICADOR DINAMICA BL
81888454;8433604005133;DOSIFICADOR DINAMICA NEGRO
81888476;8433604005119;VASO DINAMICA BL
81888477;8433604005140;VASO DINAMICA NEGRO
81888478;8433604005126;ESCOBILLERO DINAMICA BL
81888479;8433604005157;ESCOBILLERO DINAMICA NEGRO
81962887;4008838238301;COMBINADO WC PUNTO BLANCO
81962888;4008838236208;COMBINADO WC PUNTO GRIS
81962895;4008838243244;PORTARROLLOS PUNTO BLANCO
81962896;4008838241929;PORTARROLLOS PUNTO GRIS
81962901;4008838225615;RESERVA PUNTO BLANCO
81962902;4008838219638;RESERVA PUNTO GRIS
81962904;4008838150559;CUBO DE PEDAL PUNTO BLANCO 3L
81962905;4008838239278;CUBO DE PEDAL PUNTO GRIS 3L
82018950;8013183107376;DOSIFICADOR FILO COLONIAL TAUPE
82018954;8013183107475;ESCOBILLERO FILO COLONIAL TAUPE
82066656;4008838240434;DISPENSADOR JABÓN CON SENSOR BUTLER
82207237;8013183107277;VASO FILO COLONIAL TAUPE
82232730;3253920028204;VASO FILO BLANCO
82232731;3253920292001;DOSIFICADOR FILO BLANCO
82232732;3253926102014;ESCOBILLERO FILO BLANCO
82331466;8719401650494;DOSIFICADOR VETRO AQUA
82331467;8719401650487;DOSIFICADOR VETRO AZUL
82331468;8719401650470;DOSIFICADOR VETRO GRIS
82331469;8719401653532;DOSIFICADOR CONVEX BLANCO
82331470;8719401653549;DOSIFICADOR CONVEX GRIS
82331471;8719401653556;DOSIFICADOR CONVEX AZUL
82331472;8719401653563;DOSIFICADOR CONVEX AQUA
82331473;8719401653570;DOSIFICADOR CONVEX ROSA
82331474;8719401653907;DOSIFICADOR BRAID ARENA
82331475;8719401653891;DOSIFICADOR BRAID GRIS
82331476;8719401653631;ESCOBILLERO CONVEX BLANCO
82331477;8719401653655;ESCOBILLERO CONVEX AZUL
82331478;8719401653648;ESCOBILLERO CONVEX GRIS
82331479;8719401653662;ESCOBILLERO CONVEX AQUA
82331480;8719401653679;ESCOBILLERO CONVEX ROSA
82331481;8719401653952;ESCOBILLERO BRAID GRIS
82331482;8719401653969;ESCOBILLERO BRAID ARENA
82331494;8719401650524;VASO VETRO ACQUA
82331495;8719401650517;VASO VETRO AZUL
82331496;8719401650500;VASO VETRO GRIS
82331497;8719401653587;VASO CONVEX BLANCO
82331498;8719401653594;VASO CONVEX GRIS
82331499;8719401653600;VASO CONVEX AZUL
82331500;8719401653617;VASO CONVEX AQUA
82331501;8719401653624;VASO CONVEX ROSA
82331502;8719401653921;VASO BRAID GRIS
82331503;8719401653938;VASO BRAID ARENA
82332996;8433604006451;DOSIFICADOR SMOOTH GRIS
82332997;8433604006499;DOSIFICADOR SMOOTH BLANCO
82332998;8433604006536;DOSIFICADOR SMOOTH BEIGE
82333000;8433604006543;VASO SMOOTH BEIGE
82333001;8433604006468;PORTACEPILLOS SMOOTH GRIS
82333002;8433604006505;PORTACEPILLOS SMOOTH BLANCO
82333003;8433604006512;ESCOBILLERO SMOOTH BLANCO
82333004;8433604006550;ESCOBILLERO SMOOTH BEIGE
82333005;8433604006475;ESCOBILLERO SMOOTH GRIS
82333006;8433604006529;PAPELERA SMOOTH BLANCO
82333007;8433604006482;PAPELERA SMOOTH GRIS
14462525;8003341167274;MYOSOTIS VASO GRIS
14463190;3218042033277;CHRONIQUE JABONERA RESINA MARRON
14648753;3276200147785;URBAN ESCOBILLERO MATE
14649054;3276200088446;LIGHT PORTACEPILLOS CRISTAL
14649061;3276200088408;LIGHT VASO CRISTAL
14649292;3276200147983;STAR JABONERA NEGRA
14649726;3276200147945;STAR PORTECEPILLOS NEGRO
14649824;3276200088002;STAR JABONERA NARANJA
14649894;3276200087807;STAR PORTACEPILLOS FUCSIA
14649936;3276200087685;STAR JABONERA ROJO
14649950;3276200148300;STAR ESCOBILLERO ROJO
14649964;3276200087609;STAR VASO ROJO
15428826;4008838178423;POLARIS DOSIFICADOR BLANCO
15428840;4008838194041;POLARIS JABONERA BERENJENA
15428875;4008838100394;POLARIS VASO BLANCO
15428903;4008838192948;POLARIS ESCOBILLERO BERENJENA
15428966;4008838100455;POLARIS VASO BERENJENA
15428994;4008838100479;POLARIS JABONERA BLANCO
15429071;3218049053391;SABLE DOSIFICADOR
15429330;8433604001357;PASHA JABONERA BLANCO
15429344;8433604001326;PASHA DOSIFICADOR BLANCO
15429435;8433604001364;PASHA ESCOBILLERO BLANCO
15451975;8433604001425;NIDO DOSIFICADOR MADERA
15524124;;HAPPY JABONERA VERDE
15953455;;GOM JABONERA NEGRO
15991164;8055732700713;APPLE JABONERA HK BLANCO GRIS
15991206;8055732700737;FLOWER JABONERA HK BLANCO ROSA
16022342;3276200366193;LOFT JABONERA SOBREPONER BLANCO
16022356;3276200366155;LOFT VASO SOBREPONER BLANCO
16267181;3276004542328;TRENTO ALGODONERA BLANCO
16267202;3276004542229;TRENTO JABONERA BLANCO
16326912;3276200251574;COCO VASO CROMO
16326926;3276000143253;CLAIRE JABONERA VERDE
16326954;3276000143826;CLAIRE VASO VERDE
16326996;3276000089391;CLAIRE DOSIFICADOR TRANSPARENTE
16327010;3276000143567;CLAIRE JABONERA ROJO
16327045;3276000143949;CLAIRE VASO ROJO
16329530;3276200089283;JABONERA FUNKY BLANCO
16329733;3276200089160;DOSIFICADOR FUNKY BLANCO
16329740;3276200148782;ESCOBILLERO FUNKY BLANCO
16329754;3276200089207;VASO FUNKY BLANCO
16329782;3276200089320;DOSIFICADOR FUNKY AZUL
16329803;3276200089368;VASO FUNKY AZUL
16330720;4008838198940;POLARIS JABONERA CROMO
16330776;4008838194027;POLARIS JABONERA AZUL MARINO
16330811;4008838199541;POLARIS DOSIFICADOR MARRON
16330825;4008838199527;POLARIS JABONERA MARRON
16332666;3276200405168;CLAIRE ESCOBILLERO VERDE
16332680;3276200405229;CLAIRE ESCOBILLERO ROJO
16332736;3276200405250;CLAIRE ESCOBILLERO AZUL
16437533;8055732707675;DAMASCO DOSIFICADOR ROSA
16441964;4008838100417;POLARIS VASO NARANJA
16441985;4008838194010;POLARIS JABONERA NARANJA
16469404;8003341194034;MUGHETTO JABONERA ANTRACITA
16469460;8003341194003;MUGHETTO JABONERA MOKA
16469502;8003341199152;FORSIZIA JABONERA PLATA
16469544;8003341199190;FORSIZIA JABONERA LILA
16469600;8003341199114;FORSIZIA JABONERA BLANCO
16469824;4008838199848;RECIFE VASO MARRON
16470146;4008838202241;PARADISE VASO ROJO
16470174;4008838202272;PARADISE ESCOBILLERO ROJO
16470230;4008838202302;PARADISE JABONERA PETROLEO
16470433;4008838127742;NOBLE DOSIFICADOR BLANCO
16470650;4008838201664;CUBE VASO BLANCO
16718016;3276004671363;ARENA JABONERA GRIS
16718044;3276004671240;ARENA DOSIFICADOR GRIS
16718261;3276004686732;GLAM JABONERA MARRON
16722881;3276004679093;CREAM JABONERA CREMA
16722965;3276004762658;ROUND PORTAVASOS ANIS 3
16723042;3276004762535;ROUND PORTACEPILLOS GRIS GALET3
16723154;3276004743534;ROUND PORTAVASOS BLUE ATOLL 4
16723490;3276000179801;ABSOLU JABONERA BLANCA
16723504;3276200049959;ABSOLU PORTAVASOS BLANCA
16723532;3276200049751;ABSOLU PORTACEPILLOS BLANCA
16723616;3276004720962;ABSOLU JABONERA GRIS GALET3
16723665;3276004720887;ABSOLU PORTAVASOS GRIS GALET3
16723693;3276004720849;ABSOLU DOSIFICADOR GRIS GALET3
16723714;3276000179863;ABSOLU JABONERA WARM GREY
16723735;3276200050313;ABSOLU DOSIFICADOR WARM GREY
16723756;3276200050115;ABSOLU PORTAVASOS WARM GREY
16746492;3276004888051;LOFT ESCOBILLERO CROMO SOBREPONER
16746506;3276004888013;LOFT JABONERA CROMO
16759652;3276004886088;SANDY JABONERA CROMO
17460940;8003341198957;MARTINA JABONERA AZUL
17462095;8003341206478;SOLE DOSIFICADOR VERDE
17462494;4008838656297;SLATE ROCK VASO
17462536;4008838656273;SLATE ROCK JABONERA
17462543;4008838656334;SLATE ROCK ESCOBILLERO
17462585;4008838793985;HAVANA JABONERA
17551135;8433604003313;AMBAR DOSIFICADOR BLANCO
17551156;8433604003344;AMBAR ESCOBILLERO BLANCO
17551163;8433604003320;AMBAR VASO BLANCO
17551184;8433604003276;AMBAR DOSIFICADOR PLATA
17551205;8433604003306;AMBAR ESCOBILLERO PLATA
17551212;8433604003283;AMBAR VASO PLATA
17551240;8433604003290;AMBAR JABONERA PLATA
17551275;8433604003467;AMBAR VASO AZUL
17551401;8433604003528;AMBAR JABONERA DORADO
17551422;;EQUATORIAL VASO CHOCO
17551443;5602488171361;NEW PLUS DOSIFICADOR VIOLETA
17551471;5602488171378;NEW PLUS JABONERA VIOLETA
17551765;8433604003436;AMBAR ESCOBILLERO NARANJA
17551772;8433604003412;AMBAR VASO NARANJA
17551793;8433604003429;AMBAR JABONERA NARANJA
17552010;8433604003191;TRAVERTINO DOSIFICADOR MARMOL
17552045;8433604003221;TRAVERTINO ESCOBILLERO MARMOL
17552066;8433604003207;TRAVERTINO VASO MARMOL
17552080;8433604003214;TRAVERTINO JABONERA MARMOL
17552402;5602488202317;DYNAMIC VASO BLANCO
17552472;5602488202393;DYNAMIC JABONERA AZUL
17624691;8433604003627;AMBAR PORTACEPILLOS BLANCO
17624733;8433604003443;AMBAR PORTACEPILLOS NARANJA
17931851;3661733010079;JABONERA HAPPY ARLEQUIN GRIS+AMARILLO
17933636;3661733010116;JABONERA HAPPY ARLEQUIN GRIS+ROJO
17933825;3661733010260;VASO HAPPY COMICS
17933832;3661733010277;JABONERA HAPPY COMICS
17933881;3661733010314;JABONERA HAPPY POEME
18630241;8055732708573;JABONERA STRASS BLANCO
18723754;3661733013865;JABONERA HAPPY DROP
18870040;3700703958178;VASO LOUXOR GRIS
18870054;3700703999843;JABONERA KOH TAO CEMENTO
18870075;3700703999560;VASO VENISE NEGRO
18870222;3700703958222;JABONERA KITEE BLANCO
18870271;3700703958598;JABONERA CAMBERRA BEIGE
18870306;3700703999836;VASO KOH TAO CEMENTO
18870334;3700703958208;DOSIFICADOR KITEE BLANCO
18870383;3700703957072;VASO IGUAÇU CEMENTO
18870404;3700703958215;VASO KITEE BLANCO
18870481;3700703957089;JABONERA IGUAÇU CEMENTO
18870530;3700703958260;JABONERA KITEE NEGRO
18870670;3700703958253;VASO KITEE NEGRO
18870726;3700703955535;JABONERA KUBIC BLANCO
18870803;3700703926627;VASO DAKAR
18870810;3700703958413;VASO SUEZ BLANCO
18870845;3700703958406;DOSIFICADOR SUEZ BLANCO
18870852;3700703926634;JABONERA DAKAR
18870985;3700703958185;JABONERA LOUXOR GRIS
18871125;5602488171989;JABONERA ROCK NEGRO
18871132;5602488202324;VASO DYNAMIC GRIS
18871153;5602488171965;VASO ROCK NEGRO
18871174;5602488171972;DOSIFICADOR ROCK NEGRO
18871181;5602488171712;JABONERA RUBBER TURQUESA
18871342;8055732708863;DOSIFICADOR TRUE COLORS AZUL
18871384;8055732708917;VASO TRUE COLORS AZUL
18871405;8056040800133;JABONERA PHARMACIE BLANCO
18871412;8056040800119;VASO PHARMACIE BLANCO
18871440;8056040800140;JABONERA PHARMACIE MARRON
18871454;8056040800126;VASO PHARMACIE MARRON
18871461;8056040800096;DOSIFICADOR PHARMACIE BLANCO
18871475;8056040800102;DOSIFICADOR PHARMACIE MARRON
18871552;3661733013537;DOSIFICADOR HAPPY BOHEME AZUL
18871566;3661733013476;JABONERA HAPPY BOHEME AZUL
18871615;3661733013520;JABONERA HAPPY BOHEME ROSA
18871622;3661733013551;ALGODONERA HAPPY BOHEME AMARILLO
18871636;3661733013513;VASO HAPPY BOHEME AMARILLO
18871664;3661733013315;JABONERA HAPPY POEME D'OR
18871685;3661733013308;VASO HAPPY POEME D'OR
18871720;3661733013339;ESCOBILLERO HAPPY POEME D'OR
18871734;3661733013322;DOSIFICADOR HAPPY POEME D'OR
18876571;8055732708962;JABONERA TRUE COLORS AZUL
18877320;8055732708894;DOSIFICADOR TRUE COLORS FUCSIA
18877376;8055732708993;JABONERA TRUE COLOR FUCSIA
18877852;;CARTELERIA PROMOBOOK WENKO
19443032;8056040806692;ESCOBILLERO PHARMACIE MARRON
19443144;8056040806708;ESCOBILLERO PHARMACIE BLANCO
19836733;3700703957300;REJILLA DOHA 68.5X18X5.5 ACERO INOXIDAB
19836775;3700703927082;DOSIFICADOR DOHA COBRE
19836810;3700703927099;VASO DOHA COBRE
19836831;3700703927112;ESCOBILLERO DOHA COBRE
19950350;4008838186497;ESCOBILLERO MAISON CREAM GRIS
19950385;4008838164860;ESCOBILLERO MALTA AMARILLO/BLANCO
19950392;4008838148945;VASO ACERO ONNA BRILLANTE
19950434;4008838153246;DOSIFICADOR MALTA AMARILLO/BLANCO
19950476;4008838155387;DOSIFICADOR MALTA MENTA/BLANCO
19950511;4008838165812;VASO MALTA MENTA/BLANCO
19950532;4008838153819;ESCOBILLERO MAISON CREMA
19950581;4008838218679;BOTE MAISON CREMA
19950602;4008838217689;DOSIFICADOR MAISON CREAM CREMA
19950644;4008838164914;BOTE MAISON CREAM GRIS
19950665;4008838161425;ESCOBILLERO MALTA MENTA/BLANCO
19950700;4008838149980;DOSIFICADOR MALTA ROSADO/BLANCO
19950735;4008838213773;ESCOBILLERO MÁRMOL ONYX BLANCO
19950791;4008838163917;DOSIFICADOR MÁRMOL ONYX BLANCO
19950805;4008838160589;ESCOBILLERO MALTA ROSADO/BLANCO
19950826;4008838190869;VASO MÁRMOL ONYX BLANCO
19950840;4008838218570;DOSIFICADOR ACERO ONNA BRILLANTE
19950854;4008838153734;VASO MALTA ROSADO/BLANCO
19950882;4008838149713;VASO MAISON CREAM GRIS.
19950931;4008838214589;VASO MALTA AMARILLO/BLANCO
19950966;4008838163443;DOSIFICADOR MAISON CREAM GRIS
19950973;4008838216392;VASO MAISON CREAM CREMA.
19951036;8433604004891;DOSIFICADOR DARWIN BLANCO
19951071;8433604004907;VASO DARWIN BLANCO
19951106;8433604004969;VASO DARWIN NEGRO
19951113;8433604004952;DOSIFICADOR DARWIN NEGRO
81867699;8420327337108;DOSIFICADOR JABÓN SERIE LONDON NEGRO
81867706;8420327337146;VASO SERIE LONDON NEGRO
81867707;8420327353276;VASO SERIE LONDON GRIS
81876673;8411801224069;JABONERA NOIR BAMBU
81879391;3276000229247;DOSIFICADOR COPPER
81879396;3276000229278;ESCOBILLERO COPPER
81879397;3276000229254;VASO COPPER
81882190;8433290380101;DOSIFICADOR ICE AZUL
81882224;8433604005560;DOSIFICADOR ANÍS ÁMBAR
81882225;8433604005577;DOSIFICADOR ANÍS TRANSPARENTE
81882226;8433604005584;DOSIFICADOR ANÍS CROMO
81882230;8433604005621;DOSIFICADOR PALMIRA TRANS
81882231;8433604005638;DOSIFICADOR PALMIRA AZUL
81882232;8433604005645;DOSIFICADOR PALMIRA TOPO
81882233;8433604005683;DOSIFICADOR TOMY PLATA
81882234;8433604005652;DOSIFICADOR TOMY ORO
81882235;8433604005713;DOSIFICADOR TOMY BRONCE
81882236;3700703900443;DOSIFICADOR NORDEN BLANCO
81882237;3700703900481;DOSIFICADOR NORDEN TOPO
81882238;3700703936022;DOSIFICADOR NORDEN GRIS CLARO
81882239;8433604005744;DOSIFICADOR ESTAMBUL CROMO
81882240;8433604005775;DOSIFICADOR ESTAMBUL ORO
81882242;8433604005836;ALCAZABA AZUL DOSIFICADOR
81882243;8433604005867;DOSIFICADOR ALCAZABA GRIS
81882244;3700703990642;DOSIFICADOR IKEBANA AZUL
81882245;3700703932840;DOSIFICADOR IKEBANA BEIGE
81882246;3700703919292;DOSIFICADOR EDITH
81882250;8433604005393;DOSIFICADOR EMMA PLATA
81882251;8433604005409;DOSIFICADOR EMMA ORO
81882269;8433604005805;DOSIFICADOR ESTAMBUL BRONCE
81882393;8433290380095;VASO ICE AZUL
81882419;8433604005669;VASO TOMY ORO
81882420;8433604005690;VASO TOMY PLATA.
81882421;8433604005720;VASO TOMY BRONCE
81882422;3700703900450;VASO NORDEN BLANCO
81882423;3700703900498;VASO NORDEN TOPO
81882424;3700703936039;VASO NORDEN GRIS CLARO
81882425;8433604005751;VASO ESTAMBUL CROMO
81882426;8433604005782;VASO ESTAMBUL ORO
81882427;8433604005812;VASO ESTAMBUL BRONCE
81882428;8433604005843;ALCAZABA AZUL VASO
81882429;8433604005874;VASO ALCAZABA GRIS
81882430;3700703990659;VASO IKEBANA AZUL
81882431;3700703932857;VASO IKEBANA BEIGE
81882432;3700703919308;VASO EDITH
81882464;8433604005676;ESCOBILLERO TOMY ORO
81882465;8433604005706;ESCOBILLERO TOMY PLATA
81882466;8433604005737;ESCOBILLERO TOMY BRONCE
81882467;8433604005768;ESCOBILLERO ESTAMBUL CROMO
81882468;8433604005799;ESCOBILLERO ESTAMBUL ORO
81882469;8433604005829;ESCOBILLERO ESTAMBUL BRONCE
81882470;8433604005850;ESCOBILLERO ALCAZABA AZUL
81882471;8433604005881;ESCOBILLERO ALCAZABA GRIS
81882478;3700703900474;ESCOBILLERO NORDEN BLANCO
81882480;3700703936053;ESCOBILLERO NORDEN GRIS CLARO
81882481;3700703990673;ESCOBILLERO IKEBANA AZUL
81882482;3700703932871;ESCOBILLERO IKEBANA BEIGE
81882496;8433290380125;ESCOBILLERO ICE AZUL
81883077;3276000342953;DOSIFICADOR BARNEY ROJO
81883080;3276000342977;VASO BARNEY ROJO
81883086;3276000343004;ESCOBILLERO BARNEY ROJO
81883168;3276000344773;ESCOBILLERO APOLLON GRIS OSCURO
81883169;3276000344780;ESCOBILLERO APOLLON GRIS CLARO
81883306;3276000344070;VASO APOLLON GRIS OSCURO
81883307;3276000344087;VASO APOLLON GRIS CLARO
81883314;3276000344759;JABONERA APOLLON GRIS OSCURO
81883317;3276000343165;DOSIFICADOR APOLLON GRIS OSCURO
81883318;3276000344063;DOSIFICADOR APOLLON GRIS CLARO
81883857;3276000343110;DOSIFICADOR PANDORA BLANCO
81883858;3276000344377;ESCOBILLERO PANDORA BLANCO
81883859;3276000344360;JABONERA PANDORA BLANCO
81883860;3276000343127;VASO PANDORA BLANCO
81928485;3276000344735;ALGODONERA APOLLON GRANDE GRIS CLARO
81928486;3276000344094;ALGODONERA APOLLON PEQUEÑA GRIS OSCURO
81928487;3276000344100;ALGODONERA APOLLON MEDIANA GRIS OSCURO
81928488;3276000344742;ALGODONERA APOLLON GRANDE GRIS OSCURO
81962890;4008838222508;PORTACEPILLOS CERAMICO PUNTO GRIS
81962892;4008838235607;DOSIFICADOR PUNTO GRIS
81962894;4008838225349;ESCOBILLERO PUNTO GRIS
81972453;3700703980896;ESCOBILLERO NORDEN TOPO
81979158;7610583200686;DOSIFICADOR SINA GREEN
81979159;7610583200631;DOSIFICADOR SINA TOPO
81979160;7610583200501;DOSIFICADOR SINA BLANCO
81979176;7610583200679;VASO SINA GREEN
81979177;7610583200624;VASO SINA TOPO
81979178;7610583200495;VASO SINA BLANCO
81979270;7610583200709;ESCOBILLERO SINA GREEN
81979271;7610583200655;ESCOBILLERO SINA TOPO
82026259;8433604006000;DOSIFICADOR REM BLANCO
82026260;8433604006031;DOSIFICADOR REM GRIS
82026261;8433604006062;DOSIFICADOR REM BEIGE
82026262;8433604006017;VASO REM BLANCO
82026263;8433604006048;VASO REM GRIS
82026264;8433604006079;VASO REM BEIGE
82026271;8433604006024;ESCOBILLERO REM BLANCO
82026272;8433604006055;ESCOBILLERO REM GRIS
82026273;8433604006086;ESCOBILLERO REM BEIGE
82235841;4008838232019;VASO DE DIENTES POLARIS NODI, CROMO
82333008;8433604006567;PAPELERA SMOOTH BEIGE
82546411;;TOALLERO+PERCHA+CESTO+FIJACIÓN CREDENCE
82460448;7610583205018;PORTARROLLOS TAREK
14826056;4008913516409;ZENNA PORTARROLLO C/TAPA WENGUE
14826063;4008913515419;ZENNA PORTARROLLO WENGUE
15153446;8431907107363;CLOE ESTANTERIA PARED Nº 15 CROMO
15153453;8431907107356;CLOE ESPONJ.GEL RINCON Nº14 CROMO
15153460;8431907107349;CLOE ESPONJ. GEL Nº13(35,5CM) CROMO
15153474;8431907107271;CLOE PALO C/TAPA-BROCHA ESCOB.L. CRO
15153481;8431907107257;CLOE PALO C/BROCHA ESCOB.CRISTAL CR
15153495;8431907107233;CLOE PULSADOR DOSIFICADOR CROMO
15153502;8431907107226;CLOE BOT.DOSIF.CRISTAL C/PULS. CROMO
15153516;8431907107127;CLOE PORTARROLLOS FRONTAL CROMO
15153523;8431907107080;CLOE DOSIFICADOR PARED LATON CROMO
15153530;8431907108032;CLOE SOPORTE SECADOR CROMO
15153544;8431907107011;CLOE T.BARRA 30CM CROMO
15153551;8431907107141;CLOE PERCHA DOBLE CROMO
15153565;8431907107165;CLOE ESCOBILLERO PARED LATON CROMO
15153572;8431907107103;CLOE PORTARROLLOS SIN TAPA CROMO
15153586;8431907107073;CLOE DOSIFICADOR PARED CRISTAL CROM
15153593;8431907107110;CLOE P/RROLLOS RESERVA DOBLE CROMO
15153600;8431907107035;CLOE T.BARRA FIJA 38CM CROMO
15153614;8431907107028;CLOE T.BARRA BIDE 25CM CROMO
15153621;8431907107004;CLOE T.BARRA 40CM CROMO
15153635;8431907106991;CLOE T.BARRA 50CM CROMO
15153642;8431907107158;CLOE ESCOBILLERO PARED CRISTAL CROM
15153656;8431907107134;CLOE PERCHA CROMO
15153663;8431907107097;CLOE PORTARROLLOS CON TAPA CROMO
15153670;8431907107066;CLOE PORTAVASOS PARED CRISTAL CROMO
15153684;8431907107059;CLOE JABONERA PARED CRISTAL CROMO
15153691;8431907107042;CLOE ARO GRANDE 25 CM CROMO
15153705;8431907106984;CLOE T.BARRA 60CM CROMO
15153712;8431907106977;CLOE REPISA 55CM CROMO
15154391;8431907090368;KEY PALO C/BROCHA CROMO
15154405;8431907090344;KEY PULSADOR DOSIFICADOR CROMO
15154412;8431907090313;KEY BOT.DOSIF.C/PULS. CROMO
15154426;8431907090191;KEY PORTARROLLOS S/TAPA CROMO
15154433;8431907090153;KEY DOSIFICADOR PARED CROMO
15154440;8431907090214;KEY PORTARROLLOS RESERVA CROMO
15154454;8431907090054;KEY T.BARRA BIDE 25CM CROMO
15154461;8431907090030;KEY T.BARRA 40CM CROMO
15154475;8431907090016;KEY T.BARRA 50CM CROMO
15154482;8431907090252;KEY ESCOBILLERO CROMO
15154496;8431907090238;KEY PERCHA CROMO
15154503;8431907090177;KEY PORTARROLLOS C/TAPA CROMO
15154510;8431907090139;KEY PORTAVASOS CROMO
15154524;8431907090115;KEY JABONERA CROMO
15154531;8431907090092;KEY ARO PEQUEÑO 22 CM CROMO
15154545;8431907090078;KEY ARO GRANDE 23 CM CROMO
15154552;8431907089997;KEY T.BARRA 60CM CROMO
15154566;8431907089973;KEY REPISA 55CM CROMO
15154573;8431907079097;JUNCAL PALO C/BROCHA CROMO
15154580;8431907078953;JUNCAL PULS.DOSIF. CROMO
15154594;8431907078816;JUNCAL BOT.DOSIF.C/PULS. CROMO
15154601;8431907057521;JUNCAL DOSIFICADOR CROMO
15154615;8431907057385;JUNCAL T/B BIDE 25CM CROMO
15154622;8431907057248;JUNCAL T.BARRA 46CM CROMO
15154636;8431907057101;JUNCAL ESCOBILLERO CROMO
15154643;8431907056968;JUNCAL PERCHA CROMO
15154650;8431907056821;JUNCAL PORTARROLLOS CROMO
15154664;8431907056685;JUNCAL PORTAVASOS CROMO
15154671;8431907056548;JUNCAL JABONERA CROMO
15154685;8431907056401;JUNCAL ARO PEQUEÑO 23 CM CROMO
15154692;8431907056265;JUNCAL ARO GRANDE 25 CM CROMO
15154706;8431907056128;JUNCAL T.BARRA 56CM CROMO
15154713;8431907055985;JUNCAL REPISA 55CM CROMO
15154720;8431907074764;SIENA PALO C/BROCHA LATON ENVEJ.
15154734;8431907074641;SIENA PULS.DOSIF. LATON ENVEJECIDO
15154741;8431907074528;SIENA BOT.DOSIF.C/PULS. LATON ENVEJ.
15154755;8431907028866;SIENA PORTARROLLOS MINI LATON ENVEJ
15154762;8431907028736;SIENA DOSIFICADOR PARED LATON ENVEJ
15154776;8431907028606;SIENA T.DOBLE GIRAT.45CM LATON ENV.
15154783;8431907028477;SIENA T.BARRA BIDE 33CM LATON ENV.
15154790;8431907028347;SIENA T.BARRA 35CM LATON ENVEJECIDO
15154804;8431907028217;SIENA T.BARRA 46CM LATON ENVEJECIDO
15154811;8431907028088;SIENA ESCOBILLERO LATON ENVEJECIDO
15154825;8431907027951;SIENA PERCHA LATON ENVEJECIDO
15154832;8431907027821;SIENA PORTARROLLOS LATON ENVEJECIDO
15154846;8431907027692;SIENA PORTAVASOS LATON ENVEJECIDO
15154853;8431907027562;SIENA JABONERA LATON ENVEJECIDO
15154860;8431907027432;SIENA ARO PEQUEÑO 20 CM LATON ENVEJE
15154874;8431907027302;SIENA ARO GRANDE 24 CM LATON ENVEJE
15154881;8431907027173;SIENA T.BARRA 56CM LATON ENVEJECIDO
15154895;8431907027043;SIENA REPISA 55CM LATON ENVEJECIDO
15435910;4008912637402;SAFIRA TOALLERO 2 BARRAS MOVIL CROMADO
15435924;4008912639406;SAFIRA TOALLERO ANILLA CROMADO
15435931;4008912634401;SAFIRA REPISA 70 CM. CROMADO CRISTAL
15435945;4008912635408;SAFIRA DOSIFICADOR DE JABÓN CRO CRISTAL
15435952;4008912630403;SAFIRA JABONERA CROMADO CRISTAL
15435966;4008912632407;SAFIRA REPISA PEQUEÑA 25 CM CRO CRISTAL
15435973;4008912649405;SAFIRA ESCOBILLERO CROMADO CRISTAL
15435980;4008912640402;SAFIRA PORTARROLLOS CROMADO
15435994;4008912647401;SAFIRA COLGADOR EXTRA GRANDE CROMADO
15436001;4008912648408;SAFIRA COLGADOR DOBLE CROMADO
15436015;4008912641409;SAFIRA PORTARROLLOS C/TAPA CRO CRISTAL
15436022;4008912646404;SAFIRA COLGADOR GRANDE CROMADO
15436036;4008912629407;SAFIRA PORTARROLLOS RESERVA CRO CRISTAL
15436043;4008912645407;SAFIRA COLGADOR PEQUEÑO CROMADO
15436050;4008912636405;SAFIRA TOALLERO BARRA CROMADO
15436064;4008912625409;SAFIRA PORTAVASOS SENCILLO CRO CRISTAL
15648451;8431907108056;POP REPISA 55CM CROMO
15648465;8431907108063;POP T.BARRA 60.4CM CROMO
15648472;8431907108070;POP T.BARRA 50.4CM CROMO
15648486;8431907108087;POP T.BARRA 40.4CM CROMO
15648493;8431907108094;POP T.BARRA 30.4CM CROMO
15648500;8431907108100;POP T.BARRA BIDE 25.2CM CROMO
15648514;8431907108117;POP T.BARRA FIJA 38.3CM CROMO
15648521;8431907108124;POP T.ARO GR 25CM CROMO
15648535;8431907108131;POP JABONERA PARED CROMO
15648542;8431907108148;POP PORTAVASOS PARED CROMO
15648556;8431907108155;POP DOSIFICADOR PARED CROMO
15648563;8431907108162;POP PORTARROLLOS C/T CROMO
15648570;8431907108179;POP PORTARROLLOS S/T CROMO
15648584;8431907108186;POP PORTARROLLOS FRONTAL CROMO
15648591;8431907108193;POP PERCHA CROMO
15648605;8431907108209;POP PERCHA DOBLE CROMO
15648626;8431907108216;POP ESCOBILLERO PARED CROMO
15648633;8431907108223;POP SOP SECADOR CROMO
15648640;8431907108674;POP ESPONJERA GEL Nº18 CROMO
15648654;8431907108247;POP ESTANTERIA PARED Nº17 CROMO
15648661;8431907108254;POP CRISTAL REPISA 8MM
15648675;8431907108261;POP JABONERA CRISTAL
15648696;8431907108278;POP VASO CRISTAL
15648703;8431907108285;POP VASO CRISTAL ESCOBILLERO
15648724;8431907108292;POP BOTELLA CRISTAL DOSIFICADOR
15648752;8431907108308;POP BOT DOSIF C/PULS CRISTAL CROMO
15648773;8431907108315;POP PULSADOR DOSIFICADOR CROMO
15648794;8431907108322;POP PALO C/BROCH ESCOB CRISTAL CROMO
15648815;8431907108339;POP BROCHA ESCOBILLERO CRISTAL
15648843;8431907108346;POP PLATO PARED C/ADH CROMO
15648864;8431907108353;POP ADHESIVO
15648871;8431907108360;POP STICK 3M
16499105;8431907109244;DUAL REPISA 55 CM CROMO
16499133;8431907109251;DUAL T.BARRA 60 CROMO
16499175;8431907109268;DUAL T.BARRA 50 CROMO
16499203;8431907109275;DUAL T.BARRA 40 CROMO
16499210;8431907109282;DUAL T.BARRA 30 CROMO
16499245;8431907109299;DUAL T.BARRA FIJA 32 CROMO
16499273;8431907109305;DUAL T.ARO GRANDE CROMO
16499294;8431907109312;DUAL JABONERA CRISTAL CROMO
16499322;8431907109329;DUAL PORTAVASOS CRISTAL CROMO
16499350;8431907109336;DUAL DOSIFICADOR CRISTAL CROMO
16499385;8431907109343;DUAL PORTARROLLOS C/T CROMO
16499406;8431907109350;DUAL PORTARROLLOS S/T CROMO
16499420;8431907109367;DUAL PORTARROLLOS FRONTAL CROMO
16499434;8431907109374;DUAL PERCHA CROMO
16499532;8431907109381;DUAL PERCHA DOBLE CROMO
16499546;8431907109398;DUAL ESCOBILLERO CROMO
16499553;8431907109404;DUAL SOPORTE SECADOR CROMO
16499560;8431907109411;DUAL ESPNJ GEL RECT Nº20 CR
16499574;8431907109428;DUAL ESPNJ GEL RINC Nº21 CR
16499581;8431907109435;DUAL REPISA 5 MM CRISTAL
16499595;8431907109442;DUAL JABONERA CRISTAL
16499602;8431907109459;DUAL VASO CRISTAL
16499616;8431907109466;DUAL VASO CRISTAL ESCOBILLERO
16499623;8431907109473;DUAL BOTELLA DOSIFICADOR CRISTAL
16499651;8431907109480;DUAL BOT DOSIF C/PUL CRISTAL CROMO
16499665;8431907109497;DUAL PULSADOR DOSIFICADOR CROMO
16499672;8431907109503;DUAL PALO C/BR ESCOB CRISTAL CR
16499693;8431907109510;DUAL BROCHA ESCOBILLERO CRISTAL
16499721;8431907109534;DUAL STICK 3M
16499770;8431907040684;ROYAL REPISA 55 CROMO
16499791;8431907040738;ROYAL T.BARRA 60CM CROMO
16499826;8431907041131;ROYAL T.BARRA 45CM CROMO
16499840;8431907041186;ROYAL T.BARRA 35CM CROMO
16499875;8431907068459;ROYAL T.BARRA 60CM CURVO CROMO
16499910;8431907068473;ROYAL T.BARRA 50CM CURVO CROMO
16499966;8431907068497;ROYAL T.BARRA 40CM CURVO CROMO
16500036;8431907041230;ROYAL T.BARRA FIJA 38CM CROMO
16500050;8431907041285;ROYAL T.BARRA DBL GIRATORIO 45CM CROMO
16500064;8431907040783;ROYAL T.ARO GRANDE CROMO
16500071;8431907040837;ROYAL T.ARO PEQUEÑO CROMO
16500085;8431907040882;ROYAL JABONERA Nº1 CRISTAL
16500106;8431907068510;ROYAL JABONERA Nº2 LATON
16500113;8431907068534;ROYAL JABONERA Nº10 LATON
16500120;8431907068565;ROYAL DOSIFICADOR CROMO
16500141;8431907040936;ROYAL PORTAVASOS CROMO
16500190;8431907040981;ROYAL PORTARROLLOS Nº1 CROMO
16500211;8431907068589;ROYAL PORTARROLLOS Nº4 CROMO
16500225;8431907041339;ROYAL PORTAR/RESER Nº2 CROMO
16500246;8431907041599;ROYAL PORTARROLLOS S/T Nº3 CROMO
16500260;8431907041032;ROYAL PERCHA CROMO
16500274;8431907068602;ROYAL PERCHA MINI CROMO
16500281;8431907041360;ROYAL PERCHA TRIPLE CROMO
16500295;8431907041544;ROYAL ESCOBILLERO PIE Nº1 CROMO
16500316;8431907041643;ROYAL ESCOBILLERO C/T Nº2 CROMO
16500330;8431907041087;ROYAL ESCOBILLERO PARED Nº3 CR
16500351;8431907041445;ROYAL ASA BAÑERA Nº1 CROMO
16500365;8431907041469;ROYAL ASA BAÑERA Nº2 CROMO
16500386;8431907068626;ROYAL ASA BAÑERA C/ESPONJ Nº3 CR
16500393;8431907068640;ROYAL ASA BAÑERA Nº4 CROMO
16500400;8431907068664;ROYAL ASA BAÑERA Nº5 CROMO
16500414;8431907068688;ROYAL ASA BAÑERA C/ESPONJ Nº6 CR
16500421;8431907068701;ROYAL ASA BAÑERA Nº7 CROMO
16500442;8431907041384;ROYAL ESPONJERA Nº1 13.5CM CROMO
16500484;8431907041407;ROYAL ESPONJERA Nº2 20.5CM CROMO
16500505;8431907041421;ROYAL ESPONJERA RINC Nº3 CR
16500533;8431907068725;ROYAL ESPONJERA RINC Nº4 CROMO
16500554;8431907068749;ROYAL ESPONJERA RINC Nº5 CROMO
16500575;8431907068763;ROYAL ESPONJERA Nº6 CROMO
16500582;8431907068787;ROYAL ESPONJERA Nº7 CROMO
16500645;8431907068800;ROYAL ESPONJERA Nº8 CROMO
16500666;8431907041483;TOALLERO MURAL ROYAL Nº1 CROMO
16500673;8431907041506;ROYAL ESTANTERIA PARED Nº2 CROMO
16500680;8431907068824;ROYAL ESTANTERIA PARED Nº3 CR
16500694;8431907068848;ROYAL ESTANTERIA PARED Nº4 CR
16500701;8431907074146;ROYAL REPISA 5MM CRISTAL
16500715;8431907074153;ROYAL JABONERA CRISTAL
16500722;8431907074160;ROYAL VASO CRISTAL
16500750;8431907074177;ROYAL ESCOBILLERO CRISTAL
16500764;8431907075921;ROYAL BOT DOSIF C/PUL CROMO
16500785;8431907074184;ROYAL BOT DOSIF CRISTAL
16500792;8431907075945;ROYAL BOT DOSIF CRISTAL
16500806;8431907075983;ROYAL PALO C/BROCH ESCOB CRISTAL CR
16500813;8431907075969;ROYAL PALO C/T Y BROCHA ESCOB LATON
16500820;8431907074191;ROYAL BROCHA ESCOBILLERO CRISTAL
16500834;8431907083759;ROYAL BROCHA ESCOBILLERO LATON
16500841;8431907088228;ROYAL EJE PORTARROLLOS PLASTICO
16500855;8431907107806;ROYAL TAPON EMBELL C/ROSCA PERCHA TRIP
16500862;8431907107905;ROYAL VASO ESCOB INTERIOR PLASTICO
16500876;8431907107936;ROYAL PALO INT C/BROCH ESCOB LATON
16872611;8003341179697;MAINE T.BARRA 35CM CROMO
16872632;8003341179772;MAINE T.BARRA 45CM CROMO
16872646;8003341179932;MAINE T.BARRA DOBLE CROMO
16872660;8003341180099;MAINE PORTARROLLOS S/T CROMO
16872674;8003341180174;MAINE PORTARROLLOS C/T CROMO
16872702;8003341180259;MAINE PERCHA DOBLE CROMO
16872723;8003341180747;MAINE ESCOBILLERO CROMO
16872730;8003341180013;MAINE T.ARO CROMO
16872814;8003341184943;EMBELLECEDOR 2UD MAINE BLANCO
16872870;8003341184950;EMBELLECEDOR 2UD MAINE VERDE
16872884;8003341184967;EMBELLECEDOR 2UD MAINE AZUL
16872905;8003341185001;EMBELLECEDOR 2UD MAINE NARANJA
16872912;8003341185018;EMBELLECEDOR 2UD MAINE FUCSIA
16875145;4008911302400;LUCCA PORTARROLLOS CROMO
16875152;4008911303025;LUCCA T.BARRA MVL CROMO
16875173;4008911304015;LUCCA PORTARROLLOS C/T CROMO
16875180;4008911304022;LUCCA PERCHA PQ CROMO
16875194;4008911304039;LUCCA PERCHA GD CROMO
16875201;4008911304404;LUCCA ESCOBILLERO CROMO
16963135;8431907109626;MIA REPISA 55CM CROMO
16963156;8431907109633;MIA T.BARRA 57.4CM CROMO
16963163;8431907109640;MIA T.BARRA 47.5CM CROMO
16963184;8431907109657;MIA T.BARRA 37.5CM CROMO
16963212;8431907109664;MIA T.BARRA 27.5CM CROMO
16963233;8431907109671;MIA T.BARRA FIJA 30CM CROMO
16963261;8431907109688;MIA T.ARO GRANDE CROMO
16963282;8431907109695;MIA JABONERA CRISTAL CROMO
16963303;8431907109701;MIA PORTAVASOS CRISTAL CROMO
16963324;8431907109718;MIA DOSIFICADOR CRISTAL CROMO
16963380;8431907109725;MIA PORTARROLLOS C/T CROMO
16963443;8431907109732;MIA PORTARROLLOS S/T CROMO
16963450;8431907109749;MIA PERCHA CROMO
16963471;8431907109756;MIA PERCHA DOBLE CROMO
16963485;8431907109763;MIA ESCOBILLERO CRISTAL CROMO
16963681;8431907109770;MIA ESPNJ GEL RECTA Nº22 CR
16963695;8431907109787;MIA ESTANTERIA PARED Nº20
16963716;8431907109794;MIA REPISA CRISTAL 8MM
16963723;8431907109800;MIA JABONERA CRISTAL
16963730;8431907109817;MIA VASO CRISTAL
16963751;8431907109824;MIA ESCOBILLERO CRISTAL
16963765;8431907109831;MIA BOT CRIST DOSIF
16963793;8431907109848;MIA BOT CRIST DOSIF C/PULS
16963814;8431907109855;MIA PULS DOSIFICADOR
16963821;8431907109862;MIA PALO C/BROCHA ESCOB CRISTAL
16963842;8431907109879;MIA BROCHA ESCOB CRISTAL
16963884;8431907109916;MIA ADHSV 3M PERCHA DOBLE
16963891;8431907109893;MIA ADHESIVO 3M
16963905;8431907109909;MIA STICK 3M
17967215;8435135998380;ESCOBILLERO ARAS DELUXE CROMO LAC BLANCO
17967222;8435135998397;ESCOBILLERO ARAS DELUXE CROMO LAC NEGRO
17967236;8435135998298;JABONERA ARAS DELUXE CROMO LAC BLANCO
17967243;8435135998304;JABONERA ARAS DELUXE CROMO LAC NEGRO
17967250;8435135998175;PERCHA ARAS DELUXE CROMO LAC BLANCO
17967264;8435135998182;PERCHA ARAS DELUXE CROMO LAC NEGRO
17967271;8435135998410;PORTARROLLOS S/TAPA ARAS DELUXE LAC BLAN
17967285;8435135998427;PORTARROLLOS S/TAPA ARAS DELUXE LAC NEG
17967292;8435135998359;PORTARROLLOS C/TAPA ARAS DELUXE LAC BLA
17967306;8435135998366;PORTARROLLOS C/TAPA ARAS DELUXE LAC NEG
17967313;8435135998328;PORTAVASOS ARAS DELUXE LAC BLANCO
17967320;8435135998335;PORTAVASOS ARAS DELUXE LAC NEGRO
17967334;8435135998236;TOALLERO ANILLA GR ARAS DELUXE LAC BLAN
17967341;8435135998243;TOALLERO ANILLA GRAN ARAS DELUXE LAC NE
17967355;8435135998267;TOALLERO ANILLA PEQ ARAS DELUXE LAC BLA
17967362;8435135998274;TOALLERO ANILLA PEQ ARAS DELUXE LAC NEGR
17967376;8435135998205;TOALLERO BARRA ARAS DELUXE LAC BLANCO
17967383;8435135998212;TOALLERO BARRA ARAS DELUXE LAC NEGRO
17967425;8435135955420;ESCOBILLERO FORJA FLOR BLANCO VIEJO
17967446;8435135955406;ESCOBILLERO FORJA FLOR ORO VIEJO
17967453;8435135955369;JABONERA FORJA FLOR BLANCO VIEJO
17967460;8435135955345;JABONERA FORJA FLOR ORO VIEJO
17967474;8435135955246;PERCHA FORJA FLOR BLANCO VIEJO
17967495;8435135955222;PERCHA FORJA FLOR ORO VIEJO
17967516;8435135955451;PORTARROLLOS S/T FORJA FLOR BLANCO VIEJO
17967523;8435135955437;PORTARROLLOS S/TAPA FORJA FLOR ORO VIEJO
17967551;8435135955390;PORTAVASOS FORJA FLOR BLANCO VIEJO
17967565;8435135955376;PORTAVASOS FORJA FLOR ORO VIEJO
17967593;8435135955307;T ARO GRANDE FORJA FLOR BL VIEJO
17967621;8435135955284;T ARO GRANDE FORJA FLOR ORO VIEJO
17967635;8435135955338;T ARO PEQUEÑA FORJA FLOR BLANCO VIEJO
17967656;8435135955314;T ARO PEQUEÑA FORJA FLOR ORO VIEJO
17967663;8435135955277;TOALLERO BARRA FORJA FLOR BLANCO VIEJO
17967670;8435135955253;TOALLERO BARRA FORJA FLOR ORO VIEJO
17967691;8435014986903;ESCOBILLERO NAEVI CLASIC LATON VIEJO
17967712;8435014986415;JABONERA PARED NAEVI CLASIC LATON VIEJO
17967726;8435014986811;PERCHA NAEVI CLASIC LATON VIEJO
17967740;8435014986125;PORTARROLLOS EJE NAEVI CLASIC LATON VIEJ
17967852;8435014986217;PORTARROLLOS TAPA NAEVI CLASIC LATON VIE
17967866;8435014986309;PORTAVASOS PARED NAEVI CLASIC LATON VIEJ
17967880;8435014986590;TOALLERO ANILLA GDE NAEVI CLASIC LATON
17967894;8435014986514;TOALLERO ANILLA PÑA NAEVI CLASIC LATON
17967915;8435014986699;TOALLERO BARRA NAEVI CLASIC LATON VIEJO
17968111;8435014926640;ESCOBILLERO NAEVI CROMO
17968125;8435014926619;JABONERA NAEVI CROMO
17968132;8435014926572;PERCHA NAEVI CROMO
17968146;8435014926657;PORTARROLLOS S/TAPA NAEVI CROMO
17968153;8435014926633;PORTARROLLOS C/TAPA NAEVI CROMO
17968160;8435014926626;PORTAVASOS NAEVI CROMO
17968174;8435014926596;TOALLERO ANILLA GRANDE NAEVI CROMO
17968181;8435014926602;TOALLERO ANILLA PEQUEÑA NAEVI CROMO
17968195;8435014926589;TOALLERO BARRA NAEVI CROMO
17968202;8435014985722;TOALLERO ANILLA PEQUEÑA VIENA CLASIC NOG
17968216;8435014986033;ESCOBILLERO VIENA CLASIC LATON CEREZO
17968223;8435014949076;ESCOBILLERO VIENA CLASIC LATON DEC HUESO
17968230;8435014986095;ESCOBILLERO VIENA CLASIC LATON NOGAL
17968244;8435014985630;JABONERA VIENA CLASIC LATON NOGAL
17968251;8435014985579;JABONERA VIENA CLASIC LATON CEREZO
17968265;8435014925926;JABONERA VIENA CLASIC LATON DEC HUESO
17968272;8435014985975;PERCHA VIENA CLASIC LATON CEREZO
17968293;8435014924493;PERCHA VIENA CLASIC LATON DEC HUESO
17968300;8435014986002;PERCHA VIENA CLASIC LATON NOGAL
17968314;8435014985319;PORTARROLLOS S/TAPA VIENA CLASIC CEREZO
17968321;8435014949434;PORTARROLLOS S/TAPA VIENA CLASIC DEC HUE
17968335;8435014985364;PORTARROLLOS S/TAPA VIENA CLASIC NOGAL
17968342;8435014985395;PORTARROLLOS C/TAPA VIENA CLASIC CEREZO
17968356;8435014948710;PORTARROLLOS C/TAPA VIENA CLASIC DEC HUE
17968363;8435014985456;PORTARROLLOS C/TAPA VIENA CLASIC NOGAL
17968370;8435014985487;PORTAVASOS VIENA CLASIC LATON CEREZO
17968384;8435014926275;PORTAVASOS VIENA CLASIC LATON DEC HUESO
17968391;8435014985548;PORTAVASOS VIENA CLASIC LATON NOGAL
17968405;8435014985753;TOALLERO ANILLA GRANDE VIENA CLASIC CERE
17968412;8435014925216;TOALLERO ANILLA GRANDE VIENA CLASIC DEC
17968426;8435014985814;TOALLERO ANILLA GRANDE VIENA CLASIC NOGA
17968433;8435014985661;TOALLERO ANILLA PEQUEÑA VIENA CLASIC CER
17968440;8435014925568;TOALLERO ANILLA PEQUEÑA VIENA CLASIC DEC
17968454;8435014985845;TOALLERO BARRA VIENA CLASIC LATON CEREZO
17968461;8435014924851;TOALLERO BARRA VIENA CLASIC LATON DEC HU
17968475;8435014985906;TOALLERO BARRA VIENA CLASIC LATON NOGAL
17968482;8435135998755;ESCOBILLERO VIENA DELUXE CROMO LAC BLANC
17968503;8435135998762;ESCOBILLERO VIENA DELUXE CROMO LAC NEGRO
17968510;8435135998663;JABONERA VIENA DELUXE CROMO LAC BLANCO
17968524;8435135998670;JABONERA VIENA DELUXE CROMO LAC NEGRO
17968545;8435135998540;PERCHA VIENA DELUXE CROMO LAC BLANCO
17968552;8435135998557;PERCHA VIENA DELUXE CROMO LAC NEGRO
17968566;8435135998786;PORTARROLLOS S/TAPA VIENA DELUXE LAC BLA
17968573;8435135998793;PORTARROLLOS S/TAPA VIENA DELUXE LAC NEG
17968580;8435135998724;PORTARROLLOS C/TAPA VIENA DELUXE LAC BLA
17968594;8435135998731;PORTARROLLOS C/TAPA VIENA DELUXE LAC NEG
17968601;8435135998694;PORTAVASOS VIENA DELUXE CROMO LAC BLANCO
17968615;8435135998700;PORTAVASOS VIENA DELUXE CROMO LAC NEGRO
17968622;8435135998601;TOALLERO ANILLA GRAN VIENA DELUXE LAC BL
17968636;8435135998618;TOALLERO ANILLA GRAN VIENA DELUXE LAC NE
17968643;8435135998632;TOALLERO ANILLA PEQ VIENA DELUXE LAC BLA
17968650;8435135998649;TOALLERO ANILLA PEQ VIENA DELUXE LAC NEG
17968664;8435135998571;TOALLERO BARRA VIENA DELUXE CROMO LAC BL
17968671;8435135998588;TOALLERO BARRA VIENA DELUXE CROMO LAC NE
18065453;8435139635373;TOALLERO BARRA CLICK BLANCO
18065474;8435139635380;TOALLERO ARO CLICK BLANCO
18065495;8435139635397;PORTARROLLOS MOVIL CLICK BLANCO
18065502;8435139635403;PORTARROLLOS CLICK BLANCO
18065516;8435139635410;PERCHA GANCHO CLICK BLANCO
18065523;8435139635427;PERCHA DOBLE CLICK BLANCO
18065530;8435139635434;PORTACEPILLOS CLICK BLANCO
18065544;8435139635441;ESTANTE ALTO 250 CLICK BLANCO
18065551;8435139635465;ESTANTE RINCON 250 CLICK BLANCO
18065572;8435139635458;ESTANTE BAJO 300 CLICK BLANCO
18065593;8435139635489;JUEGO 2 ADHESIVOS SUPERFICIES NO LISAS C
18065600;8435139635472;ADHESIVO SUPERFICIES NO LISAS CLICK
18605965;8431907700397;MINT TOALLERO BARRA 60CM. CROMO
18606063;8431907700472;MINT TOALLERO BARRA 40CM. CROMO
18606084;8431907700403;MINT ARO GRANDE CROMO
18606105;8431907700434;MINT PORTARROLLOS CON TAPA CROMO
18606126;8431907700496;MINT PORTARROLLOS SIN TAPA CROMO
18606140;8431907700441;MINT PERCHA CROMO
18606161;8431907700458;MINT ESCOBILLERO PARED CRISTAL CROMO
18606245;8431907700687;BERRY TOALLERO BARRA 60CM. CROMO
18606294;8431907700762;BERRY TOALLERO BARRA 40CM. CROMO
18606322;8431907700694;BERRY ARO GRANDE CROMO
18606350;8431907700724;BERRY PORTARROLLOS CON TAPA CROMO
18606413;8431907700786;BERRY PORTARROLLOS SIN TAPA CROMO
18606420;8431907700731;BERRY PERCHA CROMO
18606441;8431907700748;BERRY ESCOBILLERO PARED CRISTAL CROMO
18907714;8425430405003;PERCHA ESTELA CROMO
18908211;8425430405034;PORTARROLLOS ESTELA CROMO
18908491;8425430405041;TOALLERO ARO GRANDE ESTELA CROMO
18908533;8425430405058;TOALLERO ARO ESTELA CROMO
18908631;8425430405010;PORTAVASOS ESTELA CROMO
18908694;8425430405027;JABONERA ESTELA CROMO
18908750;8425430405096;ESCOBILLERO ESTELA CROMO
18908806;8425430405072;T. BARRA 45CM ESTELA CROMO
18923611;8140102000002;TOALLERO DE BARRA 61.5CM SOLE CROMO
18923716;8141802000002;TOALLERO DE BARRA 46.5CM SOLE CROMO
18923723;8140302000000;T. ARO SOLE CROMO
18923744;8140402000009;PORTARROLLOS CON TAPA SOLE CROMO
18923751;8140802000005;PERCHA SOLE CROMO
18923786;8141902000001;PERCHA DOBLE SOLE CROMO
18923800;8143802000006;PORTARROLLOS DE RESERVA SOLE
18951842;8414606982912;ESCOBILLERO DIAMOND
18951870;8414606982929;JABONERA DIAMOND
18951891;8414606982936;PERCHA DOBLE DIAMOND
18951912;8414606982943;PORTARROLLOS SIN TAPA DIAMOND
18951933;8414606982950;PORTARROLLOS CON TAPA DIAMOND
18952010;8414606982967;PORTAVASOS DIAMOND
18952024;8414606982974;TOALLERO ARO DIAMOND
18952052;8414606982981;TOALLERO BARRA DIAMOND
19159014;8423561171231;PORTARROLLOS DCH/IZD S4 SOLID CROMO
19159063;8423561171224;PORTARROLLOS LIBRE DOBLE S4 SOLID CROMO
19159154;8423561156320;TOALLERO ARO DCHA/IZDA S4 SOLID CROMO
19159210;8423561171194;TOALLERO BARRA 500 MM S4 SOLID CROMO
19159245;8423561171200;TOALLERO BARRA 600 MM S4 SOLID CROMO
19159266;8423561171217;PERCHA S4 SOLID CROMO
19159273;8423561171248;TOALLERO BARRA 300 MM S5 INOX
19159294;8423561171255;TOALLERO BARRA 450 MM S5 INOX
19159301;8423561171262;PERCHA S5 INOX
19159322;8423561171279;PORTARROLLOS S5 INOX
19159350;8423561153060;BANDEJA S5 BLANCO
19159371;8423561153077;VASO S5 BLANCO
19426043;8426479935070;MANDALA PORTARROLLOS CROMO BRILLO
19426064;8426479935087;MANDALA PERCHA CROMO BRILLO
32587870;8003341007716;TOALLERO GENZIANA CROMO 35CM
32587891;8003341007792;PORTARROLLO GENZIANA CROMO
32587905;8003341007815;PERCHA DOBLE GENZIANA CROMO
32587912;8003341007877;ESCOBILLERO GENZIANA CROMO
32587975;8003341007778;TOALLERO ARO GENZIANA CROMO
35431025;8003341008089;PERCHA DOBLE GENZIANA BLANCO
35431053;8003341008034;TOALLERO GENZIANA BLANCO 35CM
35431081;8003341008041;TOALLERO GENZIANA BLANCO 45CM
35431130;8003341008065;TOALLERO ARO GENZIANA BLANCO
35431151;8003341008072;PORTARROLLO GENZIANA BLANCO
35431214;8003341008096;ESCOBILLERO GENZIANA BLANCO
35947471;8003341022696;JABONERA PARED K2 CROMO
35947534;8003341022702;TOALLERO K2 CROMO 45CM
35947604;8003341022733;PORTARROLLO K2 CROMO
35947625;8003341022771;PERCHA DOBLE K2 CROMO
35947632;8003341022726;TOALLERO ARGOLLA K2 CROMO
81879842;8425430406703;PERCHA ELEPHANT CROMO
81879843;8425430404501;PERCHA ELEPHANT ROSA
81879844;8425431404623;PERCHA ELEPHANT AZUL
81879845;8425430406734;PORTARROLLOS ELEPHANT CROMO
81879846;8425430404532;PORTARROLLOS ELEPHANT ROSA
81879847;8425430404730;PORTARROLLOS ELEPHANT AZUL
81879848;8425430406543;TOALLERO ARO GRANDE ELEPHANT CROMO
81879849;8425430406550;TOALLERO ARO PEQUENO ELEPHANT CROMO
81879850;8425430406567;TOALLERO BARRA 50 CM ELEPHANT CROMO
81879851;8425430404549;TOALLERO ARO GRANDE ELEPHANT ROSA
81879852;8425430404556;TOALLERO ARO PEQUENO ELEPHANT ROSA
81879853;8425430404563;TOALLERO BARRA 50 CM ELEPHANT ROSA
81879854;8425431404937;TOALLERO ARO GRANDE ELEPHANT AZUL
81879855;8425430404570;TOALLERO ARO PEQUENO ELEPHANT AZUL
81879856;8425430406536;TOALLERO BARRA 50 CM ELEPHANT AZUL
81879857;8425430406512;PORTAVASOS ELEPHANT CROMO
81879858;8425430404518;PORTAVASOS ELEPHANT ROSA
81879859;8425431404920;PORTAVASOS ELEPHANT AZUL
81879860;8425430406505;JABONERA ELEPHANT CROMO
81879861;8425430404525;JABONERA ELEPHANT ROSA
81879862;8425430404679;JABONERA ELEPHANT AZUL
81879863;8425430406598;ESCOBILLERO ELEPHANT CROMO
81879864;8425430404594;ESCOBILLERO ELEPHANT ROSA
81879865;8425430404747;ESCOBILLERO ELEPHANT AZUL
82008324;8432318130865;ESCOBILLERO SKIP BL MATE
82008325;8432318130261;TOALLERO BARRA SKIP 40CM BL MATE
82008326;8432318130063;TOALLERO ARO SKIP BL MATE
82008327;8432318110485;PORTARROLLOS SKIP LATERAL S/TAPA BL MATE
82008328;8432318130469;PORTARROLLOS SKIP C/TAPA BL MATE
82008329;8432318130759;PERCHA SKIP BL MATE
82008330;8432318230558;PORTARROLLOS IKON S/TAPA BL MATE
82008331;8432318230473;PORTARROLLOS IKON C/TAPA BL MATE
82008332;8432318230275;TOALLERO BARRA IKON 40 BL MATE
82008333;8432318230077;TOALLERO IKON ARO BL MATE
82008334;8432318230770;PERCHA IKON BL MATE
82008386;8432318230879;ESCOBILLERO IKON BL MATE
82063525;8432318230824;ESCOBILLERO IKON ORO BRILLO
82063526;8432318230848;ESCOBILLERO IKON ORO CEPILLADO
82063527;8432318230039;ESCOBILLERO IKON ORO ROSA
82063528;8432318230817;ESCOBILLERO IKON CROMO
82063529;8432318230893;ESCOBILLERO IKON BRONCE MATE
82063530;8432318230886;ESCOBILLERO IKON COBRE MATE
82063531;8432318230855;ESCOBILLERO IKON NEGRO MATE
82068503;8432318130827;ESCOBILLERO SKIP ORO BRILLO
82068504;8432318130841;ESCOBILLERO SKIP ORO CEPILLADO
82068505;8432318130834;ESCOBILLERO SKIP ORO ROSA
82068506;8432318130810;ESCOBILLERO SKIP CROMO
82068507;8432318130896;ESCOBILLERO SKIP BRONCE MATE
82068508;8432318130858;ESCOBILLERO SKIP COBRE MATE
82068509;8432318130872;ESCOBILLERO SKIP NEGRO MATE
82068526;8432318230725;PERCHA IKON ORO BRILLO
82068527;8432318230749;PERCHA IKON ORO CEPILLADO
82068528;8432318230633;PERCHA IKON ORO ROSA
82068529;8432318230718;PERCHA IKON CROMO
82068530;8432318230794;PERCHA IKON BRONCE MATE
82068531;8432318230787;PERCHA IKON COBRE MATE
82068532;8432318230756;PERCHA IKON NEGRO MATE
82071848;8432318130728;PERCHA SKIP ORO BRILLO
82071849;8432318130742;PERCHA SKIP ORO CEPILLADO
82071850;8432318130735;PERCHA SKIP ORO ROSA
82071851;8432318130711;PERCHA SKIP CROMO
82071852;8432318130797;PERCHA SKIP BRONCE MATE
82071853;8432318130766;PERCHA SKIP COBRE MATE
82071854;8432318130780;PERCHA SKIP NEGRO MATE
82071861;8432318230527;PORTARROLLOS IKON  S/TAPA ORO BRILLO
82071862;8432318230428;PORTARROLLOS IKON  C/TAPA ORO BRILLO
82071863;8432318230541;PORTARROLLOS IKON  S/TAPA ORO CEPILLADO
82071864;8432318230442;PORTARROLLOS IKON  C/TAPA ORO CEPILLADO
82071865;8432318230435;PORTARROLLOS IKON  S/TAPA ORO ROSA
82071866;8432318230534;PORTARROLLOS IKON  C/TAPA ORO ROSA
82071867;8432318230510;PORTARROLLOS IKON  S/TAPA CROMO
82071868;8432318230411;PORTARROLLOS IKON  C/TAPA CROMO
82071869;8432318230596;PORTARROLLOS IKON  S/TAPA BRONCE MATE
82071870;8432318230497;PORTARROLLOS IKON  C/TAPA BRONCE MATE
82071871;8432318230589;PORTARROLLOS IKON  S/TAPA COBRE MATE
82071872;8432318230480;PORTARROLLOS IKON  C/TAPA COBRE MATE
82071873;8432318230572;PORTARROLLOS IKON  S/TAPA NEGRO MATE
82071874;8432318230466;PORTARROLLOS IKON  C/TAPA NEGRO MATE
82071875;8432318130520;PORTARROLLOS SKIP  S/TAPA ORO BRILLO
82071876;8432318130421;PORTARROLLOS SKIP  C/TAPAORO BRILLO
82071877;8432318130544;PORTARROLLOS SKIP  S/TAPA ORO CEPILLADO
82071878;8432318130445;PORTARROLLOS SKIP  C/TAPAORO CEPILLADO
82071879;8432318130537;PORTARROLLOS SKIP  S/TAPA ORO ROSA
82071880;8432318130438;PORTARROLLOS SKIP LATERAL C/TAPAORO ROSA
82071881;8432318130513;PORTARROLLOS SKIP LATERAL S/TAPA CROMO
82071882;8432318130414;PORTARROLLOS SKIP  C/TAPAORO CROMO
82071883;8432318130599;PORTARROLLOS SKIP  S/TAPA BRONCE MATE
82071884;8432318130490;PORTARROLLOS SKIP  C/TAPABRONCE MATE
82071885;8432318130575;PORTARROLLOS SKIP  S/TAPA COBRE MATE
82071886;8432318130476;PORTARROLLOS SKIP C/TAPACOBRE MATE
82071896;8432318130551;PORTARROLLOS SKIP S/TAPA NEGRO MATE
82071897;8432318130452;PORTARROLLOS SKIP C/TAPA NEGRO MATE
82071970;8432318230220;TOALLERO BARRA IKON 40 ORO BRILLO
82071971;8432318230022;TOALLERO ARO IKON ORO BRILLO
82071972;8432318230244;TOALLERO BARRA IKON 40 ORO CEPILLADO
82071973;8432318230046;TOALLERO ARO IKON ORO CEPILLADO
82071974;8432318230237;TOALLERO BARRA IKON 40 ORO ROSA
82071975;8432318230732;TOALLERO ARO IKON ORO ROSA
82071976;8432318230213;TOALLERO BARRA IKON 40 CROMO
82071977;8432318230015;TOALLERO ARO IKON CROMO
82071978;8432318230299;TOALLERO BARRA IKON 40 BRONCE MATE
82071979;8432318230091;TOALLERO ARO IKON BRONCE MATE
82071980;8432318230282;TOALLERO BARRA IKON 40 COBRE MATE
82071981;8432318230084;TOALLERO ARO IKON COBRE MATE
82071982;8432318230251;TOALLERO BARRA IKON 40 NEGRO MATE
82071983;8432318230053;TOALLERO ARO IKON NEGRO MATE
82071984;8432318130223;TOALLERO BARRA SKIP 40 CM ORO BRILLO
82071985;8432318130025;TOALLERO ARO SKIP ORO BRILLO
82071986;8432318130247;TOALLERO BARRA SKIP 40 CM ORO CEPILLADO
82071987;8432318130049;TOALLERO ARO SKIP ORO CEPILLADO
82071988;8432318130230;TOALLERO BARRA SKIP 40 CM ORO ROSA
82071989;8432318130032;TOALLERO ARO SKIP ORO ROSA
82071990;8432318130216;TOALLERO BARRA SKIP 40 CM ORO CROMO
82071991;8432318130018;TOALLERO ARO SKIP CROMO
82071992;8432318130292;TOALLERO BARRA SKIP 40 CM BRONCE MATE
82071993;8432318130094;TOALLERO ARO SKIP BRONCE MATE
82071994;8432318130278;TOALLERO BARRA SKIP 40 CM COBRE MATE
82071995;8432318130070;TOALLERO ARO SKIP COBRE MATE
82071996;8432318130254;TOALLERO BARRA SKIP 40 CM NEGRO MATE
82071997;8432318130056;TOALLERO ARO SKIP NEGRO MATE
82147589;8150302000009;BASSIC TOALLERO ANILLA CROMO
82147590;8151802000001;BASSIC TOALLERO BARRA 45 CM CROMO
82147591;8150402000008;BASSIC PORTARROLLOS CON TAPA CROMO
82147592;8150802000004;BASSIC PERCHA CROMO
82147593;8141402000006;BASSIC ESCOBILLERO SUELO CROMO
82149326;8431907119342;TOALLERO BARRA 40CM REX CROMO
82149327;8431907119366;TOALLERO ARO REX CROMO
82149328;8431907119441;PORTARROLLOS SIN TAPA REX CROMO
82149329;8431907120041;PORTARROLLOS CON TAPA REX Nº5 INOX CROMO
82149330;8431907119465;PERCHA SENCILLA REX CROMO
82149332;8431907119489;ESCOBILLERO PARED CRISTAL REX CROMO
82149881;8414606983360;RAINBOW ESCOBILLERO CROMO
82149882;8414606983520;RAINBOW ESCOBILLERO ORO
82149883;8414606983438;EBANO ESCOBILLERO CROMO/CRISTAL NEGRO
82149884;8414606983339;RAINBOW TOALLERO ANILLA CROMO
82149885;8414606983391;RAINBOW TOALLERO BARRA 45CM CROMO
82149886;8414606983506;RAINBOW TOALLERO ANILLA ORO
82149887;8414606983551;RAINBOW TOALLERO BARRA 45CM ORO
82149888;8414606983476;EBANO TOALLERO BARRA 45 CROMO/CRISTAL NG
82149889;8414606983407;EBANO TOALLERO ANILLA CROMO/CRISTAL NG
82149894;8414606983353;RAINBOW PERCHA DOBLE CROMO
82149895;8414606983568;RAINBOW PERCHA DOBLE ORO
82149896;8414606983421;EBANO PERCHA CROMO/CRISTAL NEGRO
82149897;8414606983469;EBANO PERCHA DOBLE CROMO/CRISTAL NEGRO
82149899;8414606983346;RAINBOW-PORTAROLLOS CROMO
82149900;8414606983513;RAINBOW-PORTAROLLOS ORO
82149901;8414606983414;EBANO PORTAROLLOS CROMO/ CRISTAL NEGRO
82149902;8414606983445;EBANO PORTAROLLO RESERVA CR/CRISTAL NG
82149904;8414606983384;RAINBOW PORTA VASOS CROMO
82149905;8414606983544;RAINBOW PORTA VASOS ORO
82149906;8414606983490;EBANO PORTA VASOS CROMO/ CRISTAL NEGRO
82149908;8414606983377;RAINBOW JABONERA CROMO
82149909;8414606983537;RAINBOW JABONERA ORO
82149910;8414606983483;EBANO JABONERA CROMO / CRISTAL NEGRO
82151559;8611808000004;IRIS TOALLERO BARRA 45CM CROMO/P. WENGUE
82151560;8610308000002;IRIS ANILLA GRANDE CROMO/P. WENGUE
82151561;8611208000000;IRIS PORTARROLLOS S/TAPA CROMO/P. WENGUE
82151562;8610808000007;IRIS PERCHA CROMO/P. WENGUE
82151563;8190305000002;NATURA TOALLERO ANILLA CROMO/BLANCO
82151564;8191805000004;NATURA TOALLERO BARRA 45 CM CROMO/BLANCO
82151565;8190405000001;NATURA PORTARROLLOS C/TAPA CROMO/BLANCO
82151566;8191205000000;NATURA PORTARROLLOS S/TAPA CROMO/BLANCO
82151567;8190805000007;NATURA PERCHA CROMO/BLANCO
82151568;8221802000001;NICOLE TOALLERO BARRA 45 CM CROMO
82151569;8221202000007;NICOLE PORTARROLLOS SIN TAPA CROMO
82152951;8423561118984;NAKAR PERCHA CROMO
82152952;8423561138364;S7 PERCHA ORO
82152953;8423561131679;S7 PERCHA CROMO
82152954;8423561161874;S8 SWK T BARRA 300 MM 12 CROMO
82152955;8423561161881;S8 SWK T BARRA 500 MM 21 CROMO
82152956;8423561161904;S8 SWK T ANILLA ABIERTA DCHA CROMO
82152957;8423561176588;S8 SWK T BARRA 300 MM 12 BLACK
82152958;8423561176595;S8 SWK T BARRA 500 MM 21 BLACK
82152959;8423561176618;S8 SWK T ANILLA ABIERTA DCHA BLACK
82152960;8423561131464;S7 T BARRA 300 MM 12 CROMO
82152961;8423561131495;S7 T BARRA 500 MM 18 CROMO
82152962;8423561131709;S7 T ANILLA ABIERTA LAVABO CROMO
82152963;8423561138296;S7 T BARRA 300 MM 12 ORO
82152964;8423561138302;S7 T BARRA 500 MM 18 ORO
82152965;8423561138371;S7 T ANILLA ABIERTA LAVABO ORO
82152966;8423561118809;NAKAR T BARRA 300 MM 12 CROMO
82152967;8423561118830;NAKAR T BARRA 500 MM 18 CROMO
82152968;8423561119011;NAKAR T ANILLA ABIERTA BIDE CROMO
82152969;8423561119165;NAKAR PORTARROLLOS RESERVA CROMO
82152970;8423561176663;S8 SWK PORTARROLLOS RESERVA BLACK
82152971;8423561161959;S8 SWK PORTARROLLOS RESERVA CROMO
82152972;8423561131884;S7 PORTARROLLOS RESERVA CROMO
82152973;8423561138432;S7 PORTARROLLOS RESERVA ORO
82156223;8003341007730;TOALLERO GENZIANA CROMO 45CM
82159165;8425430002707;TOALLERO ELISSA ARO GRANDE 24CM
82159166;8425430002721;TOALLERO ELISSA ARO PEQUEÑO 18 CM
82159167;8425430002769;ELISSA ESCOBILLERO
82176536;8423561129409;S7 JABONERA CROMO
82176537;8423561129416;S7 PORTAVASOS
82176539;8423561131976;S7 DOSIFICADOR SOBRE ENCIMERA CROMO
82180108;8425430002677;ELISSA PERCHA NEGRO
82180109;8425430002745;ELISSA TOALLERO BARRA 40 CM
82180110;8425430002691;ELISSA PORTARROLLOS
82217006;8003341278567;SET 4 PIEZAS GENZIANA CROMO
82217007;8003341278574;SET 4 PIEZAS GENZIANA BLANCO
82331804;8719401651057;PORTARROLLOS BRIX METAL BLANCO
82331805;8719401651064;PORTARROLLOS BRIX METAL NEGRO
82331806;4008913624067;CUBO DE PARED BRIX PEQUEÑO BLANCO
82331807;4008913624074;CUBO DE PARED BRIX PEQUEÑO NEGRO
82331808;4008913624081;CUBO DE PARED BRIX GRANDE BLANCO
82331809;4008913624098;CUBO DE PARED BRIX GRANDE NEGRO
82331813;8719401651026;PERCHA CON ESPEJO BRIX BLANCO
82331814;8719401651033;PERCHA CON ESPEJO BRIX NEGRO
82331815;8719401651040;PERCHA CON ESPEJO BRIX COBRE
82331816;8719401651019;ESTANTE MULTIFUN. CON ESPEJO BRIX BLANCO
82331817;8719401651095;BANDEJA PARED CON TOALLERO BRIX METAL NE
82388979;8650829000006;PERCHA ECO ORO MATE
82388981;8654429000008;PERCHA TRIPLE ECO ORO MATE
82388983;8141429000003;ESCOBILLERO WC ECO ORO MATE
82388986;8654029000002;PORTARROLLO ECO ORO MATE
82388988;8653829000007;PORTARROLLO RESERVA ECO ORO MATE
82388990;8652129000007;PORTARROLLO DOBLE ECO ORO MATE
82388998;8651829000003;TOALLERO ECO ORO MATE 45CM
82389000;8653129000004;TOALLERO ECO ORO MATE 35CM
82389003;8650329000001;TOALLERO ECO ARO ORO MATE
82389005;8651229000009;TOALLERO BIDET ECO ORO MATE
82389007;8653529000000;TOALLERO REPISA ECO ORO MATE
82476018;8431907120904;CANDY NEGRO MATE TOALLERO BARRA 61,5 CM.
82476019;8431907120911;CANDY NEGRO MATE TOALLERO BARRA 51,5 CM.
82476021;8431907120928;CANDY NEGRO MATE TOALLERO BARRA 41,5 CM.
82476023;8431907120935;CANDY NEGRO MATE TOALLERO BARRA 31,5 CM.
82476038;8431907120966;CANDY NEGRO MATE ARO GRANDE
82476040;8431907120973;CANDY NEGRO MATE ARO PEQUEÑO
82476042;8431907121116;YES NEGRO MATE TOALLERO BARRA 59,5 CM.
82476044;8431907121123;YES NEGRO MATE TOALLERO BARRA 49,5 CM.
82476046;8431907121130;YES NEGRO MATE TOALLERO BARRA 39,5 CM.
82476048;8431907121147;YES NEGRO MATE TOALLERO BARRA 29,5 CM.
82476058;8431907121369;YES NEGRO MATE PULSADOR DOSIFICADOR
82476059;8431907121048;CANDY NEGRO MATE PERCHA SENCILLA
82476060;8431907121055;CANDY NEGRO MATE PERCHA DOBLE
82476061;8431907121277;YES NEGRO MATE PERCHA SENCILLA
82476062;8431907121284;YES NEGRO MATE PERCHA DOBLE
82476063;8431907121314;YES NEGRO MATE ESPONJERA GEL Nº15 30 CM.
82476064;8431907121031;CANDY NEGRO MATE PORTARROLLOS SIN TAPA
82476065;8431907121239;YES NEGRO MATE PORTARROLLOS CON TAPA
82476066;8431907121246;YES NEGRO MATE PORTARROLLOS SIN TAPA
82476068;8431907121260;YES NEGRO MATE PORTARROLLOS FRONTAL
82476069;8431907120980;CANDY NEGRO MATE JABONERA PARED LATON
82476070;8431907121185;YES NEGRO MATE JABONERA PARED CRISTAL
82476071;8431907121390;YES NEGRO MATE SOPORTE SECADOR
82476072;8431907120898;CANDY NEGRO MATE REPISA 55 CM.
82476073;8431907121109;YES NEGRO MATE REPISA 55 CM.
82476074;8431907121345;YES NEGRO MATE ESTANTERIA PARED Nº16
82476075;8431907121178;YES NEGRO MATE ARO GRANDE
82476078;8431907121192;YES NEGRO MATE PORTAVASOS PARED CRISTAL
82476079;8431907121086;CANDY NEGRO MATE PULSADOR DOSIFICADOR
82476082;8431907121079;CANDY NEGRO MATE ESCOBILLERO PIE LATON
82476083;8431907121215;YES NEGRO MATE DOSIFICADOR PARED LATON
82476086;8431907121307;YES NEGRO MATE ESCOBILLERO PARED LATON
82476087;8431907121093;CANDY NEGRO MATE PALO CON TAPA-BROCHA
82476088;8431907121017;CANDY NEGRO MATE PORTARROLLOS CON TAPA
82476089;8431907121024;CANDY NEGRO MATE PORTARROLLOS RESERVA
82476144;8431907120942;CANDY NEGRO TOALLERO BARRA BIDE 25,7 CM.
82476145;8431907120959;CANDY NEGRO TOALLERO BARRA FIJA 38,4 CM.
82476146;8431907121154;YES NEGRO MATE TOALLERO BARRA BIDE 25 CM
82476147;8431907121161;YES NEGRO MATE TOALLERO BARRA FIJA 38 CM
82476148;8431907121000;CANDY NEGRO MATE DOSIFICADOR PARED LATON
82476149;8431907121208;YES NEGRO MATE DOSIFICADOR PARED CRISTAL
82476150;8431907121352;YES NEGRO BOTELLA CRISTAL DOSIF PULSADOR
82476151;8431907121321;YES NEGRO MATE ESPONJERA GEL RINCON Nº16
82476152;8431907121338;YES NEGRO M. ESPONJERA RINCON DOBLE Nº17
82476153;8431907121062;CANDY NEGRO MATE ESCOBILLERO PARED LATON
82476154;8431907121291;YES NEGRO MATE ESCOBILLERO PARED CRISTAL
82476155;8431907121376;YES NEGRO PALO BROCHA ESCOBILL. CRISTAL
82476156;8431907121383;YES NEGRO PALO TAPA-BROCHA ESCOBI. LATON
82476157;8431907120997;CANDY NEGRO MATE PORTACEP. PARED LATON
82476158;8431907121222;YES NEGRO MATE PORTACEPILLOS PARED LATON
82476159;8431907121253;YES NEGRO MATE PORTARROLLOS RESERVA DOB.
16437596;8055732701147;ANTILLE DOSIFICADOR PERLA
16437631;8055732701123;ANTILLE VASO PERLA
16437666;8055732701161;ANTILLE JABONERA PERLA
16437680;8055732702694;ANTILLE ALGODONERA PERLA
16437701;8055732701185;ANTILLE ESCOBILLERO PERLA
16437722;8055732701154;ANTILLE DOSIFICADOR AZUL
16437834;8055732701130;ANTILLE VASO AZUL
16437855;8055732702700;ANTILLE ALGODONERA AZUL
16437904;8055732701192;ANTILLE ESCOBILLERO AZUL
17099894;8055732700980;BAGUETTE DOSIFICADOR CRISTAL
17099901;8055732700904;BAGUETTE VASO CRISTAL
18629961;8055732706074;DOSIFICADOR NAUTILUS BLANCO Y DORADO
18629975;8055732706050;VASO NAUTILUS BLANCO Y DORADO
18629982;8055732706098;JABONERA NAUTILUS BLANCO Y DORADO
18630220;8055732708450;DOSIFICADOR STRASS BLANCO
18630234;8055732708511;VASO STRASS BLANCO
18630255;8055732708634;ESCOBILLERO STRASS BLANCO
18631620;8055732706111;ESCOBILLERO NAUTILUS BLANCO Y DORADO
18869634;4008838352243;VASO NATAL GRIS
18869641;4008838934395;JABONERA NATAL GRIS
18869655;4008838537275;ESCOBILLERO NATAL GRIS
18869732;4008838707357;DOSIFICADOR NATAL GRIS
18870180;3700703958116;BOTE NASSAU AZUL
18870355;3700703926313;VASO TOSCANA BLANCO Y NEGRO
18870425;3700703958109;PORTACEPILLOS NASSAU AZUL
18870453;3700703970583;DOSIFICADOR TOSCANA BLANCO Y NEGRO
18870565;3700703926337;ESCOBILLERO TOSCANA BLANCO Y NEGRO
18870614;3700703958093;DOSIFICADOR NASSAU AZUL
18871041;5602488219827;VASO CRAFT
18871160;5602488219803;DOSIFICADOR DE BAIN
18871314;5602488219834;DOSIFICADOR CRAFT
18871321;5602488219797;VASO DE BAIN
18871335;5602488219841;JABONERA CRAFT
18871356;8055732701109;ESCOBILLERO BAGUETTE CRISTAL
19445594;5602488250127;ESCOBILLERO CRAFT BLANCO
19950413;4008838219935;DOSIFICADOR CORDOBA BLANCO
19950553;4008838220009;ESCOBILLERO CORDOBA BLANCO
19950616;4008838165997;VASO CORDOBA BLANCO
19950756;4008838164150;ESCOBILLERO CORDOBA AZUL
19950945;4008838217597;DOSIFICADOR CORDOBA AZUL
19950994;4008838163276;VASO CORDOBA AZUL
81254949;8003341207284;VASO LUNA PLATA
81254982;8003341207307;DOSIFICADOR LUNA PLATA
81882186;8717821184520;DOSIFICADOR RING AZUL
81882187;8717821395964;DOSIFICADOR RING TOPO
81882210;3700703970408;DOSIFICADOR SAFARI MARRÓN
81882211;3700703970361;DOSIFICADOR SAFARI NEGRO
81882212;3661733024212;DOSIFICADOR TIM
81882214;3661733024090;DOSIFICADOR MAYA
81882401;3700703970392;VASO SAFARI MARRÓN
81882402;3700703970354;VASO SAFARI NEGRO
81882403;3661733024229;VASO TIM
81882404;3661733024083;VASO MAYA
81882458;3661733024113;ALGODONERA MAYA
81882475;3700703970378;ESCOBILLERO SAFARI MARRÓN
81882476;3700703970330;ESCOBILLERO SAFARI NEGRO
81882493;3661733024236;ESCOBILLERO TIM
81888243;5602488245796;VASO SPIRIT
81888254;5602488245802;DOSIFICADOR SPIRIT
81907809;8717821184391;DOSIFICADOR BLANCO SERIE RING
81907810;8717821395957;DOSIFICADOR GRIS SERIE RING
81907811;8717821184537;DOSIFICADOR NEGRO SERIE RING
81907812;8717821184421;DOSIFICADOR ROJO SERIE RING
81907813;8717821184445;ESCOBILLERO BLANCO SERIE RING
81907814;8717821395971;ESCOBILLERO GRIS SERIE RING
81907815;8717821184452;ESCOBILLERO NEGRO SERIE RING
81907816;8717821184476;ESCOBILLERO ROJO SERIE RING
81957953;8056040807699;DISPENSADOR VANITY.
81957988;8056040808337;DISPENSADOR LAVA
81957998;8056040807705;VASO VANITY
81958013;8056040807712;JABONERA VANITY
81958016;8056040807729;ALGODONERO VANITY
81958017;8056040808344;VASO LAVA
81958018;8056040808351;JABONERA LAVA
81958174;8056040807736;DISPENSADOR PURITY
81958175;8056040807637;VASO IMPERO.
81958176;8056040807743;VASO PURITY.
81958177;8056040807644;JABONERA IMPERO
81958178;8056040807620;DISPENSADOR IMPERO
81958179;8056040807750;JABONERA PURITY
81958180;8056040807767;ALGODONERO PURITY
81958181;8056040807651;DISPENSADOR BOMBAY
81958210;8056040808443;DISPENSADOR COLONY
81958211;8056040808467;VASO COLONY.
81958217;8056040805251;DISPENSADOR JOLIE CLEAR
81958218;8056040807675;JABONERA BOMBAY
81958219;8056040805275;VASO JOLIE CLEAR.
81958220;8056040805299;JABONERA JOLIE CLEAR
81958221;8056040807668;VASO BOMBAY.
81958222;8056040805244;DISPENSADOR JOLIE ZAFIRO
81958223;8056040805268;VASO JOLIE ZAFIRO.
81958224;8056040805282;JABONERA JOLIE ZAFIRO
81958230;8056040807682;ESCOBILLERO VERDE BOMBAY
81958231;8056040800072;JABONERA ALCHIMISTA ORO
81958232;8056040808214;DISPENSADOR SHAKER
81958233;8056040800058;DISPENSADOR ALCHIMISTA ORO
81958234;8056040800065;VASO ALCHIMISTA ORO.
81958235;8056040808238;JABONERA SHAKER
81958236;8056040800089;ESCOBILLERO ALCHINISTA ORO.
81958241;8056040808221;VASO SHAKER.
81958245;8056040808368;DISPENSADOR WHITE LEAVES
81958246;8056040808856;DISPENSADOR TIFFANY LEAVES
81958487;8056040808375;VASO WHITE LEAVES.
81958488;8056040808863;VASO TIFFANY LEAVES.
81958503;8056040808405;JABONERA WHITE LEAVES
81958504;8056040808870;JABONERA TIFFANY LEAVES
81958505;8056040808382;ESCOBILLERO WHITE LEAVES.
81958506;8056040808894;ESCOBILLERO TIFFANY LEAVES.
81958543;8056040808399;BANDEJA WHITE LEAVES
81958544;8056040808900;BANDEJA TIFFANY LEAVES
81958601;8056040807958;DISPENSADOR SURFACES
81958602;8056040807965;VASO SURFACES.
81958604;8056040807972;JABONERA SURFACES
81958864;8056040807996;ESCOBILLERO SURFACES
81958883;8056040807989;ALGODONERO SURFACES
81958914;8056040808009;BANDEJA SURFACE
81958917;8056040807941;ESCOBILLERO GEO WHITE
81958920;8056040807934;JABONERA GEO WHITE
81958921;8056040807927;VASO GEO WHITE.
81958922;8056040807910;DISPENSADOR GEO WHITE
81958926;8056040808054;VASO GRANDE BIRDIE
81958927;8056040808047;ESCOBILLERO BIRDIE
81958928;8056040808030;JABONERA BIRDIE
81958929;8056040808023;VASO BIRDIE
81958930;8056040808016;DISPENSADOR BIRDIE
81958931;8056040809488;BANDEJA PLAIN WHITE
81959404;8056040809723;ESCOBILLERO PLAIN WHITE
81959412;8056040809716;ESCOBILLERO PLAIN BLACK
81959415;8056040809396;DISPENSADOR PLAIN BLACK.
81959416;8056040809433;DISPENSADOR PLAIN WHITE.
81959423;8056040809402;VASO PLAIN BLACK
81959424;8056040809440;VASO PLAIN WHITE
81959425;8056040809419;JABONERA PLAIN BLACK
81959426;8056040809457;JABONERA PLAIN WHITE
81959429;8056040809471;BANDEJA PLAIN BLACK
81959431;8055732704186;DISPENSADOR SUAR.
81959438;8055732704162;VASO SUAR
81959439;8055732704179;JABONERA SUAR
81959440;8055732704193;ESCOBILLERO SUAR
81959445;8055732704254;DISPENSADOR JOYA
81959446;8055732704230;VASO JOYA
81959447;8055732704247;JABONERA JOYA
81959448;8055732704261;ESCOBILLERO JOYA
81959578;8420327416209;DOSIFICADOR CERÁMICA GRIS
81959579;8420327416193;DOSIFICADOR CERÁMICA NEGRO
81959580;8420327416216;DOSIFICADOR CERÁMICA BLANCO
81959582;8420327421685;DOSIFICADOR CERAMICO GRIS
81959583;8420327421678;DOSIFICADOR CERAMICO BEIGE
81959584;8420327421722;VASO CERAMICO GRIS
81959585;8420327421692;VASO CERAMICO BEIGE
81978686;7610583195265;DOSIFICADOR ESSOS COFFEE
81978687;7610583195319;DOSIFICADOR ESSOS SAND
81978700;7610583195258;VASO ESSOS COFFEE
81978701;7610583195302;VASO ESSOS SAND
81978702;7610583195272;JABONERA ESSOS COFFEE
81978703;7610583195326;JABONERA ESSOS SAND
81978704;7610583195289;ALGODONERA ESSOS COFFEE
81978705;7610583195333;ALGODONERA ESSOS SAND
81978715;7610583195296;ESCOBILLERO ESSOS COFFEE
81978716;7610583195340;ESCOBILLERO ESSOS SAND
81978736;7610583199300;VASO EVE ROSE
81978737;7610583199270;VASO EVE BLUE
81978738;7610583199317;DOSIFICADOR EVE ROSE
81978739;7610583199287;DOSIFICADOR EVE BLUE
81979009;7610583195449;DOSIFICADOR SENSE ANTHRACITE
81979010;7610583195494;DOSIFICADOR SENSE FOG
81979011;7610583195548;DOSIFICADOR SENSE BLUSH
81979012;7610583195395;DOSIFICADOR SENSE WHITE
81979013;7610583195432;VASO SENSE ANTHRACITE
81979014;7610583195487;VASO SENSE FOG
81979015;7610583195531;VASO SENSE BLUSH
81979016;7610583195388;VASO SENSE WHITE
81979017;7610583195456;JABONERA SENSE ANTHRACITE
81979018;7610583195500;JABONERA SENSE FOG
81979019;7610583195555;JABONERA SENSE BLUSH
81979020;7610583195401;JABONERASENSE WHITE
81979023;7610583195463;ALGODONERA SENSE ANTHRACITE
81979024;7610583195517;ALGODONERA SENSE FOG
81979025;7610583195562;ALGODONERA SENSE BLUSH
81979026;7610583195418;ALGODONERA SENSE WHITE
81979038;7610583195470;ESCOBILLERO SENSE ANTHRACITE
81979039;7610583195524;ESCOBILLERO SENSE FOG
81979040;7610583195371;ESCOBILLERO SENSE BLUSH
81979041;7610583195425;ESCOBILLERO SENSE WHITE
81979294;7610583200112;DOSIFICADOR VISBY WHITE-BLACK
81979309;7610583200105;VASO VISBY WHITE-BLACK
81979312;7610583200143;ALGODONERA VISBY WHITE-BLACK
81979317;7610583200136;ESCOBILLERO VISBY WHITE-BLACK
81979319;7610583200150;BANDEJA VISBY WHITE-BLACK
82147584;8161802000000;YASS TOALLERO BARRA 45 CM CROMO
82147585;8160302000008;YASS TOALLERO ANILLA CROMO
82147586;8220402000008;YASS PORTARROLLOS CON TAPA CROMO
82147587;8680802000006;YASS PERCHA CROMO
82147588;8691402000006;YASS ESCOBILLERO SUELO CROMO
82148101;8671502000007;CUADRADO PORTACEPILLOS SOBREMESA CROMO
82148102;8671102000001;CUADRADO DOSIFICADOR SOBREMESA CROMO
82148103;8681002000001;CUADRADO JABONERA SOBREMESA CROMO
82148105;8667402000001;CARMEN ESCOBILLERO SUELO CR/CRISTAL BL
82148106;8667403000000;CARMEN ESCOBILLERO SUELO CR/CRISTAL ORO
82148107;8667450000008;CARMEN ESCOBILLERO SUELO ORO/CRISTAL BL
82148108;8667401000002;CARMEN ESCOBILLERO SUELO ORO/CRISTAL ORO
82148110;8667502000000;CARMEN PORTACEP SOBREM CROMO/CRISTAL BL
82148111;8667503000009;CARMEN PORTACEP SOBREMESA CR/CRISTAL ORO
82148112;8667550000007;CARMEN PORTACEP SOBREMESA ORO/CRISTAL BL
82148113;8667501000001;CARMEN PORTACEP SOBREMESA ORO/CRISTAL
82148118;8667102000004;CARMEN DOSIFICADOR SOBREM CR/CRISTAL BL
82148119;8667103000003;CARMEN DOSIFICADOR SOBREM CR/CRISTAL ORO
82148120;8667150000001;CARMEN DOSIFICADOR SOBREM ORO/CRISTAL BL
82148121;8667101000005;CARMEN DOSIFICADOR SOBREMESA ORO/CRISTAL
82148122;8667002000005;CARMEN JABONERA SOBREMESA CR/CRISTAL BL
82148123;8667003000004;CARMEN JABONERA SOBREMESA CR/CRISTAL ORO
82148124;8667050000002;CARMEN JABONERA SOBREMESA ORO/CRISTAL BL
82148125;8667001000006;CARMEN JABONERA SOBREMESA ORO/CRISTAL
82201706;4008838263693;DOSIFICADOR MARLA
82201791;4008838264805;VASO MARLA
82201797;4008838260012;ESCOBILLERO MARLA
82231778;8003341207291;JABONERA LUNA PLATA
82263348;5602488280049;RIBBON DOSIFICADOR WHITE
82263349;5602488280155;RIBBON DOSIFICADOR STORM
82263350;5602488280148;RIBBON DOSIFICADOR TAUPE
82263351;5602488280131;RIBBON DOSIFICADOR DEEP BALTIC
82263352;5602488280032;RIBBON VASO WHITE
82263354;5602488280117;RIBBON VASO TAUPE
82263355;5602488280100;RIBBON VASO DEEP BALTIC
82263358;5602488279951;BLISS DOSIFICADOR
82263359;5602488279944;BLISS VASO
82341576;8003341030097;ESCOBILLERO PYXIS GEDY AZUL
82341577;8003341030073;VASO PYXIS AZUL
82341578;8003341030066;JABONERA PYXIS AZUL
82341579;8003341030080;DOSIFICADOR PYXIS AZUL
82358528;8429960353544;DOSIFICADOR SAKU SOFT BLANCO
82358529;8429960353834;DOSIFICADOR SAKU GOMOSO STONE
82358532;8429960353568;ESCOBILLERO SAKU SOFT BLANCO
82358533;8429960353872;ESCOBILLERO SAKU GOMOSO STONE
82358545;8429960353513;PORTACEPILLOS SAKU SOFT BLANCO
82358546;8429960353797;PORTACEPILLOS SAKU GOMOSO STONE
82362495;4004478302150;DOSIFICADOR BULLI
82362496;4004478302068;DOSIFICADOR CLARA BLANCO
82362497;4004478302099;DOSIFICADOR CLARA MORADO
82362498;4004478302129;DOSIFICADOR CLARA NEGRO
82362499;4004478301283;VASO EMILIA NEGRO
82362500;4004478301306;DOSIFICADOR EMILIA NEGRO
82362501;4004478301573;DOSIFICADOR LAMA
82362502;4004478301597;DOSIFICADOR LINA ROSA
82362503;4004478301627;DOSIFICADOR LINA NEGRO
82362507;4004478301658;DOSIFICADOR NINA ROSA
82362508;4004478301672;DOSIFICADOR NINA VERDE
82362509;4004478301702;DOSIFICADOR NINA AZUL
82362510;4004478301986;DOSIFICADOR RITA TRANSPARENTE
82362511;4004478302020;DOSIFICADOR RITA VERDE
82362700;4004478302075;ESCOBILLERO CLARA BLANCO
82362701;4004478302105;ESCOBILLERO CLARA MORADO
82362702;4004478302136;ESCOBILLERO CLARA NEGRO
82362703;4004478301603;ESCOBILLERO LINA ROSA
82362704;4004478301634;ESCOBILLERO LINA NEGRO
82362705;4004478302006;ESCOBILLERO RITA TRANSPARENTE
82362706;4004478302037;ESCOBILLERO RITA VERDE
82363088;4004478302143;VASO BULLI
82363089;4004478302051;VASO CLARA BLANCO
82363090;4004478302082;VASO CLARA MORADO
82363091;4004478302112;VASO CLARA NEGRO
82363092;4004478301276;VASO EMILIA MORADO
82363093;4004478301290;DOSIFICADOR EMILIA MORADO
82363094;4004478301566;VASO LAMA
82363095;4004478301580;VASO LINA ROSA
82363096;4004478301610;VASO LINA NEGRO
82363100;4004478301641;VASO NINA ROSA
82363101;4004478301665;VASO NINA VERDE
82363102;4004478301696;VASO NINA AZUL
82363103;4004478301979;VASO RITA TRANSPARENTE
82363104;4004478302013;VASO RITA VERDE
82366712;8003341064023;DOSIFICADOR AFRODITE GRIS
82366719;8003341064078;ESCOBILLERO AFRODITE GRIS
82366733;8003341064061;JABONERA AFRODITE GRIS
82366756;8003341064054;VASO AFRODITE GRIS
82380445;4008838284353;DOSIFICADOR PADUA
82380463;4008838274477;ESCOBILLERO PADUA
82380496;4008838276891;VASO PADUA
82492370;8717821358679;DISPENSADOR DE JABÓN BLOOM ABS NEGRO
82492371;8719401650555;DISPENSADOR DE JABÓN BLOOM BLANCO
82492372;8717821616960;DISPENSADOR JABÓN GRACE POLIRRESINA BL
82492373;8717821616977;DISPENS. JABÓN GRACE POLIRRESINA ARENA
82492374;8717821358693;VASO BLOOM ABS NEGRO
82492375;8719401650579;VASO BLOOM BLANCO
82492376;8717821617004;VASO GRACE POLIRRESINA BLANCO
82492377;8717821617011;VASO GRACE POLIRRESINA ARENA
82492378;8717821358709;ESCOBILLERO BLOOM ABS NEGRO
82492379;8719401650593;ESCOBILLERO BLOOM BLANCO
82492380;8717821617028;ESCOBILLERO GRACE POLIRRESINA BLANCO
82492381;8717821617035;ESCOBILLERO GRACE POLIRRESINA ARENA
82492382;8719401653877;JOYERO GRACE ARENA
82492383;8719401653860;JOYERO GRACE BLANCO
82492384;8717821616984;PORTACEPILLOS GRACE POLIRRESINA BLANCO
82492385;8717821616991;PORTACEPILLOS GRACE POLIRRESINA ARENA
19411896;8003341199862;REDUCTOR WC D-DM B/LIL
19411931;8003341199879;REDUCTOR WC D-DM B/VER
19411966;8003341199886;REDUCTOR WC D-DM B/NAR
19411973;8003341199893;ORINAL-ESC D-DM B/LIL
19411994;8003341199909;ORINAL-ESC D-DM B/VER
19412001;8003341199916;ORINAL-ESC D-DM B/NAR
19412022;8003341199923;BAÑERITA D-DM BLA/LIL
19412036;8003341199930;BAÑERITA D-DM BLA/VER
19412050;8003341199947;BAÑERITA D-DM BLA/NAR
19412085;8003341199954;TUMBONA BAÑO D-DM B/LIL
19412092;8003341199961;TUMBONA BAÑO D-DM B/VER
19412106;8003341199978;TUMBONA BAÑO D-DM B/NAR
19412113;8003341199985;BANDEJA BAÑO DA DAM BLANCA Y LILA.
19412120;8003341199992;BANDEJA DA DAM BLANCA Y VERDE.
19412141;8003341200001;BANDEJA DA DAM BLANCA Y NARANJA.
19412155;8003341203781;ESCALERA D-DM VERDE.
19412162;8003341203767;ESCALERA D-DM NARANJA.
19412176;8003341203774;ESCALERA D-DM LILA.
14682542;3276200054335;RESERVA ROLLOS RIZO CROMO
16015426;3276004222794;RESERVA PORTARROLLOS JOPI
81875256;3276005666832;RESERVA FLEXO SCANDI NEGRO
81875257;3276005666801;RESERVA FLEXO SCANDI BLANCO
81875258;3276005666771;RESERVA FLEXO SCANDI CROMO MATTE
81881092;8433604005263;PORTAROLLOS CON RESERVA MOVIL CROMO
81887739;8426479936961;PORTARROLLOS PARA CISTERNA ACERO INOX
81888455;8433604005041;PORTARROLLOS+RESERVA CISTERNA
81956758;8420327416704;RESERVA METAL BRIT
81976683;3276000449003;PORTARROLLOS DE PIE ZAR CROMO
81976685;3276000449027;RESERVA PORTARROLLOS FLEXO BLANCO
81976686;3276000449034;RESERVA PORTARROLLOS FLEXO NEGRO MATE
81976687;3276000449041;RESERVA PORTARROLLOS FLEXO CROMO
81976688;3276000449058;RESERVA PORTARROLLOS FLEXO CEPILLADO
81976689;3276000449065;RESERVA Y PORTARROLLOS QUADDRO CROMO
81989523;3276000482963;RESERVA PORTARROLLOS LOFT
82366747;8003341112700;PORTARROLLOS MINU CROMO
16020403;3276200120597;ESCOBILLA RECAMBIO BLANCA BRILLO
16020445;3276200120566;ESCOBILLA RECAMBIO NEGRA BRILLO
16020536;3276200066475;ESCOBILLA PARA REC C/PALO NEGRA
16022664;3276004483560;ESCOBILLA RECAMBIO BLANCA MATE
16107770;8426479023210;ESCOBILLA RECAMBIO REDUCIDO 1
16107784;8426479023234;ESCOBILLA RECAMBIO REDUCIDO 2
17378291;8433290304084;KIT BISAGRA TAPA WC MERIDIAN-N
19456024;8003341171226;VALVULA DOSIFICADOR MYOSOTIS
19456066;8003341184301;PIÑA ESCOBILLERO MYOSOTIS
19456073;8003341184295;REPUESTO MANGO+PIÑA+DISCO MYOSOTIS
19856074;8710755325427;RECAMBIO ESCOBILLA NEWICON BLANCO
19856480;8710755370021;RECAMBIO ESCOBILLA MRL NEWICON NEGRO
19856536;8710755201240;RECAMBIO ESCOBILLA NEWICON NEGRO
81935860;0838810016450;ESCOBILLERO BAÑO REPUESTO CABEZAL NEGRO
81935861;0838810016443;ESCOBILLERO BAÑO REPUESTO CABEZAL BLANCO
81963223;4008838275764;REPUESTO ESCOBILLA SILICONA NEGRO
81963224;4008838345269;REPUESTO CEPILLO SILICONA MANGO AC INOX
81975753;3276000448501;RECAMBIO ESCOBILLA GRANDE BLANCO
81975754;3276000448518;RECAMBIO ESCOBILLA GRANDE NEGRA
81975755;3276000448525;RECAMBIO ESCOBILLA PEQUEÑA BLANCA
81975756;3276000448532;RECAMBIO ESCOBILLA PEQUEÑA NEGRA
81989537;3276000482925;ESCOBILLA C/PALO BLANCA
81989538;3276000482932;ESCOBILLA C/PALO NEGRA
82363087;4004478302686;REPUESTO ESCOBILLERO
82561601;4008838295014;CEPILLO RESERVA SILICONA CON MANGO NEGRO
15867670;5602488136810;TOALLA NEW PLUS NATURAL 70X140
15867796;5602488136667;TOALLA NEW PLUS BLANCO 70X140
15868006;5602488136797;TOALLA NEW PLUS CHOCOLATE 70X140
15868041;5602488153015;TOALLA NEW PLUS MORADO 70X140
15868083;5602488136735;TOALLA NEW PLUS MEDITERRANEAN 70X140
15868146;5602488153039;TOALLA NEW PLUS PISTACHO 70X140
15868482;5602488136704;TOALLA NEW PLUS DARK DENIM 70X140
82263319;5602488274543;TOALLA NEW PLUS LINEN 70X140
82263323;5602488274482;TOALLA NEW PLUS TAUPE 70X140
82263327;5602488274406;TOALLA NEW PLUS GRIS MAGNETIC 70X140
82263331;5602488274192;TOALLA NEW PLUS NUDE 70X140
82263335;5602488259595;TOALLA NEW PLUS BALTIC 70X140
82263339;5602488185535;TOALLA NEW PLUS AZUL PETROL 70X140
82267400;5602488274147;TOALLA NEW PLUS STORM 70X140
82277690;5602488243365;TOALLA NEW PLUS BLOSSOM 70X140
82277694;5602488185436;TOALLA NEW PLUS ARUBA 70X140
82277698;5602488217519;TOALLA NEW PLUS SILVER 70X140
82277702;5602488217526;TOALLA NEW PLUS CORAL 70X140
82277706;5602488243228;TOALLA NEW PLUS MOSTAZA 70X140
82277710;5602488200221;TOALLA NEW PLUS ESMERALDA 70X140
82277714;5602488259649;TOALLA NEW PLUS COPPER 70X140
82277718;5602488136711;TOALLA NEW PLUS ROYAL 70X140
82277722;5602488200320;TOALLA NEW PLUS NEGRO 70X140
82277726;5602488274246;TOALLA NEW PLUS MARSALA 70X140
82277730;5602488274307;TOALLA NEW PLUS DEEP BALTIC 70X140
82277734;5602488280391;TOALLA RIBBON BLANCO 70X140
82277738;5602488287888;TOALLA RIBBON SILVER 70X140
82277742;5602488287925;TOALLA RIBBON BALTIC 70X140
82277746;5602488288052;TOALLA RIBBON NUDE 70X140
82277750;5602488288564;TOALLA RIBBON LINEN 70X140
82277754;5602488287901;TOALLA RIBBON MOSTAZA 70X140
82277758;5602488287871;TOALLA RIBBON STORM 70X140
82277762;5602488287864;TOALLA RIBBON DEEP BALTIC 70X140
82277766;5602488288069;TOALLA RIBBON MARSALA 70X140
82277770;5602488288045;TOALLA RIBBON TAUPE 70X140
13276914;8413252151468;CORTINA CARLOTA LILA PEVA 180X180
14974946;3375130112631;CORTINA DAISY PEVA 180X200
15764742;8424019650988;CORTINA NEW FLORES PEVA 180X200
16619673;3276004688682;CORTINA FORRO LINER TRANS PEVA 135X180
16619680;3276004689047;CORTINA FUNKY BEIGE PEVA 200X180
16619694;3276004689009;CORTINA FUNKY BLANCO PEVA 200X180
16619701;3276004688965;CORTINA FUNKY TRANS PEVA 200X180
16619715;3276004688804;CORTINA FUNKY TRANS PEVA 180X180
16619722;3276004689160;CORTINA POLKA 200X180 PEVA BLANCO
16619750;3276004689320;CORT JOY FUSION NARANJA PEVA 200X180
16623796;8413252165434;CORTINA THALASSA PEVA 180X200
16623803;8413252165441;CORTINA FROST PEVA 180X200
16705234;5602488187737;CORTINA DROP PEVA 180X200
16707124;5602488202935;CORTINA WAKE ME UP PEVA 200X180
16707180;5602488161447;CORTINA WAVES FUCSIA PEVA 200X180
16707194;5602488161430;CORTINA WAVES VIOLETA PEVA 200X180
16707201;8424019649784;CORTINA LILLY PEVA 180X200
16707271;8424019649845;CORTINA CURLY PEVA 200X180
16707292;8424019649807;CORTINA NÚMEROS PEVA 180X200
16707306;8424019649814;CORTINA CITYSCAPE PEVA 180X200
17071712;5602488214532;CORTINA NEW MOSAIK PEVA 180X200
17080196;8422914082125;CORTINA GLASS PVC 180X200 CRISTAL
17151652;5602488214648;CORTINA SAILLING PEVA 180X200
17151666;5602488214488;CORTINA RANAS PEVA 180X180
19371856;3276000212676;CORTINA FUNKY BLANCO PEVA 180X200
19372094;3276000215837;CORTINA CUBE 3D GRIS PEVA 180X200
19372101;3276000216421;CORTINA COROLLE GLACIAR AZ PEVA 180X200
19372115;3276000216315;CORTINA JOY GRIS PEVA 180X200
19372143;3276000216407;CORTINA COROLLE GRIS LIBERTY PEVA180X200
19372150;3276000215813;CORTINA CUBE 3D TR PEVA 180X200
19372164;3276000216292;CORTINA JOY MANDARINA PEVA 180X200
19372185;3276000216186;CORTINA DOT PEVA ESTAMPADA 180X200
19372192;3276000216322;CORTINA JOY AZUL PAON PEVA 180X200
19372206;3276000215820;CORTINA DIAMOND 3D TR PEVA 180X200
19372241;3276000216438;CORTINA BARBER ESTAMPADA PEVA 180X200
19445272;8719401362779;CORTINA OWL SAND PEVA 180X200
19449220;5602488217670;CORTINA LUNARES PEVA 180X200
19449290;5602488171118;CORTINA STRIPES PEVA 180X200
19449332;5602488225385;CORTINA ART CITY PEVA 180X200
19449381;5602488203406;CORTINA DYNAMIC PEVA 180X200
82252606;3276000697008;CORTINA 3D CUBE PEVA 180X200
82252607;3276000696995;CORTINA EASY DROP GRIS PEVA 180X200
82252610;3276000697039;CORTINA EASY DROP BLANCO PEVA 180X200
82252611;3276000697046;CORTINA EASY POCKET PEVA 180X200
82252613;3276000697060;CORTINA FRAME PEVA 180X200
82252614;3276000697077;CORTINA LINES PEVA 180X200
82252684;3276000700296;CORTINA FUNKY PEVA 180X200
82252685;3276000700302;CORTINA ESSENTIAL TRENCH PEVA 180X200
82252687;3276000700319;CORTINA ESSENTIAL GRANITE PEVA 180X200
82263357;5602488279043;CORTINA BLISS PEVA 180X200
82494620;8413252172043;CORTINA FLORAL PEVA 180X180
82494621;8413252172067;CORTINA BRILLANTINA PEVA 180X200
82494622;8413252172050;CORTINA LLAMA CACTUS PEVA 180X180
82514440;8422914405788;CORTINA HUGO PEVA 180X200
82539940;4008912109404;CORTINA ARROW PEVA 180X200
82539941;4008912109022;CORTINA WHALE PEVA 180X200
82539942;8424010800009;CORTINA SOHO PEVA 180X200
48135010;;COD 48 CORTINAS
81876909;3700703931799;RECAMBIO BOLSA CORTINA FORMATO SENSEA
10102281;8422914100218;ANTIDESLIZANTE CAUCHO BEIGE 35X97
11155956;8422914100072;ANTIDESLIZANTE CAUCHO CLASSIC BL 35X65
11636730;8422914103806;ANTIDESLIZANTE CAUCHO CLASSIC TRAN 35X65
11636954;8422914103882;ANTIDESLIZANTE CAUCHO TRANSP 35X97
13303710;8422914106043;ANTIDESLIZANTE CAUCHO QUADRO BL 48X48
13303724;8422914106050;ANTIDESLIZANTE CAUCHO QUADRO AZ 48X48
13303794;8422914106012;ANTIDESLIZANTE CAUCHO QUADRO AZUL 36X76
13306020;8412776070354;ANTIDESLIZANTE CAUCHO BLANCO 54X54
13306062;8412776070859;ANTIDESLIZANTE CAUCHO DIAGONAL BL 97X35
13309674;8412776070873;ANTIDESLIZANTE CAUCHO DIAGONAL AZ 35X97
14974316;8422914106005;ANTIDESLIZANTE CAUCHO QUADRO BL 35X76
14975492;8413252131637;ANTIDESLIZANTE DAMA PVC AZUL 39X77
14975506;8413252131620;ANTID DAMA PVC BLANCO 39X77
14975534;8413252131491;ANTIDESLIZANTE DAMA PVC  BLANCO 50X51
14975541;8413252131507;ANTIDESLIZANTE DAMA PVC AZUL 50X51
14975646;8413252157187;ANTIDESLIZANTE PETRA PVC TRANSP 35X70
14975653;8413252157194;ANTID PETRA PVC AZUL 35X70
14975660;8413252157170;ANTID PETRA PVC TRANSPARENTE 53X53
14975681;8413252157149;ANTID PETRA PVC AZUL 53X53
14975695;8413252158474;ANTIDESLIZANTE ORIA PVC VERDE 40X71
14975702;;ANTIDESLIZANTE ORIA PVC AZUL 40X71
14975716;8413252158467;ANTIDESLIZANTE ORIA PVC ROJO 40X71
14975723;8413252158443;ANTIDESLIZANTE ORIA PVC TRANSP 40X71
14976185;8412776013054;ANTIDESLIZANTE CAUCHO BLANCO 50X80
16619995;3276004819352;ANTIDESLIZANTE BATH MAT AZUL OSCUR 36X69
16620226;3276004838896;ANTIDESLIZANTE BATH MAT TRANSP 36X69
16623355;8412776058055;ANTIDESLIZANTE FARO 40X70 CAUCHO AZUL
16623831;8413252160255;ANTIDESLIZANTE ROK PVC BEIGE 53X53
16623922;8413252160262;ANTIDESLIZANTE ROK PVC GRIS 53X53
16623936;8413252160293;ANTIDESLIZANTE ROK PVC BEIGE 35X70
16623971;8413252160309;ANTIDESLIZANTE ROK PVC GRIS 35X70
16624055;8413252164116;ANTIDESLIZANTE LUNA 39X60 TRANSPARENTE
16624391;8413252164086;ANTIDESLIZANTE BAMBU 43X76 TRANSPARENTE
16624405;8413252165939;ANTIDESLIZANTE BAMBU 43X76 VERDE
16624454;8413252021525;ANTIDESLIZANTE FLORES TRANSP 36X77
16624496;8413252021518;ANTIDESLIZANTE ESTRELLA TRANSP 36X77
16624531;8413252160316;ANTIDESLIZANTE PATCHWORK 43X64 AZUL
16630040;8422914770558;ANTID CLASS 35X65 CAUCHO NARANJA
16630110;8422914105275;ANTIDESLIZANTE CLASS CAUCHO PISTAC 36X76
16630131;8422914770589;ANTIDESLIZANTE CLASS CAUCHO FRESA 36X76
16630145;8422914770596;ANTIDESLIZANTE CLASS CAUCHO NARANJ 36X76
16630166;8422914772774;ANTIDESLIZANTE CLASS CAUCHO AZUL 36X76
16630173;8422914772781;ANTIDESLIZANTE CLASS CAUCHO GRIS 36X76
19411700;8413252021082;ANTIDESLIZANTE MAGIC 36X67
19411742;8413252165991;ALF ANTIDESLIZANTE PERLA BEIG 35X78
81971597;8413252021099;ANTIDESLIZANTE GUM 39X67
81971598;;ANTIDESLIZANTE COCO 39X69
81971599;8413252021280;ANTIDESLIZANTE FRIENDS 36X67
81971600;8413252166073;ANTIDESLIZANTE SPRING GRIS 32X67
81971601;8413252021143;ANTIDESLIZANTE ANIMALIA 39X69
81971602;8413252021150;ANTIDESLIZANTE HAPPY 39X69
81971604;8413252164147;ANTIDESLIZANTE RONDO AZUL 54X54
82075665;8413252021297;ANTIDESLIZANTE UMBRELA 36X67
82116812;8411801226018;ANTIDESLIZANTE BCN TRANSLUCIDA 54X54
82116813;8411801227497;ANTIDESLIZANTE BCN AQUA 54X54
82116814;8411801227534;ANTIDESLIZANTE BCN ANTRACITA 54X54
82116815;8411801226025;ANTIDESLIZANTE BCN TRANSLUCIDA 72X36
82116816;8411801227503;ANTIDESLIZANTE BCN AQUA 72X36
82116817;8411801227541;ANTIDESLIZANTE BCN ANTRACITA 72X36
82116818;8411801226032;ANTIDESLIZANTE BCN TRANSLUCIDA 96X36
82116819;8411801227510;ANTIDESLIZANTE BCN AQUA 96X36
82116820;8411801227558;ANTIDESLIZANTE BCN ANTRACITA 96X36
82116821;8411801226049;ANTIDESLIZANTE RINCON BCN TRANSP 48X48
82116822;8411801227527;ANTIDESLIZANTE RINCON BCN AQUA 48X48
82116823;8411801227565;ANTIDESLIZANTE RINCON BCN ANTRACIT 48X48
82135109;8413252021075;ANTIDESLIZANTE BRIO PVC 35X70
82137777;8413252169678;ANTIDESLIZANTE LOMBOK REDONDA TRANSP  50
82159496;8413252166080;ANTIDESLIZANTE HOJAS TRANSPARENTE 36X65
82159497;8413252166103;ANTIDESLIZANTE HOJAS VERDE 36X65
82359669;8413252021303;ANTIDESLIZANTE BOOGIE AZUL 36X67
82561595;4008838303672;CINTA ANTIDELIZANTE
13309632;8422914106098;FIGURAS ANTIDESLIZ QUADRO AZUL CAUCHO
13309646;8422914106081;FIGURAS ANTIDESLIZ QUADRO BLANCO CAUCHO
14974631;8422914770862;FIGURAS ANTIDESLIZ QUADRO TRANSP CAUCHO
14975730;8413252021808;FIGURAS ANTIDESLIZ CRAB PVC 12X8.5
14975744;8413252021815;FIGURAS ANTIDESLIZ PEZ PVC 12X10.5
14975751;8413252021785;FIGURA ANTIDES HIPO PVC 11X14
14975765;8413252021754;FIGURAS ANTIDESLIZ RANA GUSY PVC 12X14
14975772;8413252154261;FIGURA ANTIDES PIES PVC ROSA 16X9
14975786;8413252154278;FIGURAS ANTIDESLIZ PIES VERDE PVC 16X9
14975793;8413252154254;FIGURA ANTIDES PIES PVC AZUL 16X9
14975800;8413252154247;FIGURAS ANTIDESLIZ PIES TRANSP PVC 16X9
14975814;8413252021747;FIGURAS ANTIDESLIZ PATO NUT PVC 12X13
15817683;8422914772217;FIGURAS ANTIDESLIZ DIDACTICAS 10X14
15820980;8413252160378;FIGURAS ANTIDESLIZ CONCHAS AZUL 11X13
15820994;8413252160347;FIGURAS ANTIDESLIZ ESTRELLAS AZUL 12X12
15821015;8413252160354;FIGURAS ANTIDESLIZ  ESTRELLAS NARA 11X13
16623383;8412776057256;FIG ANTID BALLENA DORY 10.5X15 MALVA
16623691;4004478196049;FIG ANTID PICCOLOS NARANJA
16708321;8422914772934;FIG ANTID QUADRO 13X13 COL CALIDOS
16708335;8422914772927;FIG ANTID QUADRO 13X13 COL FRIOS
81970026;8413252021884;FIGURAS ANTIDESLIZ PIEDI 16X9
81970027;8413252021891;FIGURAS ANTIDESLIZ GUPPI 12X10
81970028;8413252021877;FIGURAS ANTIDESLIZ COROLA 12X12
81970029;8413252021730;FIGURAS ANTIDESLIZ FLOR 10.5X10.5
81970030;8413252021907;FIGURAS ANTIDESLIZ ETOILE 13X12
81970031;8413252021914;FIGURAS ANTIDESLIZ ELEFANTE 10.5X14
17845513;3218047004012;VELOUTE ALFOMBRA 60X60 VERDE
17845611;3218047004029;VELOUTE ALFOMBRA 60X90 BLANCO
17845674;3218047004050;VELOUTE ALFOMBRA 60X90 VERDE
17845751;3218047003954;BOUCLE ANTIDESLIZANTE VERDE LIMA
10147305;8426479205555;ASIENTO BANERA ABS BL/CR
14712012;4008838179376;ASIENTO MURAL DUCHA SECURA BLANCO
14712040;4008838811047;BARRA ENTRADA BAÑERA SECURA BLANCO
14713251;8426479096108;ASIENTO DCH ABAT ALUM/ABS 51X40X38
14713286;8426479096115;ASIENTO BAÑERA CON ASA ABS
15387141;4008912995007;BOSTON ASIENTO PLEGABLE DCH 120KG GRIS
15387162;4008912997032;BOSTON BARRA SEG DCH DRCH CEPILLADO
15387302;4008912997001;BOSTON BARRA SEG DCH IZQ CROMO
15387316;4008912997025;BOSTON BARRA SEG DCH DRCH CROMO
15404585;8426479005186;BANCO BÑR ALUM ANOD BLANCO
15404592;8426479005193;ASIENTO DCH C/SOP AC INOX/MAD CEREZO
15404606;8426479005209;ASIENTO DCH C/SOP AC INOX/MAD HAYA
15404613;8426479005216;ASIENTO DCH C/SOP AC INOX/MAD BLANCO
15404634;8426479005230;ASIENTO GIRAT BÑR AC INOX/ABS BLANCO
15404641;8426479005247;SILLA GIRAT BÑR ALUM/MAD BLANCO
15404655;8426479005254;ASIENTO ABT BÑR AC INOX/ABS BLANCO
15404893;8426479005353;RAMPA ACCESO PLATO DCH BLANCO
15404991;8426479005360;ANDADOR PLEGBL GRIS
16574936;8426479023500;ASIENTO BAÑO CON RESPALDO ABS/CROMO
16574943;8426479129004;ASIENTO BAÑO ABS Y CROMO BRILLO
19488000;8031279598907;ASIENTO DE DUCHA EN ACERO INOX BLAN M
19488091;8031279356576;ASIENTO DE DUCHA EN ACERO INOX NEGRO MAT
19836754;3700703991427;TABURETE AJUSTABLE DE ALTURA Y ROTATIVO
81882205;3276007054514;ASIENTO BAÑERA COMFORT
81882206;3276000350248;TABURETE AJUSTABLE COMFORT BLANCO
81882207;3276000350231;ASIENTO SPACE DUCHA BLANCO
81882209;3276000350194;TABURETE COMFORT BLANCO
81887742;8426479936886;BANCO BAÑERA CON ASAS ALTURA 23CM ALU
81887743;8426479936800;TABURETE GIRATORIO CON BANDEJA ALU/PP
81887744;8426479937005;BANQUETA CON ASAS ALUMINIO/MADERA
81887748;8426479937012;ASIENTO PROTECCIÓN INFANTIL HASTA 25KG
81887749;8426479937029;ASIENTO ABATIBLE HASTA 150KG NEGRO
81887750;8426479937036;ASIENTO ABATIBLE HASTA 150KG BLANCO
81887751;8426479936879;SILLA PLEGABLE ASAS/SOPORTE/MANGO ALU/PP
81887765;8426479936831;SOPORTE DE PIE DE VENTOSA
81896446;3276000338093;ASIENTO DUCHA SPACE CON PIE
81897031;8031279016784;ASIENTO DUCHA PEHD CODIGO GIO-X819P/30
81897032;8031279949976;ASIENTO DUCHA MADERA CODIGO GIO-X819L/30
81897035;8014561250028;ASIENTO MÓVIL DUCHA 150 PROVEX BLANCO
81897036;8014561250035;ASIENTO MÓVIL DUCHA 150 PROVEX ANTRACITA
81897037;8014561245192;ASIENTO MÓVIL DUCHA 300 BLANCO/CROMO
13644225;8426479883043;PORTARROLLOS INDUSTRIAL BLANCO
16107980;8426479023302;PORTARROLLOS INDUSTRIAL  JUMBO CROMO
16293970;8426479129080;REPUESTO PAPEL PORTAROLLO 3UD
81254971;8003341043509;PORTARROLLOS INDUSTRIAL GEDY ANTRACITA
81254975;8003341043646;PORTARROLLOS INDUSTRIAL GEDY AZUL
81255071;8003341043530;PORTARROLLOS INDUSTRIAL GEDY BLANCO
81255222;8003341043660;PORTARROLLOS INDUSTRIAL GEDY CROMO
81255388;8003341091746;PORTARROLLOS INDUSTRIAL GEDY CROMO BRILL
81255390;8003341124918;PORTARROLLOS INDUSTRIAL JUMBO BLANCO
81865712;8426479131373;PORTARROLLOS INDUSTRIAL 26 CROMO
81865713;8426479130789;DISPENSADOR TOALLAS PAPEL ZIGZAG CR
82410656;8003341113394;PORTARROLLOS INDUSTRIAL GEDY CROMO
82655769;;LOTE PORTARROLLOS HOST. BL Y PACK 3 UD
82655771;;LOTE PORTARROLLO INDUS. INOX Y PACK 3 UD
82655777;;LOTE DE PORTARROLLO GRIS Y PACK 3 UD
82673182;8426479938460;PORTARROLLOS INDUSTRIAL GOTA BLANCO
82673187;8426479940845;PORTARROLLOS INDUSTRIAL GOTA NEGRO
82673190;8426479941262;PORTARROLLOS INDUSTRIAL GOTA CROMO
81976028;3276000448617;PLATO SENSEA ESSENTIAL 120X70 BL ACRIL
81976029;3276000448624;PLATO SENSEA ESSENTIAL 120X80 BL ACRIL
81976030;3276000448631;PLATO SENSEA ESSENTIAL 100X70 BL ACRIL
81976031;3276000448648;PLATO SENSEA ESSENTIAL 90X70 BL ACRIL
81976032;3276000448655;PLATO SENSEA ESSENTIAL 80X80 BL ACRIL
81976033;3276000448662;PLATO SENSEA ESSENTIAL 100X80 BL ACRIL
81976034;3276000448679;PLATO SENSEA ESSENTIAL 140X70 BL ACRIL
81976035;3276000448686;PLATO SENSEA ESSENTIAL 140X80 BL ACRIL
81976036;3276000448693;PLATO SENSEA ESSENTIAL 90X90 BL ACRIL
81976037;3276000448709;PLATO SENSEA ESSENTIAL 160X70 BL ACRIL
81976038;3276000448716;PLATO SENSEA ESSENTIAL 70X70 BL ACRIL
81976039;3276000448723;PLATO SENSEA ESSENTIAL 160X80 BL ACRIL
81976040;3276000448730;PLATO SENSEA ESSENTIAL 170X70 BL ACRIL
81976041;3276000448747;PLATO SENSEA ESSENTIAL 1/4C 80 BL ACRIL
81976042;3276000448754;PLATO SENSEA ESSENTIAL 1/4C 90 BL ACRIL
81989143;3276000463894;PLATO SENSEA EASY 80X80 BL RESINA
81989144;3276000463900;PLATO SENSEA EASY 90X90 BL RESINA
81989145;3276000463917;PLATO SENSEA EASY 90X70 BL RESINA
81989146;3276000463924;PLATO SENSEA EASY 100X70 BL RESINA
81989147;3276000463931;PLATO SENSEA EASY 120X70 BL RESINA
81989148;3276000463948;PLATO SENSEA EASY 140X70 BL RESINA
81989149;3276000463955;PLATO SENSEA EASY 160X70 BL RESINA
81989150;3276000463962;PLATO SENSEA EASY 100X80 BL RESINA
81989151;3276000463979;PLATO SENSEA EASY 120X80 BL RESINA
81989152;3276000463986;PLATO SENSEA EASY 140X80 BL RESINA
81989153;3276000464006;PLATO SENSEA EASY 160X80 BL RESINA
81989154;3276000464020;PLATO SENSEA EASY 170X80 BL RESINA
81989158;3276000464099;PLATO SENSEA EASY 1/4C 80 BL RESINA
81989159;3276000464112;PLATO SENSEA EASY 1/4C 90 BL RESINA
81989162;3276000464488;PLATO SENSEA EASY 170X70 BL RESINA
81989207;3276000464105;PLATO SENSEA REMIX 100X70 BL RESINA
81989208;3276000464129;PLATO SENSEA REMIX 120X70 BL RESINA
81989209;3276000464143;PLATO SENSEA REMIX 140X70 BL RESINA
81989210;3276000464150;PLATO SENSEA REMIX 160X70 BL RESINA
81989211;3276000464174;PLATO SENSEA REMIX 100X80 BL RESINA
81989212;3276000464181;PLATO SENSEA REMIX 120X80 BL RESINA
81989213;3276000464198;PLATO SENSEA REMIX 140X80 BL RESINA
81989214;3276000464204;PLATO SENSEA REMIX 160X80 BL RESINA
81989218;3276000464242;PLATO SENSEA REMIX 170X70 BL RESINA
81989221;3276000464303;PLATO SENSEA REMIX 100X70 NG RESINA
81989222;3276000464730;PLATO SENSEA REMIX 120X70 NEGRO RESINA
81989223;3276000464747;PLATO SENSEA REMIX 140X70 NEGRO RESINA
81989224;3276000464754;PLATO SENSEA REMIX 160X70 NEGRO RESINA
81989225;3276000464761;PLATO SENSEA REMIX 100X80 NEGRO RESINA
81989226;3276000464778;PLATO SENSEA REMIX 120X80 NEGRO RESINA.
81989227;3276000464785;PLATO SENSEA REMIX 140X80 NEGRO RESINA
81989228;3276000464792;PLATO SENSEA REMIX 160X80 NEGRO RESINA
81989232;3276000464839;PLATO SENSEA REMIX 170X70 NEGRO RESINA
81989235;3276000464860;PLATO SENSEA REMIX 100X70 GRIS RESINA.
81989236;3276000464877;PLATO SENSEA REMIX 120X70 GRIS RESINA
81989237;3276000464884;PLATO SENSEA REMIX 140X70 GRIS RESINA
81989238;3276000464891;PLATO SENSEA REMIX 160X70 GRIS RESINA
81989239;3276000464907;PLATO SENSEA REMIX 100X80 GRIS RESINA
81989240;3276000464914;PLATO SENSEA REMIX 120X80 GRIS RESINA
81989241;3276000464921;PLATO SENSEA REMIX 140X80 GRIS RESINA
81989242;3276000464495;PLATO SENSEA REMIX 160X80 GRIS RESINA
81989246;3276000464563;PLATO SENSEA REMIX 170X70 GRIS RESINA
82002221;3276000549253;PLATO SENSEA NEO 90X70 BL RESINA
82002222;3276000549260;PLATO SENSEA NEO 100X70 BL RESINA
82002223;3276000549277;PLATO SENSEA NEO 120X70 BL RESINA
82002224;3276000549284;PLATO SENSEA NEO 140X70 BL RESINA
82002225;3276000549291;PLATO SENSEA NEO 160X70 BL RESINA
82002227;3276000549314;PLATO SENSEA NEO 100X80 BL RESINA
82002228;3276000549321;PLATO SENSEA NEO 120X80 BL RESINA
82002229;3276000549338;PLATO SENSEA NEO 140X80 BL RESINA
82002230;3276000549345;PLATO SENSEA NEO 160X80 BL RESINA
82002231;3276000549352;PLATO SENSEA NEO 90X90 BL RESINA
82002232;3276000549369;PLATO SENSEA NEO 120X90 BL RESINA
82002233;3276000549376;PLATO SENSEA NEO 140X90 BL RESINA
82002234;3276000549383;PLATO SENSEA NEO 160X90 BL RESINA
82002235;3276000549390;PLATO SENSEA NEO 100X100 BL RESINA
82002236;3276000549406;PLATO SENSEA NEO 90X70 NG RESINA
82002237;3276000549413;PLATO SENSEA NEO 100X70 NG RESINA
82002238;3276000549420;PLATO SENSEA NEO 120X70 NG RESINA
82002239;3276000549437;PLATO SENSEA NEO 140X70 NG RESINA
82002240;3276000549444;PLATO SENSEA NEO 160X70 NG RESINA
82002242;3276000549833;PLATO SENSEA NEO 100X80 NG RESINA
82002243;3276000549857;PLATO SENSEA NEO 120X80 NG RESINA
82002244;3276000549871;PLATO SENSEA NEO 140X80 NG RESINA
82002245;3276000549895;PLATO SENSEA NEO 160X80 NG RESINA
82002246;3276000549901;PLATO SENSEA NEO 90X90 NG RESINA
82002247;3276000549918;PLATO SENSEA NEO 120X90 NG RESINA
82002248;3276000549925;PLATO SENSEA NEO 140X90 NG RESINA
82002249;3276000549932;PLATO SENSEA NEO 160X90 NG RESINA
82002250;3276000549949;PLATO SENSEA NEO 100X100 NG RESINA
82002251;3276000549956;PLATO SENSEA NEO 90X70 PARIS RESINA
82002252;3276000549963;PLATO SENSEA NEO 100X70 PARIS RESINA
82002253;3276000549970;PLATO SENSEA NEO 120X70 PARIS RESINA
82002254;3276000549987;PLATO SENSEA NEO 140X70 PARIS RESINA
82002255;3276000549994;PLATO SENSEA NEO 160X70 PARIS RESINA
82002257;3276000550020;PLATO SENSEA NEO 100X80 PARIS RESINA
82002258;3276000550044;PLATO SENSEA NEO 120X80 PARIS RESINA
82002259;3276000550075;PLATO SENSEA NEO 140X80 PARIS RESINA
82002260;3276000550099;PLATO SENSEA NEO 160X80 PARIS RESINA
82002261;3276000549659;PLATO SENSEA NEO 90X90 PARIS RESINA
82002262;3276000549666;PLATO SENSEA NEO 120X90 PARIS RESINA
82002263;3276000549673;PLATO SENSEA NEO 140X90 PARIS RESINA
82002264;3276000549680;PLATO SENSEA NEO 160X90 PARIS RESINA
82002265;3276000549697;PLATO SENSEA NEO 100X100 PARIS RESIN
82002266;3276000549703;PLATO SENSEA NEO 90X70 GR RESINA
82002267;3276000549710;PLATO SENSEA NEO 100X70 GR RESINA
82002268;3276000549727;PLATO SENSEA NEO 120X70 GR RESINA
82002269;3276000549734;PLATO SENSEA NEO 140X70 GR RESINA
82002270;3276000549741;PLATO SENSEA NEO 160X70 GR RESINA
82002272;3276000549765;PLATO SENSEA NEO 100X80 GR RESINA
82002273;3276000549772;PLATO SENSEA NEO 120X80 GR RESINA
82002274;3276000549789;PLATO SENSEA NEO 140X80 GR RESINA
82002275;3276000549796;PLATO SENSEA NEO 160X80 GR RESINA
82002276;3276000549802;PLATO SENSEA NEO 90X90 GR RESINA
82002277;3276000549826;PLATO SENSEA NEO 120X90 GR RESINA
82002278;3276000549840;PLATO SENSEA NEO 140X90 GR RESINA
82002279;3276000549864;PLATO SENSEA NEO 160X90 GR RESINA
82002280;3276000549888;PLATO SENSEA NEO 100X100 GR RESINA
82002284;3276000549482;PLATO SENSEA NEO 140X70 MARBLE BL
82002288;3276000549529;PLATO SENSEA NEO 120X80 MARBLE BL
82002296;3276000549604;PLATO SENSEA NEO 90X70 MARBLE NG
82002297;3276000549611;PLATO SENSEA NEO 100X70 MARBLE NG
82002298;3276000549628;PLATO SENSEA NEO 120X70 MARBLE NG
82002299;3276000549635;PLATO SENSEA NEO 140X70 MARBLE NG
82002300;3276000549642;PLATO SENSEA NEO 160X70 MARBLE NG
82002302;3276000550198;PLATO SENSEA NEO 100X80 MARBLE NG
82002303;3276000550204;PLATO SENSEA NEO 120X80 MARBLE NG
82002304;3276000550211;PLATO SENSEA NEO 140X80 MARBLE NG
82002305;3276000550228;PLATO SENSEA NEO 160X80 MARBLE NG
82002306;3276000550235;PLATO SENSEA NEO 90X90 MARBLE NG
82002307;3276000550242;PLATO SENSEA NEO 120X90 MARBLE NG
82002308;3276000550259;PLATO SENSEA NEO 140X90 MARBLE NG
82002309;3276000550266;PLATO SENSEA NEO 160X90 MARBLE NG
82002310;3276000550273;PLATO SENSEA NEO 100X100 MARBLE NG
82002313;3276000550303;PLATO SENSEA NEO 120X70 MARBLE TRAV
82002314;3276000550310;PLATO SENSEA NEO 140X70 MARBLE TRAV
82002326;3276000550105;PANEL PARED PLATO NEO 220X90 BLANCO
82002327;3276000550112;PANEL PARED NEO 220X120 BL RESINA
82002328;3276000550129;PANEL PARED NEO 220X90 NG MATE RESINA
82002330;3276000550143;PANEL PARED NEO 220X90 ANTRACITA RESINA
82002331;3276000550150;PANEL PARED NEO 220X120 ANTRACIT RESINA
82002332;3276000550167;PANEL PARED NEO 220X90 GRIS RESINA
82002333;3276000550174;PANEL PARED NEO 220X120 GRIS RESINA
82172888;8434033690488;EXPOSITOR 6 MINIPLATOS NEO
82172889;8434033701818;PLATO NEO M2 A MEDIDA
82172890;8434033701856;PLATO NEO MARBLE M2 A MEDIDA
82307231;3276000715023;PLATO SENSEA NEO 90X70 MARBLE BL
82307232;3276000714880;PLATO SENSEA NEO 100X70 MARBLE BL
82307233;3276000714897;PLATO SENSEA NEO 120X70 MARBLE BL
82307234;3276000714910;PLATO SENSEA NEO 140X70 MARBLE BL
82307235;3276000714934;PLATO SENSEA NEO 160X70 MARBLE BL
82307237;3276000715061;PLATO SENSEA NEO 100X80 MARBLE BL
82307238;3276000714903;PLATO SENSEA NEO 120X80 MARBLE BL
82307239;3276000715092;PLATO SENSEA NEO 140X80 MARBLE BL
82307240;3276000714958;PLATO SENSEA NEO 160X80 MARBLE BL
82307241;3276000715160;PLATO SENSEA NEO 90X90 MARBLE BL
82307242;3276000715153;PLATO SENSEA NEO 120X90 MARBLE BL
82307243;3276000714989;PLATO SENSEA NEO 140X90 MARBLE BL
82307244;3276000714996;PLATO SENSEA NEO 160X90 MARBLE BL
82307245;3276000715016;PLATO SENSEA NEO 100X100 MARBLE BL
82307247;3276000715054;PLATO SENSEA NEO 90X70 MARBLE TRAV
82307249;3276000715214;PLATO SENSEA NEO 100X70 MARBLE TRAV
82307252;3276000715122;PLATO SENSEA NEO 120X70 MARBLE TRAV
82307254;3276000715184;PLATO SENSEA NEO 140X70 MARBLE TRAV
82307257;3276000715177;PLATO SENSEA NEO 160X70 MARBLE TRAV
82307262;3276000715139;PLATO SENSEA NEO 100X80 MARBLE TRAV
82307263;3276000715078;PLATO SENSEA NEO 120X80 MARBLE TRAV
82307264;3276000715207;PLATO SENSEA NEO 140X80 MARBLE TRAV
82307265;3276000715221;PLATO SENSEA NEO 160X80 MARBLE TRAV
82307266;3276000715238;PLATO SENSEA NEO 90X90 MARBLE TRAV
82307267;3276000715245;PLATO SENSEA NEO 120X90 MARBLE TRAV
82307268;3276000715146;PLATO SENSEA NEO 140X90 MARBLE TRAV
82307269;3276000715047;PLATO SENSEA NEO 160X90 MARBLE TRAV
82307270;3276000715191;PLATO SENSEA NEO 100X100 MARBLE TRAV
16803052;8436537703787;PLATO URBAN 80 X 115 BL + VALV
16803066;8436537705583;PLATO URBAN 70 X 100 NG + VALV
16803115;8436537707822;PLATO URBAN 90 X 170 GRIS +VALV
16803171;8436537709055;PLATO URBAN 80 X 160 CRE +VALV
16803353;8436537707112;PLATO URBAN 70 X 100 GRIS +VALV
16803584;8436537701431;PLATO URBAN 70 X 70 BLA + VALV
16803626;8436537704197;PLATO URBAN 85 X 150 BL + VALV
16803710;8436537709260;PLATO URBAN 90 X 100 CRE +VALV
16803773;8436537707174;PLATO URBAN 70 X 140 GRIS +VALV
16803962;8436537701547;PANEL PARED URBAN LG 121-150 AN 56-75 B
16804074;8436537706610;PLATO URBAN 75 X 75 GRIS +VALV
16804270;8436537705309;PLATO URBAN 60 X 170 NG + VALV
16804340;8436537705675;PLATO URBAN 70 X 170 NG + VALV
16804480;8436537707181;PLATO URBAN 70 X 150 GRIS +VALV
16804564;8436537707853;PLATO URBAN 90 X 200 GRIS +VALV
16804725;8436537707150;PLATO URBAN 70 X 120 GRIS +VALV
16804851;8436537703022;PLATO URBAN 70 X 100 BL + VALV
16804886;8436537709383;PLATO URBAN 90 X 200 CRE +VALV
16804914;8436537705385;PLATO URBAN 65 X 90 NEG + VALV
16805040;8436537707204;PLATO URBAN 70 X 170 GRIS +VALV
16805285;8436537702186;PLATO URBAN 60 X 70 BLA + VALV
16805355;8436537707198;PLATO URBAN 70 X 160 GRIS +VALV
16805621;8436537705996;PLATO URBAN 80 X 160 NG + VALV
16805642;8436537702483;PLATO URBAN 60 X 160 BL + VALV
16805691;8436537707211;PLATO URBAN 70 X 180 GRIS +VALV
16805740;8436537703084;PLATO URBAN 70 X 120 BL + VALV
16805803;8436537705569;PLATO URBAN 70 X 90 NEG + VALV
16805810;8436537703510;PLATO URBAN 70 X 130 RAL +VALV.
16805852;8436537701929;PANEL PARED URBAN LG 151-198 AN 76-98 R
16805971;8436537705668;PLATO URBAN 70 X 160 NG + VALV
16806104;8436537703503;PLATO URBAN 75 X 160 BL + VALV
16806125;8436537705651;PLATO URBAN 70 X 150 NG + VALV
16806160;8436537705590;PLATO URBAN 70 X 105 NG + VALV
16806195;8436537705644;PLATO URBAN 70 X 140 NG + VALV
16806202;8436537705620;PLATO URBAN 70 X 120 NG + VALV
16806230;8436537703497;PLATO URBAN 70 X 120 RAL +VALV.
16806286;8436537705682;PLATO URBAN 70 X 180 NG + VALV
16806321;8436537707280;PLATO URBAN 75 X 100 GRIS +VALV
16806524;8436537705705;PLATO URBAN 70 X 200 NG + VALV
16806713;8436537703558;PLATO URBAN 75 X 170 BL + VALV
16806811;8436537705750;PLATO URBAN 75 X 100 NG + VALV
16806825;8436537703565;PLATO URBAN 70 X 140 RAL +VALV.
16807042;8436537703626;PLATO URBAN 70 X 160 RAL +VALV.
16807224;8436537705958;PLATO URBAN 80 X 120 NG + VALV
16807245;8436537705989;PLATO URBAN 80 X 150 NG + VALV
16807392;8436537705972;PLATO URBAN 80 X 140 NG + VALV
16807434;8436537705910;PLATO URBAN 80 X 100 NG + VALV
16807490;8436537703107;PLATO URBAN 70 X 130 BL + VALV
16807553;8436537706009;PLATO URBAN 80 X 170 NG + VALV
16807644;8436537706016;PLATO URBAN 80 X 180 NG + VALV
16807791;8436537706023;PLATO URBAN 80 X 190 NG + VALV
16807826;8436537703695;PLATO URBAN 70 X 200 RAL +VALV.
16807924;8436537702094;PLATO URBAN 90 X 90 BLA + VALV
16807945;8436537706085;PLATO URBAN 85 X 110 NG + VALV
16808071;8436537707358;PLATO URBAN 75 X 150 GRIS +VALV
16808092;8436537703725;PLATO URBAN 80 X 105 BL + VALV
16808246;8436537709062;PLATO URBAN 80 X 170 CRE +VALV
16808281;8436537709048;PLATO URBAN 80 X 150 CRE +VALV
16808414;8436537703831;PLATO URBAN 80 X 140 BL + VALV
16808442;8436537706207;PLATO URBAN 90 X 100 NG + VALV
16808645;8436537703794;PLATO URBAN 80 X 120 BL + VALV
16808652;8436537708713;PLATO URBAN 70 X 150 CRE +VALV
16808736;8436537704357;PLATO URBAN 80 X 160 RAL +VALV.
16808883;8436537707440;PLATO URBAN 80 X 100 GRIS +VALV
16808932;8436537703862;PLATO URBAN 80 X 160 BL + VALV
16809072;8436537703848;PLATO URBAN 80 X 150 BL + VALV
16809226;8436537703138;PLATO URBAN 70 X 140 BL + VALV
16809296;8436537703879;PLATO URBAN 80 X 170 BL + VALV
16809310;8436537708478;PLATO URBAN 65 X 105 CRE +VALV
16809541;8436537704920;PLATO URBAN 100X130 BL + VALV
16809555;8436537703152;PLATO URBAN 70 X 150 BL + VALV
16809625;8436537708706;PLATO URBAN 70 X 140 CRE +VALV
16809674;8436537703183;PLATO URBAN 70 X 170 BL + VALV
16809702;8436537708683;PLATO URBAN 70 X 120 CRE +VALV
16809765;8436537708607;PLATO URBAN 70 X 80 CRE +VALV
16809786;8436537707501;PLATO URBAN 80 X 140 GRIS +VALV
16809793;8436537704951;PLATO URBAN 100X160 BL + VALV
16809821;8436537707525;PLATO URBAN 80 X 160 GRIS +VALV
16809863;8436537708621;PLATO URBAN 70 X 90 CRE +VALV
16809912;8436537708645;PLATO URBAN 70 X 100 CRE +VALV
16809940;8436537703176;PLATO URBAN 70 X 160 BL + VALV
16810003;8436537704982;PLATO URBAN 100X170 BL + VALV
16810045;8436537709031;PLATO URBAN 80 X 140 CRE +VALV
16810206;8436537708720;PLATO URBAN 70 X 160 CRE +VALV
16810276;8436537705194;PLATO URBAN 60 X 90 NEG + VALV
16810325;8436537707556;PLATO URBAN 80 X 190 GRIS +VALV
16810360;8436537708737;PLATO URBAN 70 X 170 CRE +VALV
16810416;8436537704166;PLATO URBAN 85 X 130 BL + VALV
16810472;8436537708751;PLATO URBAN 70 X 190 CRE +VALV
16810563;8436537704159;PLATO URBAN 80 X 100 RAL +VALV.
16810626;8436537708799;PLATO URBAN 75 X 90 CRE +VALV
16810633;8436537702940;PLATO URBAN 70 X 80 BLA + VALV
16810682;8436537703206;PLATO URBAN 70 X 180 BL + VALV
16810836;8436537705132;PLATO URBAN 100X100 NG + VALV
16810864;8436537704487;PLATO URBAN 90 X 150 BL + VALV
16810983;8436537709017;PLATO URBAN 80 X 120 CRE +VALV
16811004;8436537702131;PLATO URBAN 100X100 BL + VALV
16811011;8436537706559;PLATO URBAN 100X180 NG + VALV
16811074;8436537705125;PLATO URBAN 95 X 95 NEG + VALV
16811221;8436537705149;PLATO URBAN 60 X 65 NEG + VALV
82226149;8435530703435;PLATO URBAN PIZARRA 80X80 BL + VALV
82226150;8435530703626;PLATO URBAN PIZARRA 85X85 BL + VALV
82226151;8435530703817;PLATO URBAN PIZARRA 90X90 BL + VALV
82226152;8435530703992;PLATO URBAN PIZARRA 90X95 BL + VALV
82226153;8435530704197;PLATO URBAN PIZARRA 100X100 BL + VALV
82226164;8435530708010;PLATO URBAN PIZARRA 80X80 AN + VALV
82226165;8435530708775;PLATO URBAN PIZARRA 100X100 AN + VALV
82226176;8435530712598;PLATO URBAN PIZARRA 80X80 PE + VALV
82226177;8435530712789;PLATO URBAN PIZARRA 85X85 PE + VALV
82226178;8435530712970;PLATO URBAN PIZARRA 90X90 PE + VALV
82226179;8435530713168;PLATO URBAN PIZARRA 95X95 PE + VALV
82226180;8435530713359;PLATO URBAN PIZARRA 100X100 PE + VALV
82226195;8435530717173;PLATO URBAN PIZARRA 80X80 CR + VALV
82226196;8435530717364;PLATO URBAN PIZARRA 85X85 CR + VALV
82226197;8435530717555;PLATO URBAN PIZARRA 90X90 CR + VALV
82226198;8435530717746;PLATO URBAN PIZARRA 95X95 CR + VALV
82226199;8435530717937;PLATO URBAN PIZARRA 100X100 CR + VALV
82226230;8435530703152;PLATO URBAN PIZARRA 100X70 BL + VALV
82226231;8435530703169;PLATO URBAN PIZARRA 105X70 BL + VALV
82226232;8435530703176;PLATO URBAN PIZARRA 110X70 BL + VALV
82226233;8435530703183;PLATO URBAN PIZARRA 115X70 BL + VALV
82226234;8435530703190;PLATO URBAN PIZARRA 120X70 BL + VALV
82226235;8435530703206;PLATO URBAN PIZARRA 130X70 BL + VALV
82226236;8435530703213;PLATO URBAN PIZARRA 140X70 BL + VALV
82226237;8435530703220;PLATO URBAN PIZARRA 150X70 BL + VALV
82226238;8435530703237;PLATO URBAN PIZARRA 160X70 BL + VALV
82226239;8435530703244;PLATO URBAN PIZARRA 170X70 BL + VALV
82226240;8435530703251;PLATO URBAN PIZARRA 180X70 BL + VALV
82226241;8435530703268;PLATO URBAN PIZARRA 190X70 BL + VALV
82226242;8435530703275;PLATO URBAN PIZARRA 200X70 BL + VALV
82226243;8435530703282;PLATO URBAN PIZARRA 210X70 BL + VALV
82226244;8435530703299;PLATO URBAN PIZARRA 100X75 BL + VALV
82226245;8435530703305;PLATO URBAN PIZARRA 105X75 BL + VALV
82226246;8435530703312;PLATO URBAN PIZARRA 110X75 BL + VALV
82226247;8435530703329;PLATO URBAN PIZARRA 115X75 BL + VALV
82226248;8435530703336;PLATO URBAN PIZARRA 120X75 BL + VALV
82226249;8435530703343;PLATO URBAN PIZARRA 130X75 BL + VALV
82226250;8435530703350;PLATO URBAN PIZARRA 140X75 BL + VALV
82226251;8435530703367;PLATO URBAN PIZARRA 150X75 BL + VALV
82226252;8435530703374;PLATO URBAN PIZARRA 160X75 BL + VALV
82226253;8435530703381;PLATO URBAN PIZARRA 170X75 BL + VALV
82226254;8435530703398;PLATO URBAN PIZARRA 180X75 BL + VALV
82226255;8435530703404;PLATO URBAN PIZARRA 190X75 BL + VALV
82226256;8435530703411;PLATO URBAN PIZARRA 200X75 BL + VALV
82226257;8435530703428;PLATO URBAN PIZARRA 210X75 BL + VALV
82226258;8435530703442;PLATO URBAN PIZARRA 85X80 BL + VALV
82226259;8435530703459;PLATO URBAN PIZARRA 90X80 BL + VALV
82226260;8435530703466;PLATO URBAN PIZARRA 95X80 BL + VALV
82226261;8435530703473;PLATO URBAN PIZARRA 100X80 BL + VALV
82226262;8435530703480;PLATO URBAN PIZARRA 105X80 BL + VALV
82226263;8435530703497;PLATO URBAN PIZARRA 110X80 BL + VALV
82226264;8435530703503;PLATO URBAN PIZARRA 115X80 BL + VALV
82226265;8435530703510;PLATO URBAN PIZARRA 120X80 BL + VALV
82226266;8435530703527;PLATO URBAN PIZARRA 130X80 BL + VALV
82226267;8435530703534;PLATO URBAN PIZARRA 140X80 BL + VALV
82226268;8435530703541;PLATO URBAN PIZARRA 150X80 BL + VALV
82226269;8435530703558;PLATO URBAN PIZARRA 160X80 BL + VALV
82226270;8435530703565;PLATO URBAN PIZARRA 170X80 BL + VALV
82226271;8435530703572;PLATO URBAN PIZARRA 180X80 BL + VALV
82226272;8435530703589;PLATO URBAN PIZARRA 190X80 BL + VALV
82226273;8435530703596;PLATO URBAN PIZARRA 200X80 BL + VALV
82226274;8435530703602;PLATO URBAN PIZARRA 210X80 BL + VALV
82226276;8435530703633;PLATO URBAN PIZARRA 90X85 BL + VALV
82226277;8435530703640;PLATO URBAN PIZARRA 95X85 BL + VALV
82226278;8435530703657;PLATO URBAN PIZARRA 100X85 BL + VALV
82226279;8435530703664;PLATO URBAN PIZARRA 105X85 BL + VALV
82226280;8435530703671;PLATO URBAN PIZARRA 110X85 BL + VALV
82226282;8435530703695;PLATO URBAN PIZARRA 120X85 BL + VALV
82226283;8435530703701;PLATO URBAN PIZARRA 130X85 BL + VALV
82226284;8435530703718;PLATO URBAN PIZARRA 140X85 BL + VALV
82226285;8435530703725;PLATO URBAN PIZARRA 150X85 BL + VALV
82226286;8435530703732;PLATO URBAN PIZARRA 160X85 BL + VALV
82226287;8435530703749;PLATO URBAN PIZARRA 170X85 BL + VALV
82226288;8435530703756;PLATO URBAN PIZARRA 180X85 BL + VALV
82226289;8435530703763;PLATO URBAN PIZARRA 190X85 BL + VALV
82226290;8435530703770;PLATO URBAN PIZARRA 200X85 BL + VALV
82226291;8435530703787;PLATO URBAN PIZARRA 210X85 BL + VALV
82226292;8435530703794;PLATO URBAN PIZARRA 80X90 BL + VALV
82226294;8435530703800;PLATO URBAN PIZARRA 85X90 BL + VALV
82226295;8435530703824;PLATO URBAN PIZARRA 95X90 BL + VALV
82226296;8435530703831;PLATO URBAN PIZARRA 100X90 BL + VALV
82226297;8435530703848;PLATO URBAN PIZARRA 105X90 BL + VALV
82226298;8435530703855;PLATO URBAN PIZARRA 110X90 BL + VALV
82226299;8435530703862;PLATO URBAN PIZARRA 115X90 BL + VALV
82226300;8435530703879;PLATO URBAN PIZARRA 120X90 BL + VALV
82226301;8435530703886;PLATO URBAN PIZARRA 130X90 BL + VALV
82226302;8435530703893;PLATO URBAN PIZARRA 140X90 BL + VALV
82226303;8435530703909;PLATO URBAN PIZARRA 150X90 BL + VALV
82226304;8435530703916;PLATO URBAN PIZARRA 160X90 BL + VALV
82226305;8435530703923;PLATO URBAN PIZARRA 170X90 BL + VALV
82226306;8435530703930;PLATO URBAN PIZARRA 180X90 BL + VALV
82226307;8435530703947;PLATO URBAN PIZARRA 190X90 BL + VALV
82226308;8435530703954;PLATO URBAN PIZARRA 200X90 BL + VALV
82226309;8435530703961;PLATO URBAN PIZARRA 210X90 BL + VALV
82226310;8435530703978;PLATO URBAN PIZARRA 80X95 BL + VALV
82226311;8435530703985;PLATO URBAN PIZARRA 85X95 BL + VALV
82226312;8435530704005;PLATO URBAN PIZARRA 95X95 BL + VALV
82226313;8435530704012;PLATO URBAN PIZARRA 100X95 BL + VALV
82226314;8435530704029;PLATO URBAN PIZARRA 105X95 BL + VALV
82226315;8435530704036;PLATO URBAN PIZARRA 110X95 BL + VALV
82226316;8435530704043;PLATO URBAN PIZARRA 115X95 BL + VALV
82226317;8435530704050;PLATO URBAN PIZARRA 120X95 BL + VALV
82226318;8435530704067;PLATO URBAN PIZARRA 130X95 BL + VALV
82226319;8435530704074;PLATO URBAN PIZARRA 140X95 BL + VALV
82226320;8435530704081;PLATO URBAN PIZARRA 150X95 BL + VALV
82226321;8435530704098;PLATO URBAN PIZARRA 160X95 BL + VALV
82226322;8435530704104;PLATO URBAN PIZARRA 170X95 BL + VALV
82226323;8435530704111;PLATO URBAN PIZARRA 180X95 BL + VALV
82226324;8435530704128;PLATO URBAN PIZARRA 190X95 BL + VALV
82226325;8435530704135;PLATO URBAN PIZARRA 200X95 BL + VALV
82226326;8435530704142;PLATO URBAN PIZARRA 210X95 BL + VALV
82226327;8435530704159;PLATO URBAN PIZARRA 80X100 BL + VALV
82226329;8435530704173;PLATO URBAN PIZARRA 90X100 BL + VALV
82226330;8435530704180;PLATO URBAN PIZARRA 95X100 BL + VALV
82226331;8435530704203;PLATO URBAN PIZARRA 105X100 BL + VALV
82226332;8435530704210;PLATO URBAN PIZARRA 110X100 BL + VALV
82226333;8435530704227;PLATO URBAN PIZARRA 115X100 BL + VALV
82226334;8435530704234;PLATO URBAN PIZARRA 120X100 BL + VALV
82226335;8435530704241;PLATO URBAN PIZARRA 130X100 BL + VALV
82226336;8435530704258;PLATO URBAN PIZARRA 140X100 BL + VALV
82226337;8435530704265;PLATO URBAN PIZARRA 150X100 BL + VALV
82226338;8435530704272;PLATO URBAN PIZARRA 160X100 BL + VALV
82226339;8435530704289;PLATO URBAN PIZARRA 170X100 BL + VALV
82226340;8435530704296;PLATO URBAN PIZARRA 180X100 BL + VALV
82226341;8435530704302;PLATO URBAN PIZARRA 190X100 BL + VALV
82226342;8435530704319;PLATO URBAN PIZARRA 200X100 BL + VALV
82226343;8435530704326;PLATO URBAN PIZARRA 210X100 BL + VALV
82226713;8435530707730;PLATO URBAN PIZARRA 100X70 AN + VALV
82226714;8435530707747;PLATO URBAN PIZARRA 105X70 AN + VALV
82226715;8435530707754;PLATO URBAN PIZARRA 110X70 AN + VALV
82226716;8435530707761;PLATO URBAN PIZARRA 115X70 AN + VALV
82226717;8435530707778;PLATO URBAN PIZARRA 120X70 AN + VALV
82226718;8435530707785;PLATO URBAN PIZARRA 130X70 AN + VALV
82226719;8435530707792;PLATO URBAN PIZARRA 140X70 AN + VALV
82226720;8435530707808;PLATO URBAN PIZARRA 150X70 AN + VALV
82226721;8435530707815;PLATO URBAN PIZARRA 160X70 AN + VALV
82226722;8435530707822;PLATO URBAN PIZARRA 170X70 AN + VALV
82226723;8435530707839;PLATO URBAN PIZARRA 180X70 AN + VALV
82226724;8435530707846;PLATO URBAN PIZARRA 190X70 AN + VALV
82226725;8435530707853;PLATO URBAN PIZARRA 200X70 AN + VALV
82226726;8435530707860;PLATO URBAN PIZARRA 210X70 AN + VALV
82226727;8435530707877;PLATO URBAN PIZARRA 100X75 AN + VALV
82226728;8435530707884;PLATO URBAN PIZARRA 105X75 AN + VALV
82226729;8435530707891;PLATO URBAN PIZARRA 110X75 AN + VALV
82226730;8435530707907;PLATO URBAN PIZARRA 115X75 AN + VALV
82226731;8435530707914;PLATO URBAN PIZARRA 120X75 AN + VALV
82226732;8435530707921;PLATO URBAN PIZARRA 130X75 AN + VALV
82226733;8435530707938;PLATO URBAN PIZARRA 140X75 AN + VALV
82226734;8435530707945;PLATO URBAN PIZARRA 150X75 AN + VALV
82226735;8435530707952;PLATO URBAN PIZARRA 160X75 AN + VALV
82226736;8435530707969;PLATO URBAN PIZARRA 170X75 AN + VALV
82226737;8435530707976;PLATO URBAN PIZARRA 180X75 AN + VALV
82226738;8435530707983;PLATO URBAN PIZARRA 190X75 AN + VALV
82226739;8435530707990;PLATO URBAN PIZARRA 200X75 AN + VALV
82226740;8435530708003;PLATO URBAN PIZARRA 210X75 AN + VALV
82226741;8435530708027;PLATO URBAN PIZARRA 85X80 AN + VALV
82226742;8435530708034;PLATO URBAN PIZARRA 90X80 AN + VALV
82226743;8435530708041;PLATO URBAN PIZARRA 95X80 AN + VALV
82226744;8435530708058;PLATO URBAN PIZARRA 100X80 AN + VALV
82226745;8435530708065;PLATO URBAN PIZARRA 105X80 AN + VALV
82226746;8435530708072;PLATO URBAN PIZARRA 110X80 AN + VALV
82226747;8435530708089;PLATO URBAN PIZARRA 115X80 AN + VALV
82226748;8435530708096;PLATO URBAN PIZARRA 120X80 AN + VALV
82226749;8435530708102;PLATO URBAN PIZARRA 130X80 AN + VALV
82226750;8435530708119;PLATO URBAN PIZARRA 140X80 AN + VALV
82226751;8435530708126;PLATO URBAN PIZARRA 150X80 AN + VALV
82226752;8435530708133;PLATO URBAN PIZARRA 160X80 AN + VALV
82226753;8435530708140;PLATO URBAN PIZARRA 170X80 AN + VALV
82226754;8435530708157;PLATO URBAN PIZARRA 180X80 AN + VALV
82226755;8435530708164;PLATO URBAN PIZARRA 190X80 AN + VALV
82226756;8435530708171;PLATO URBAN PIZARRA 200X80 AN + VALV
82226757;8435530708188;PLATO URBAN PIZARRA 210X80 AN + VALV
82226758;8435530708195;PLATO URBAN PIZARRA 80X85 AN + VALV
82226759;8435530708201;PLATO URBAN PIZARRA 85X85 AN + VALV
82226760;8435530708218;PLATO URBAN PIZARRA 90X85 AN + VALV
82226761;8435530708225;PLATO URBAN PIZARRA 95X85 AN + VALV
82226762;8435530708232;PLATO URBAN PIZARRA 100X85 AN + VALV
82226763;8435530708249;PLATO URBAN PIZARRA 105X85 AN + VALV
82226764;8435530708256;PLATO URBAN PIZARRA 110X85 AN + VALV
82226765;8435530708263;PLATO URBAN PIZARRA 115X85 AN + VALV
82226766;8435530708270;PLATO URBAN PIZARRA 120X85 AN + VALV
82226767;8435530708287;PLATO URBAN PIZARRA 130X85 AN + VALV
82226768;8435530708294;PLATO URBAN PIZARRA 140X85 AN + VALV
82226769;8435530708300;PLATO URBAN PIZARRA 150X85 AN + VALV
82226770;8435530708317;PLATO URBAN PIZARRA 160X85 AN + VALV
82226771;8435530708324;PLATO URBAN PIZARRA 170X85 AN + VALV
82226772;8435530708331;PLATO URBAN PIZARRA 180X85 AN + VALV
82226773;8435530708348;PLATO URBAN PIZARRA 190X85 AN + VALV
82226774;8435530708355;PLATO URBAN PIZARRA 200X85 AN + VALV
82226775;8435530708362;PLATO URBAN PIZARRA 210X85 AN + VALV
82226776;8435530708379;PLATO URBAN PIZARRA 80X90 AN + VALV
82226777;8435530708386;PLATO URBAN PIZARRA 85X90 AN + VALV
82226778;8435530708393;PLATO URBAN PIZARRA 90X90 AN + VALV
82226779;8435530708409;PLATO URBAN PIZARRA 95X90 AN + VALV
82226780;8435530708416;PLATO URBAN PIZARRA 100X90 AN + VALV
82226781;8435530708423;PLATO URBAN PIZARRA 105X90 AN + VALV
82226782;8435530708430;PLATO URBAN PIZARRA 110X90 AN + VALV
82226783;8435530708447;PLATO URBAN PIZARRA 115X90 AN + VALV
82226784;8435530708454;PLATO URBAN PIZARRA 120X90 AN + VALV
82226785;8435530708461;PLATO URBAN PIZARRA 130X90 AN + VALV
82226786;8435530708478;PLATO URBAN PIZARRA 140X90 AN + VALV
82226787;8435530708485;PLATO URBAN PIZARRA 150X90 AN + VALV
82226788;8435530708492;PLATO URBAN PIZARRA 160X90 AN + VALV
82226789;8435530708508;PLATO URBAN PIZARRA 170X90 AN + VALV
82226790;8435530708515;PLATO URBAN PIZARRA 180X90 AN + VALV
82226791;8435530708522;PLATO URBAN PIZARRA 190X90 AN + VALV
82226792;8435530708539;PLATO URBAN PIZARRA 200X90 AN + VALV
82226793;8435530708546;PLATO URBAN PIZARRA 210X90 AN + VALV
82226794;8435530708553;PLATO URBAN PIZARRA 80X95 AN + VALV
82226795;8435530708560;PLATO URBAN PIZARRA 85X95 AN + VALV
82226796;8435530708577;PLATO URBAN PIZARRA 90X95 AN + VALV
82226797;8435530708584;PLATO URBAN PIZARRA 95X95 AN + VALV
82226798;8435530708591;PLATO URBAN PIZARRA 100X95 AN + VALV
82226799;8435530708607;PLATO URBAN PIZARRA 105X95 AN + VALV
82226800;8435530708614;PLATO URBAN PIZARRA 110X95 AN + VALV
82226802;8435530708621;PLATO URBAN PIZARRA 115X95 AN + VALV
82226815;8435530708638;PLATO URBAN PIZARRA 120X95 AN + VALV
82226816;8435530708645;PLATO URBAN PIZARRA 130X95 AN + VALV
82226817;8435530708652;PLATO URBAN PIZARRA 140X95 AN + VALV
82226818;8435530708669;PLATO URBAN PIZARRA 150X95 AN + VALV
82226819;8435530708676;PLATO URBAN PIZARRA 160X95 AN + VALV
82226820;8435530708683;PLATO URBAN PIZARRA 170X95 AN + VALV
82226821;8435530708690;PLATO URBAN PIZARRA 180X95 AN + VALV
82226822;8435530708706;PLATO URBAN PIZARRA 190X95 AN + VALV
82226823;8435530708713;PLATO URBAN PIZARRA 200X95 AN + VALV
82226824;8435530708720;PLATO URBAN PIZARRA 210X95 AN + VALV
82226825;8435530708737;PLATO URBAN PIZARRA 80X100 AN + VALV
82226826;8435530708744;PLATO URBAN PIZARRA 85X100 AN + VALV
82226827;8435530708751;PLATO URBAN PIZARRA 90X100 AN + VALV
82226828;8435530708768;PLATO URBAN PIZARRA 95X100 AN + VALV
82226829;8435530708782;PLATO URBAN PIZARRA 105X100 AN + VALV
82226830;8435530708799;PLATO URBAN PIZARRA 110X100 AN + VALV
82226831;8435530708805;PLATO URBAN PIZARRA 115X100 AN + VALV
82226832;8435530708812;PLATO URBAN PIZARRA 120X100 AN + VALV
82226833;8435530708829;PLATO URBAN PIZARRA 130X100 AN + VALV
82226834;8435530708836;PLATO URBAN PIZARRA 140X100 AN + VALV
82226835;8435530708843;PLATO URBAN PIZARRA 150X100 AN + VALV
82226836;8435530708850;PLATO URBAN PIZARRA 160X100 AN + VALV
82226837;8435530708867;PLATO URBAN PIZARRA 170X100 AN + VALV
82226838;8435530708874;PLATO URBAN PIZARRA 180X100 AN + VALV
82226839;8435530708881;PLATO URBAN PIZARRA 190X100 AN + VALV
82226840;8435530708898;PLATO URBAN PIZARRA 200X100 AN + VALV
82226842;8435530708904;PLATO URBAN PIZARRA 210X100 AN + VALV
82227392;8435530712314;PLATO URBAN PIZARRA 100X70 PE + VALV
82227393;8435530712321;PLATO URBAN PIZARRA 105X70 PE + VALV
82227394;8435530712338;PLATO URBAN PIZARRA 110X70 PE + VALV
82227395;8435530712345;PLATO URBAN PIZARRA 115X70 PE + VALV
82227396;8435530712352;PLATO URBAN PIZARRA 120X70 PE + VALV
82227397;8435530712369;PLATO URBAN PIZARRA 130X70 PE + VALV
82227398;8435530712376;PLATO URBAN PIZARRA 140X70 PE + VALV
82227399;8435530712383;PLATO URBAN PIZARRA 150X70 PE + VALV
82227400;8435530712390;PLATO URBAN PIZARRA 160X70 PE + VALV
82227401;8435530712406;PLATO URBAN PIZARRA 170X70 PE + VALV
82227402;8435530712413;PLATO URBAN PIZARRA 180X70 PE + VALV
82227403;8435530712420;PLATO URBAN PIZARRA 190X70 PE + VALV
82227404;8435530712437;PLATO URBAN PIZARRA 200X70 PE + VALV
82227405;8435530712444;PLATO URBAN PIZARRA 210X70 PE + VALV
82227406;8435530712451;PLATO URBAN PIZARRA 100X75 PE + VALV
82227407;8435530712468;PLATO URBAN PIZARRA 105X75 PE + VALV
82227408;8435530712475;PLATO URBAN PIZARRA 110X75 PE + VALV
82227409;8435530712482;PLATO URBAN PIZARRA 115X75 PE + VALV
82227410;8435530712499;PLATO URBAN PIZARRA 120X75 PE + VALV
82227411;8435530712505;PLATO URBAN PIZARRA 130X75 PE + VALV
82227412;8435530712512;PLATO URBAN PIZARRA 140X75 PE + VALV
82227413;8435530712529;PLATO URBAN PIZARRA 150X75 PE + VALV
82227414;8435530712536;PLATO URBAN PIZARRA 160X75 PE + VALV
82227415;8435530712543;PLATO URBAN PIZARRA 170X75 PE + VALV
82227416;8435530712550;PLATO URBAN PIZARRA 180X75 PE + VALV
82227417;8435530712567;PLATO URBAN PIZARRA 190X75 PE + VALV
82227418;8435530712574;PLATO URBAN PIZARRA 200X75 PE + VALV
82227419;8435530712581;PLATO URBAN PIZARRA 210X75 PE + VALV
82227420;8435530712604;PLATO URBAN PIZARRA 85X80 PE + VALV
82227421;8435530712611;PLATO URBAN PIZARRA 90X80 PE + VALV
82227424;8435530712628;PLATO URBAN PIZARRA 95X80 PE + VALV
82227425;8435530712635;PLATO URBAN PIZARRA 100X80 PE + VALV
82227426;8435530712642;PLATO URBAN PIZARRA 105X80 PE + VALV
82227427;8435530712659;PLATO URBAN PIZARRA 110X80 PE + VALV
82227428;8435530712666;PLATO URBAN PIZARRA 115X80 PE + VALV
82227429;8435530712673;PLATO URBAN PIZARRA 120X80 PE + VALV
82227430;8435530712680;PLATO URBAN PIZARRA 130X80 PE + VALV
82227431;8435530712697;PLATO URBAN PIZARRA 140X80 PE + VALV
82227432;8435530712703;PLATO URBAN PIZARRA 150X80 PE + VALV
82227433;8435530712710;PLATO URBAN PIZARRA 160X80 PE + VALV
82227434;8435530712727;PLATO URBAN PIZARRA 170X80 PE + VALV
82227435;8435530712734;PLATO URBAN PIZARRA 180X80 PE + VALV
82227436;8435530712741;PLATO URBAN PIZARRA 190X80 PE + VALV
82227437;8435530712758;PLATO URBAN PIZARRA 200X80 PE + VALV
82227438;8435530712765;PLATO URBAN PIZARRA 210X80 PE + VALV
82227439;8435530712772;PLATO URBAN PIZARRA 80X85 PE + VALV
82227440;8435530712796;PLATO URBAN PIZARRA 90X85 PE + VALV
82227441;8435530712802;PLATO URBAN PIZARRA 95X85 PE + VALV
82227442;8435530712819;PLATO URBAN PIZARRA 100X85 PE + VALV
82227444;8435530712826;PLATO URBAN PIZARRA 105X85 PE + VALV
82227448;8435530712833;PLATO URBAN PIZARRA 110X85 PE + VALV
82227449;8435530712840;PLATO URBAN PIZARRA 115X85 PE + VALV
82227450;8435530712857;PLATO URBAN PIZARRA 120X85 PE + VALV
82227451;8435530712864;PLATO URBAN PIZARRA 130X85 PE + VALV
82227452;8435530712871;PLATO URBAN PIZARRA 140X85 PE + VALV
82227453;8435530712888;PLATO URBAN PIZARRA 150X85 PE + VALV
82227454;8435530712895;PLATO URBAN PIZARRA 160X85 PE + VALV
82227455;8435530712901;PLATO URBAN PIZARRA 170X85 PE + VALV
82227456;8435530712918;PLATO URBAN PIZARRA 180X85 PE + VALV
82227457;8435530712925;PLATO URBAN PIZARRA 190X85 PE + VALV
82227458;8435530712932;PLATO URBAN PIZARRA 200X85 PE + VALV
82227459;8435530712949;PLATO URBAN PIZARRA 210X85 PE + VALV
82227460;8435530712956;PLATO URBAN PIZARRA 80X90 PE + VALV
82227461;8435530712963;PLATO URBAN PIZARRA 85X90 PE + VALV
82227462;8435530712987;PLATO URBAN PIZARRA 95X90 PE + VALV
82227463;8435530712994;PLATO URBAN PIZARRA 100X90 PE + VALV
82227464;8435530713007;PLATO URBAN PIZARRA 105X90 PE + VALV
82227465;8435530713014;PLATO URBAN PIZARRA 110X90 PE + VALV
82227466;8435530713021;PLATO URBAN PIZARRA 115X90 PE + VALV
82227467;8435530713038;PLATO URBAN PIZARRA 120X90 PE + VALV
82227468;8435530713045;PLATO URBAN PIZARRA 130X90 PE + VALV
82227469;8435530713052;PLATO URBAN PIZARRA 140X90 PE + VALV
82227470;8435530713069;PLATO URBAN PIZARRA 150X90 PE + VALV
82227471;8435530713076;PLATO URBAN PIZARRA 160X90 PE + VALV
82227472;8435530713083;PLATO URBAN PIZARRA 170X90 PE + VALV
82227473;8435530713090;PLATO URBAN PIZARRA 180X90 PE + VALV
82227474;8435530713106;PLATO URBAN PIZARRA 190X90 PE + VALV
82227475;8435530713113;PLATO URBAN PIZARRA 200X90 PE + VALV
82227476;8435530713120;PLATO URBAN PIZARRA 210X90 PE + VALV
82227477;8435530713137;PLATO URBAN PIZARRA 80X95 PE + VALV
82227478;8435530713144;PLATO URBAN PIZARRA 85X95 PE + VALV
82227479;8435530713151;PLATO URBAN PIZARRA 90X95 PE + VALV
82227480;8435530713175;PLATO URBAN PIZARRA 100X95 PE + VALV
82227481;8435530713182;PLATO URBAN PIZARRA 105X95 PE + VALV
82227482;8435530713199;PLATO URBAN PIZARRA 110X95 PE + VALV
82227483;8435530713205;PLATO URBAN PIZARRA 115X95 PE + VALV
82227484;8435530713212;PLATO URBAN PIZARRA 120X95 PE + VALV
82227485;8435530713229;PLATO URBAN PIZARRA 130X95 PE + VALV
82227486;8435530713236;PLATO URBAN PIZARRA 140X95 PE + VALV
82227487;8435530713243;PLATO URBAN PIZARRA 150X95 PE + VALV
82227488;8435530713250;PLATO URBAN PIZARRA 160X95 PE + VALV
82227489;8435530713267;PLATO URBAN PIZARRA 170X95 PE + VALV
82227490;8435530713274;PLATO URBAN PIZARRA 180X95 PE + VALV
82227491;8435530713281;PLATO URBAN PIZARRA 190X95 PE + VALV
82227492;8435530713298;PLATO URBAN PIZARRA 200X95 PE + VALV
82227493;8435530713304;PLATO URBAN PIZARRA 210X95 PE + VALV
82227494;8435530713311;PLATO URBAN PIZARRA 80X100 PE + VALV
82227495;8435530713328;PLATO URBAN PIZARRA 85X100 PE + VALV
82227496;8435530713335;PLATO URBAN PIZARRA 90X100 PE + VALV
82227497;8435530713342;PLATO URBAN PIZARRA 95X100 PE + VALV
82227498;8435530713366;PLATO URBAN PIZARRA 105X100 PE + VALV
82227499;8435530713373;PLATO URBAN PIZARRA 110X100 PE + VALV
82227500;8435530713380;PLATO URBAN PIZARRA 115X100 PE + VALV
82227501;8435530713397;PLATO URBAN PIZARRA 120X100 PE + VALV
82227502;8435530713403;PLATO URBAN PIZARRA 130X100 PE + VALV
82227503;8435530713410;PLATO URBAN PIZARRA 140X100 PE + VALV
82227504;8435530713427;PLATO URBAN PIZARRA 150X100 PE + VALV
82227505;8435530713434;PLATO URBAN PIZARRA 160X100 PE + VALV
82227506;8435530713441;PLATO URBAN PIZARRA 170X100 PE + VALV
82227507;8435530713458;PLATO URBAN PIZARRA 180X100 PE + VALV
82227508;8435530713465;PLATO URBAN PIZARRA 190X100 PE + VALV
82227509;8435530713472;PLATO URBAN PIZARRA 200X100 PE + VALV
82227510;8435530713489;PLATO URBAN PIZARRA 210X100 PE + VALV
82228140;8435530716893;PLATO URBAN PIZARRA 100X70 CR + VALV
82228144;8435530716909;PLATO URBAN PIZARRA 105X70 CR + VALV
82228147;8435530716916;PLATO URBAN PIZARRA 110X70 CR + VALV
82228151;8435530716923;PLATO URBAN PIZARRA 115X70 CR + VALV
82228154;8435530716930;PLATO URBAN PIZARRA 120X70 CR + VALV
82228157;8435530716947;PLATO URBAN PIZARRA 130X70 CR + VALV
82228159;8435530716954;PLATO URBAN PIZARRA 140X70 CR + VALV
82228162;8435530716961;PLATO URBAN PIZARRA 150X70 CR + VALV
82228165;8435530716978;PLATO URBAN PIZARRA 160X70 CR + VALV
82228168;8435530716985;PLATO URBAN PIZARRA 170X70 CR + VALV
82228171;8435530716992;PLATO URBAN PIZARRA 180X70 CR + VALV
82228173;8435530717005;PLATO URBAN PIZARRA 190X70 CR + VALV
82228177;8435530717012;PLATO URBAN PIZARRA 200X70 CR + VALV
82228180;8435530717029;PLATO URBAN PIZARRA 210X70 CR + VALV
82228184;8435530717036;PLATO URBAN PIZARRA 100X75 CR + VALV
82228187;8435530717043;PLATO URBAN PIZARRA 105X75 CR + VALV
82228190;8435530717050;PLATO URBAN PIZARRA 110X75 CR + VALV
82228192;8435530717067;PLATO URBAN PIZARRA 115X75 CR + VALV
82228195;8435530717074;PLATO URBAN PIZARRA 120X75 CR + VALV
82228198;8435530717081;PLATO URBAN PIZARRA 130X75 CR + VALV
82228201;8435530717098;PLATO URBAN PIZARRA 140X75 CR + VALV
82228203;8435530717104;PLATO URBAN PIZARRA 150X75 CR + VALV
82228206;8435530717111;PLATO URBAN PIZARRA 160X75 CR + VALV
82228209;8435530717128;PLATO URBAN PIZARRA 170X75 CR + VALV
82228212;8435530717135;PLATO URBAN PIZARRA 180X75 CR + VALV
82228215;8435530717142;PLATO URBAN PIZARRA 190X75 CR + VALV
82228218;8435530717159;PLATO URBAN PIZARRA 200X75 CR + VALV
82228220;8435530717166;PLATO URBAN PIZARRA 210X75 CR + VALV
82228223;8435530717180;PLATO URBAN PIZARRA 85X80 CR + VALV
82228226;8435530717197;PLATO URBAN PIZARRA 90X80 CR + VALV
82228229;8435530717203;PLATO URBAN PIZARRA 95X80 CR + VALV
82228232;8435530717210;PLATO URBAN PIZARRA 100X80 CR + VALV
82228235;8435530717227;PLATO URBAN PIZARRA 105X80 CR + VALV
82228237;8435530717234;PLATO URBAN PIZARRA 110X80 CR + VALV
82228240;8435530717241;PLATO URBAN PIZARRA 115X80 CR + VALV
82228243;8435530717258;PLATO URBAN PIZARRA 120X80 CR + VALV
82228246;8435530717265;PLATO URBAN PIZARRA 130X80 CR + VALV
82228249;8435530717272;PLATO URBAN PIZARRA 140X80 CR + VALV
82228252;8435530717289;PLATO URBAN PIZARRA 150X80 CR + VALV
82228255;8435530717296;PLATO URBAN PIZARRA 160X80 CR + VALV
82228258;8435530717302;PLATO URBAN PIZARRA 170X80 CR + VALV
82228262;8435530717319;PLATO URBAN PIZARRA 180X80 CR + VALV
82228265;8435530717326;PLATO URBAN PIZARRA 190X80 CR + VALV
82228267;8435530717333;PLATO URBAN PIZARRA 200X80 CR + VALV
82228270;8435530717340;PLATO URBAN PIZARRA 210X80 CR + VALV
82228273;8435530717357;PLATO URBAN PIZARRA 80X85 CR + VALV
82228276;8435530717371;PLATO URBAN PIZARRA 90X85 CR + VALV
82228279;8435530717388;PLATO URBAN PIZARRA 95X85 CR + VALV
82228282;8435530717395;PLATO URBAN PIZARRA 100X85 CR + VALV
82228285;8435530717401;PLATO URBAN PIZARRA 105X85 CR + VALV
82228288;8435530717418;PLATO URBAN PIZARRA 110X85 CR + VALV
82228290;8435530717425;PLATO URBAN PIZARRA 115X85 CR + VALV
82228293;8435530717432;PLATO URBAN PIZARRA 120X85 CR + VALV
82228296;8435530717449;PLATO URBAN PIZARRA 130X85 CR + VALV
82228299;8435530717456;PLATO URBAN PIZARRA 140X85 CR + VALV
82228302;8435530717463;PLATO URBAN PIZARRA 150X85 CR + VALV
82228305;8435530717470;PLATO URBAN PIZARRA 160X85 CR + VALV
82228307;8435530717487;PLATO URBAN PIZARRA 170X85 CR + VALV
82228310;8435530717494;PLATO URBAN PIZARRA 180X85 CR + VALV
82228313;8435530717500;PLATO URBAN PIZARRA 190X85 CR + VALV
82228316;8435530717517;PLATO URBAN PIZARRA 200X85 CR + VALV
82228319;8435530717524;PLATO URBAN PIZARRA 210X85 CR + VALV
82228322;8435530717531;PLATO URBAN PIZARRA 80X90 CR + VALV
82228325;8435530717548;PLATO URBAN PIZARRA 85X90 CR + VALV
82228328;8435530717562;PLATO URBAN PIZARRA 95X90 CR + VALV
82228331;8435530717579;PLATO URBAN PIZARRA 100X90 CR + VALV
82228334;8435530717586;PLATO URBAN PIZARRA 105X90 CR + VALV
82228336;8435530717593;PLATO URBAN PIZARRA 110X90 CR + VALV
82228339;8435530717609;PLATO URBAN PIZARRA 115X90 CR + VALV
82228342;8435530717616;PLATO URBAN PIZARRA 120X90 CR + VALV
82228345;8435530717623;PLATO URBAN PIZARRA 130X90 CR + VALV
82228348;8435530717630;PLATO URBAN PIZARRA 140X90 CR + VALV
82228351;8435530717647;PLATO URBAN PIZARRA 150X90 CR + VALV
82228354;8435530717654;PLATO URBAN PIZARRA 160X90 CR + VALV
82228357;8435530717661;PLATO URBAN PIZARRA 170X90 CR + VALV
82228359;8435530717678;PLATO URBAN PIZARRA 180X90 CR + VALV
82228362;8435530717685;PLATO URBAN PIZARRA 190X90 CR + VALV
82228365;8435530717692;PLATO URBAN PIZARRA 200X90 CR + VALV
82228368;8435530717708;PLATO URBAN PIZARRA 210X90 CR + VALV
82228371;8435530717715;PLATO URBAN PIZARRA 80X95 CR + VALV
82228374;8435530717722;PLATO URBAN PIZARRA 85X95 CR + VALV
82228377;8435530717739;PLATO URBAN PIZARRA 90X95 CR + VALV
82228380;8435530717753;PLATO URBAN PIZARRA 100X95 CR + VALV
82228384;8435530717760;PLATO URBAN PIZARRA 105X95 CR + VALV
82228387;8435530717777;PLATO URBAN PIZARRA 110X95 CR + VALV
82228390;8435530717784;PLATO URBAN PIZARRA 115X95 CR + VALV
82228393;8435530717791;PLATO URBAN PIZARRA 120X95 CR + VALV
82228396;8435530717807;PLATO URBAN PIZARRA 130X95 CR + VALV
82228398;8435530717814;PLATO URBAN PIZARRA 140X95 CR + VALV
82228400;8435530717821;PLATO URBAN PIZARRA 150X95 CR + VALV
82228402;8435530717838;PLATO URBAN PIZARRA 160X95 CR + VALV
82228404;8435530717845;PLATO URBAN PIZARRA 170X95 CR + VALV
82228406;8435530717852;PLATO URBAN PIZARRA 180X95 CR + VALV
82228408;8435530717869;PLATO URBAN PIZARRA 190X95 CR + VALV
82228410;8435530717876;PLATO URBAN PIZARRA 200X95 CR + VALV
82228412;8435530717883;PLATO URBAN PIZARRA 210X95 CR + VALV
82228414;8435530717890;PLATO URBAN PIZARRA 80X100 CR + VALV
82228416;8435530717906;PLATO URBAN PIZARRA 85X100 CR + VALV
82228418;8435530717913;PLATO URBAN PIZARRA 90X100 CR + VALV
82228420;8435530717920;PLATO URBAN PIZARRA 95X100 CR + VALV
82228422;8435530717944;PLATO URBAN PIZARRA 105X100 CR + VALV
82228424;8435530717951;PLATO URBAN PIZARRA 110X100 CR + VALV
82228426;8435530717968;PLATO URBAN PIZARRA 115X100 CR + VALV
82228428;8435530717975;PLATO URBAN PIZARRA 120X100 CR + VALV
82228430;8435530717982;PLATO URBAN PIZARRA 130X100 CR + VALV
82228432;8435530717999;PLATO URBAN PIZARRA 140X100 CR + VALV
82228434;8435530718002;PLATO URBAN PIZARRA 150X100 CR + VALV
82228436;8435530718019;PLATO URBAN PIZARRA 160X100 CR + VALV
82228438;8435530718026;PLATO URBAN PIZARRA 170X100 CR + VALV
82228441;8435530718033;PLATO URBAN PIZARRA 180X100 CR + VALV
82228443;8435530718040;PLATO URBAN PIZARRA 190X100 CR + VALV
82228445;8435530718057;PLATO URBAN PIZARRA 200X100 CR + VALV
82228447;8435530718064;PLATO URBAN PIZARRA 210X100 CR + VALV
82318678;8435530728377;RAMPA ACCESO PLATO URBAN BL PIZARRA L40
82318679;8435530728384;RAMPA ACCESO PLATO URBAN BL PIZARRA L50
82318680;8435530728391;RAMPA ACCESO PLATO URBAN BL PIZARRA L60
82318681;8435530728407;RAMPA ACCESO PLATO URBAN BL PIZARRA L70
82318682;8435530728414;RAMPA ACCESO BL PIZARRA L80
82318683;8435530728421;RAMPA ACCESO PLATO URBAN BL PIZARRA L90
82318684;8435530728438;RAMPA ACCESO PLATO URBAN BL PIZARRA L100
17789184;8435095438353;PLATO COLORS WOOD 70X200 CASTANO+V
17789191;8435095435208;PLATO COLORS PIZAR 70X90 ANT+V
17789205;8435095433976;PLATO COLORS PIZAR 80X160 NEGRO+V
17789212;8435095441445;PLATO COLORS WOOD 90X150 OLMO+V
17789226;8435095443166;PLATO COLORS WOOD 100X160 FRESNO+V
17789233;8435095441247;PLATO COLORS WOOD 90X120 FRESNO+V
17789240;8435095405089;PLATO COLORS PIZAR 70X130 BL+V
17789254;8435095433389;PLATO COLORS PIZAR 70X120 BL+V
17789261;8435095450690;PLATO COLORS SAND 90X130 TERRA+V
17789275;8435095403979;PLATO COLORS LISO 70X120 CRUDO+V
17789296;8435095441735;PLATO COLORS WOOD 90X200 NOGAL+V
17789303;8435095414531;PLATO COLORS LISO 70X90 BL+V
17789310;8435095438315;PLATO COLORS WOOD 70X190 NOGAL+V
17789324;8435095449090;PLATO COLORS SAND 80X120 TERRA+V
17789331;8435095422864;PLATO COLORS LISO 100X170 NEGRO+V
17789345;8435095452489;PLATO COLORS SAND 100X170 TERRA+V
17789352;8435095443036;PLATO COLORS WOOD 100X140 CASTANO+V
17789366;8435095460842;PLATO COLORS LISO 90X160 PIEDRA+V
17789373;8435095456906;PLATO COLORS PIZAR 100X150 PIEDRA+V
17789380;8435095452106;PLATO COLORS SAND 100X110 CALIZA+V
17789394;8435095450669;PLATO COLORS SAND 90X130 ARENISCA+V
17789401;8435095439800;PLATO COLORS WOOD 80X160 FRESNO+V
17789415;8435095439503;PLATO COLORS WOOD 80X110 FRESNO+V
17789422;8435095455398;PLATO COLORS PIZAR 90X110 GRIS PER+V
17789436;8435095441056;PLATO COLORS WOOD 90X90 CASTANO+V
17789443;8435095449465;PLATO COLORS SAND 80X180 VULCANO+V
17789450;8435095468572;PLATO COLORS LISO 70X70 GRIS PER+V
17789464;8435095452700;PLATO COLORS PIZAR 70X100 CRUDO+V
17789471;8435095439565;PLATO COLORS WOOD 80X120 FRESNO+V
17789485;8435095433402;PLATO COLORS PIZAR 70X140 BL+V
17789492;8435095439862;PLATO COLORS WOOD 80X170 FRESNO+V
17789506;8435095440059;PLATO COLORS WOOD 80X200 NOGAL+V
17789513;8435095449151;PLATO COLORS SAND 80X130 TERRA+V
17789520;8435095462419;PLATO COLORS LISO 100X200 CRUDO+V.
17789534;8435095462198;PLATO COLORS LISO 100X150 PIEDRA+V
17789541;8435095439688;PLATO COLORS WOOD 80X140 FRESNO+V
17789555;8435095459273;PLATO COLORS LISO 80X130 GRIS PER+V
17789562;8435095405874;PLATO COLORS PIZAR 70X190 BL+V
17789576;8435095442947;PLATO COLORS WOOD 100X120 OLMO+V
17789583;8435095451086;PLATO COLORS SAND 200X90 ARENISCA+V
17789590;8435095454285;PLATO COLORS PIZAR 80X150 CRUDO+V
17789604;8435095453974;PLATO COLORS PIZAR 80X90 CRUDO+V
17789611;8435095439749;PLATO COLORS WOOD 80X150 FRESNO+V
17789625;8435095445672;PLATO COLORS SAND 70X140 CALIZA+V
17789632;8435095462303;PLATO COLORS LISO 100X180 CACAO+V
17789646;8435095411950;PLATO COLORS PIZAR 100X140 BL+V
17789653;8435095438087;PLATO COLORS WOOD 70X150 OLMO+V
17789660;8435095420150;PLATO COLORS LISO 90X110 ANT+V
17789681;8435095441360;PLATO COLORS WOOD 90X140 FRESNO+V
17789702;8435095442923;PLATO COLORS WOOD 100X120 FRESNO+V
17789716;8435095405713;PLATO COLORS LISO 70X80 NEGRO+V
17789723;8435095408691;PLATO COLORS PIZARRA 200X80 BL+V
17789730;8435095454063;PLATO COLORS PIZAR 80X100 PIEDRA+V
17789744;8435095443098;PLATO COLORS WOOD 100X150 CASTANO+V
17789751;8435095445528;PLATO COLORS SAND 70X120 ARENISCA+V
17789765;8435095404013;PLATO COLORS LISO 70X120 GRIS PER+V
17789772;8435095452168;PLATO COLORS SAND 100X120 CALIZA+V
17789786;8435095414746;PLATO COLORS LISO 70X120 BL+V
17789793;8435095441124;PLATO COLORS WOOD 90X100 FRESNO+V
17789800;8435095414524;PLATO COLORS LISO 70X90 ANT+V
17789814;8435095454025;PLATO COLORS PIZAR 80X100 CRUDO+V
17789821;8435095450577;PLATO COLORS SAND 90X110 TERRA+V
17789835;8435095441308;PLATO COLORS WOOD 90X130 FRESNO+V
17789842;8435095451116;PLATO COLORS SAND 200X90 TERRA+V
17789856;8435095407892;PLATO COLORS PIZAR 80X110 BL+V
17789863;8435095433907;PLATO COLORS PIZAR 80X120 BL+V
17789870;8435095441728;PLATO COLORS WOOD 90X200 FRESNO+V
17789884;8435095422970;PLATO COLORS LISO 100X190 BL+V
17789891;8435095437622;PLATO COLORS LISO 70X170 GRIS PER+V
17789905;8435095457132;PLATO COLORS PIZARRA 100X200 GRIS PER+
17789912;8435095460798;PLATO COLORS LISO 90X150 PIEDRA+V
17789926;8435095450461;PLATO COLORS SAND 90X90 VULCANO+V
17789933;8435095460637;PLATO COLORS LISO 90X120 HORMIG+V
17789940;8435095435345;PLATO COLORS PIZAR 90X150 ANT+V
17789954;8435095420129;PLATO COLORS LISO 90X100 NEGROO+V
17789961;8435095433884;PLATO COLORS PIZAR 80X100 BL+V
17789975;8435095441186;PLATO COLORS WOOD 90X110 FRESNO+V
17789982;8435095458191;PLATO COLORS LISO 70X190 PIEDRA+V
17789996;8435095461016;PLATO COLORS LISO 90X200 CRUDO+V
17790003;8435095441544;PLATO COLORS WOOD 90X170 FRESNO+V
17790010;8435095435093;PLATO COLORS LISO 70X100 BL+V
17790024;8435095442862;PLATO COLORS WOOD 100X110 FRESNO+V
17790031;8435095403993;PLATO COLORS PIZAR 80X90 BL+V
17790045;8435095403658;PLATO COLORS LISO 70X110 GRIS PER+V
17790052;8435095457156;PLATO COLORS PIZARRA 100X200 PIEDRA+V
17790066;8435095435277;PLATO COLORS PIZAR 80X140 ANT+V
17790073;8435095405423;PLATO COLORS LISO 70X140 CRUDO+V
17790080;8435095441483;PLATO COLORS WOOD 90X160 FRESNO+V
17790094;8435095445924;PLATO COLORS SAND 70X170 TERRACOT+V
17790101;8435095406055;PLATO COLORS PIZARRA 200X70 BL+V
17790115;8435095415323;PLATO COLORS LISO 70X140 ANT+V
17790122;8435095441421;PLATO COLORS WOOD 90X150 FRESNO+V
17790136;8435095449519;PLATO COLORS SAND 80X190 TERRA+V
17790143;8435095450515;PLATO COLORS SAND 90X100 TERRA+V
17790150;8435095441605;PLATO COLORS WOOD 90X180 FRESNO+V
17790164;8435095456685;PLATO COLORS PIZAR 100X110 GRIS PER+
17790171;8435095442800;PLATO COLORS WOOD 100X100 FRESNO+V
17790185;8435095443227;PLATO COLORS WOOD 100X170 FRESNO+V
17790192;8435095403955;PLATO COLORS LISO 80X170 BL+V
17790206;8435095441667;PLATO COLORS WOOD 90X190 FRESNO+V
17790213;8435095459358;PLATO COLORS LISO 80X150 CACAO+V
17790220;8435095441117;PLATO COLORS WOOD 90X100 CASTANO+V
17790234;8435095459051;PLATO COLORS LISO 80X90 CACAO+V
17790241;8435095403443;PLATO COLORS PIZAR 80X80 BL+V
17790255;8435095445962;PLATO COLORS SAND 70X170 VULCANO+V
17790262;8435095404532;PLATO COLORS LISO 100X100 BL+V
17790276;8435095433921;PLATO COLORS PIZAR 80X140 BL+V
17790283;8435095438025;PLATO COLORS WOOD 70X140 OLMO+V
17790290;8435095441070;PLATO COLORS WOOD 90X90 NOGAL+V
17790304;8435095450454;PLATO COLORS SAND 90X90 TERRA+V
17790311;8435095443043;PLATO COLORS WOOD 100X140 FRESNO+V
17790325;8435095460606;PLATO COLORS LISO 90X120 CACAO+V
17790332;8435095444064;PLATO COLORS WOOD 100X190 FRESNO+V
17790346;8435095408202;PLATO COLORS PIZAR 80X130 BL+V
17790353;8435095404761;PLATO COLORS LISO 70X130 GRIS PER+V
17790360;8435095456630;PLATO COLORS PIZAR 100X100 GRIS PER+
17790374;8435095435352;PLATO COLORS PIZAR 90X160 ANT+V
17790381;8435095453936;PLATO COLORS PIZAR 80X80 HORMIG+V
17790395;8435095442985;PLATO COLORS WOOD 100X130 FRESNO+V
17790402;8435095445016;PLATO COLORS PIZAR 70X90 GRIS PER+V
17790416;8435095413275;PLATO COLORS LISO 70X160 GRIS PER+V
17790423;8435095405607;PLATO COLORS LISO 70X80 ANT+V
17790430;8435095403139;PLATO COLORS PIZAR 80X190 BL+V
17790444;8435095445122;PLATO COLORS SAND 70X80 VULCANO+V
17790451;8435095450751;PLATO COLORS SAND 90X140 TERRA+V
17790465;8435095443104;PLATO COLORS WOOD 100X150 FRESNO+V
17790472;8435095451055;PLATO COLORS SAND 90X190 TERRA+V
17790486;8435095443289;PLATO COLORS WOOD 100X180 FRESNO+V
17790493;8435095441742;PLATO COLORS WOOD 90X200 OLMO+V
17790500;8435095459228;PLATO COLORS LISO 80X120 GRIS PER+V
17790514;8435095433969;PLATO COLORS PIZAR 80X160 BL+V
17790521;8435095433945;PLATO COLORS PIZAR 80X150 BL+V
17790535;8435095459259;PLATO COLORS LISO 80X130 CACAO+V
17790542;8435095459365;PLATO COLORS LISO 80X150 CRUDO+V
17790556;8435095441353;PLATO COLORS WOOD 90X140 CASTANO+V
17790563;8435095422475;PLATO COLORS LISO 100X120 ANT+V
17790570;8435095459303;PLATO COLORS LISO 80X140 CACAO+V
17790584;8435095443234;PLATO COLORS WOOD 100X170 NOGAL+V
17790591;8435095455848;PLATO COLORS PIZARRA 200X90 GRIS PER+V
17790605;8435095468695;PLATO COLORS LISO 70X70 ANT+V
17790612;8435095437967;PLATO COLORS WOOD 70X130 OLMO+V
17790626;8435095407878;PLATO COLORS PIZAR 80X110 ANT+V
17790633;8435095445368;PLATO COLORS SAND 70X100 VULCANO+V
17790640;8435095403009;PLATO COLORS PIZAR 80X180 BL+V
17790654;8435095462396;PLATO COLORS LISO 100X190 PIEDRA+V
17790661;8435095437554;PLATO COLORS WOOD 70X80 OLMO+V
17790675;8435095437844;PLATO COLORS WOOD 70X110 OLMO+V
17790682;8435095444125;PLATO COLORS WOOD 100X200 FRESNO+V
17790696;8435095458160;PLATO COLORS LISO 70X190 CRUDO+V
17790703;8435095403917;PLATO COLORS LISO 70X110 PIEDRA+V
17790710;8435095450638;PLATO COLORS SAND 90X120 TERRA+V
17790724;8435095412483;PLATO COLORS LISO 70X150 GRIS PER+V
17790731;8435095455688;PLATO COLORS PIZAR 90X170 CRUDO+V
17790745;8435095468497;PLATO COLORS WOOD 70X70 OLMO+V
17790752;8435095433983;PLATO COLORS PIZAR 80X170 BL+V
17790766;8435095437905;PLATO COLORS WOOD 70X120 OLMO+V
17790773;8435095459242;PLATO COLORS LISO 80X120 PIEDRA+V
17790780;8435095450812;PLATO COLORS SAND 90X150 TERRA+V
17790794;8435095407694;PLATO COLORS LISO 70X140 GRIS PER+V
17790801;8435095450997;PLATO COLORS SAND 90X180 TERRA+V
17790815;8435095437721;PLATO COLORS WOOD 70X90 OLMO+V
17790822;8435095438322;PLATO COLORS WOOD 70X190 OLMO+V
17790836;8435095404020;PLATO COLORS LISO 80X160 BL+V
17790843;8435095442886;PLATO COLORS WOOD 100X110 OLMO+V
17790850;8435095450874;PLATO COLORS SAND 90X160 TERRA+V
17790864;8435095441230;PLATO COLORS WOOD 90X120 CASTANO+V
17790871;8435095417921;PLATO COLORS LISO 80X140 NEGRO+V
17790885;8435095437783;PLATO COLORS WOOD 70X100 OLMO+V
17790892;8435095454537;PLATO COLORS PIZARRA 200X80 CRUDO+V
17790906;8435095417891;PLATO COLORS LISO 80X140 BL+V
17790913;8435095435130;PLATO COLORS PIZAR 90X100 BL+V
17790920;8435095439886;PLATO COLORS WOOD 80X170 OLMO+V
17790934;8435095446150;PLATO COLORS SAND 200X70 CALIZA+V
17790941;8435095455794;PLATO COLORS PIZAR 90X190 GRIS PER+V
17790955;8435095438148;PLATO COLORS WOOD 70X160 OLMO+V
17790962;8435095450935;PLATO COLORS SAND 90X170 TERRA+V
17790976;8435095439343;PLATO COLORS WOOD 80X80 OLMO+V
17790983;8435095404044;PLATO COLORS PIZAR 90X90 BL+V
17790990;8435095414807;PLATO COLORS LISO 70X130 ANT+V
17791004;8435095456838;PLATO COLORS PIZAR 100X140 GRIS PER+
17791011;8435095452465;PLATO COLORS SAND 100X170 CALIZA+V
17791025;8435095445405;PLATO COLORS SAND 70X110 ARENISCA+V
17791032;8435095411882;PLATO COLORS PIZAR 100X130 BL+V
17791046;8435095455695;PLATO COLORS PIZAR 90X170 GRIS PER+V
17791053;8435095458221;PLATO COLORS LISO 200X70 GRIS PER+V
17791060;8435095414593;PLATO COLORS LISO 70X100 ANT+V
17791074;8435095435161;PLATO COLORS PIZAR 90X150 BL+V
17791081;8435095468473;PLATO COLORS SAND 70X70 VULCANO+V
17791095;8435095452120;PLATO COLORS SAND 100X110 TERRA+V
17791102;8435095438209;PLATO COLORS WOOD 70X170 OLMO+V
17791116;8435095452427;PLATO COLORS SAND 100X160 TERRA+V
17791123;8435095438384;PLATO COLORS WOOD 70X200 OLMO+V
17791130;8435095441087;PLATO COLORS WOOD 90X90 OLMO RESINA + VA
17791144;8435095435147;PLATO COLORS PIZAR 90X120 BL+V
17791151;8435095412025;PLATO COLORS PIZAR 90X110 BL+V
17791165;8435095438261;PLATO COLORS WOOD 70X180 OLMO+V
17791172;8435095459150;PLATO COLORS LISO 80X110 CACAO+V
17791186;8435095455749;PLATO COLORS PIZAR 90X180 GRIS PER+V
17791193;8435095452588;PLATO COLORS SAND 100X190 CALIZA+V
17791200;8435095452540;PLATO COLORS SAND 100X180 TERRA+V
17791214;8435095414814;PLATO COLORS LISO 70X130 BL+V
17791221;8435095456784;PLATO COLORS PIZAR 100X130 GRIS PER+
17791235;8435095468558;PLATO COLORS LISO 70X70 NEGRO+V
17791242;8435095439824;PLATO COLORS WOOD 80X160 OLMO+V
17791256;8435095441674;PLATO COLORS WOOD 90X190 NOGAL+V
17791263;8435095452069;PLATO COLORS SAND 100X100 TERRA+V
17791270;8435095435154;PLATO COLORS PIZAR 90X140 BL+V
17791284;8435095454339;PLATO COLORS PIZAR 80X160 CRUDO+V
17791291;8435095439527;PLATO COLORS WOOD 80X110 OLMO+V
17791305;8435095439701;PLATO COLORS WOOD 80X140 OLMO+V
17791312;8435095439404;PLATO COLORS WOOD 80X90 OLMO+V
17791326;8435095422581;PLATO COLORS LISO 100X130 NEGRO+V
17791333;8435095443159;PLATO COLORS WOOD 100X160 CASTANO+V
17791340;8435095457088;PLATO COLORS PIZAR 100X190 GRIS PER+
17791354;8435095458177;PLATO COLORS LISO 70X190 GRIS PER+V
17791361;8435095461948;PLATO COLORS LISO 100X100 PIEDRA+V
17791375;8435095439466;PLATO COLORS WOOD 80X100 OLMO+V
17791382;8435095412131;PLATO COLORS PIZAR 90X130 BL+V
17791396;8435095439763;PLATO COLORS WOOD 80X150 OLMO+V
17791403;8435095452649;PLATO COLORS SAND 100X200 CALIZA+V
17791410;8435095452182;PLATO COLORS SAND 100X120 TERRA+V
17791424;8435095458122;PLATO COLORS LISO 70X180 GRIS PER+V
17791431;8435095452366;PLATO COLORS SAND 100X150 TERRA+V
17791445;8435095439589;PLATO COLORS WOOD 80X120 OLMO+V
17791452;8435095435178;PLATO COLORS PIZAR 90X160 BL+V
17791466;8435095459174;PLATO COLORS LISO 80X110 GRIS PER+V
17791473;8435095442824;PLATO COLORS WOOD 100X100 OLMO+V
17791480;8435095452243;PLATO COLORS SAND 100X130 TERRA+V
17791494;8435095435260;PLATO COLORS PIZAR 80X120 ANT+V
17791501;8435095420440;PLATO COLORS LISO 90X170 BL+V
17791515;8435095439640;PLATO COLORS WOOD 80X130 OLMO+V
17791522;8435095445887;PLATO COLORS SAND 70X160 VULCANO+V
17791536;8435095456883;PLATO COLORS PIZAR 100X150 GRIS PER+
17791543;8435095423045;PLATO COLORS LISO 100X200 BL+V
17791550;8435095441261;PLATO COLORS WOOD 90X120 OLMO+V
17791564;8435095411684;PLATO COLORS PIZAR 100X100 ANT+V
17791571;8435095456739;PLATO COLORS PIZAR 100X120 GRIS PER+
17791585;8435095413343;PLATO COLORS PIZAR 90X180 BL+V
17791592;8435095452304;PLATO COLORS SAND 100X140 TERRA+V
17791606;8435095440004;PLATO COLORS WOOD 80X190 OLMO+V
17791613;8435095441148;PLATO COLORS WOOD 90X100 OLMO+V
17791620;8435095403382;PLATO COLORS PIZAR 100X120 BL+V
17791634;8435095420334;PLATO COLORS LISO 90X150 NEGRO+V
17791641;8435095454230;PLATO COLORS PIZAR 80X140 CRUDO+V
17791655;8435095445283;PLATO COLORS SAND 70X100 ARENISCA+V
17791662;8435095459020;PLATO COLORS LISO 80X80 GRIS PER+V
17791676;8435095454483;PLATO COLORS PIZAR 80X190 CRUDO+V
17791683;8435095439947;PLATO COLORS WOOD 80X180 OLMO+V
17791690;8435095435185;PLATO COLORS PIZAR 90X170 BL+V
17791704;8435095441209;PLATO COLORS WOOD 90X110 OLMO+V
17791711;8435095445481;PLATO COLORS SAND 70X110 VULCANO+V
17791725;8435095457033;PLATO COLORS PIZAR 100X180 GRIS PER+
17791732;8435095414739;PLATO COLORS LISO 70X120 ANT+V
17791746;8435095452601;PLATO COLORS SAND 100X190 TERRA+V
17791753;8435095440066;PLATO COLORS WOOD 80X200 OLMO+V
17791760;8435095443265;PLATO COLORS WOOD 100X180 CENIZA+V
17791774;8435095438100;PLATO COLORS WOOD 70X160 CENIZA+V
17791781;8435095443128;PLATO COLORS WOOD 100X150 OLMO+V
17791795;8435095441568;PLATO COLORS WOOD 90X170 OLMO+V
17791802;8435095441384;PLATO COLORS WOOD 90X140 OLMO+V
17791816;8435095459457;PLATO COLORS LISO 80X170 CACAO+V
17791823;8435095449106;PLATO COLORS SAND 80X120 VULCANO+V
17791830;8435095452526;PLATO COLORS SAND 100X180 CALIZA+V
17791844;8435095445245;PLATO COLORS SAND 70X90 VULCANO+V
17791851;8435095459501;PLATO COLORS LISO 80X180 CACAO+V
17791865;8435095410472;PLATO COLORS PIZAR 100X150 ANT+V
17791872;8435095445047;PLATO COLORS SAND 70X80 ARENISCA+V
17791886;8435095413411;PLATO COLORS PIZAR 90X190 BL+V
17791893;8435095450843;PLATO COLORS SAND 90X160 ARENISCA+V
17791900;8435095437899;PLATO COLORS WOOD 70X120 NOGAL+V
17791914;8435095446044;PLATO COLORS SAND 70X180 VULCANO+V
17791921;8435095414661;PLATO COLORS LISO 70X110 ANT+V
17791935;8435095445726;PLATO COLORS SAND 70X140 VULCANO+V
17791942;8435095411752;PLATO COLORS PIZAR 100X110 BL+V
17791956;8435095413480;PLATO COLORS PIZARRA 200X90 BL+V
17791963;8435095441681;PLATO COLORS WOOD 90X190 OLMO+V
17791970;8435095456982;PLATO COLORS PIZAR 100X170 GRIS PER+
17791984;8435095460682;PLATO COLORS LISO 90X130 HORMIG+V
17791991;8435095445160;PLATO COLORS SAND 70X90 ARENISCA+V
17792005;8435095441322;PLATO COLORS WOOD 90X130 OLMO+V
17792012;8435095459198;PLATO COLORS LISO 80X110 PIEDRA+V
17792026;8435095459129;PLATO COLORS LISO 80X100 GRIS PER+V
17792033;8435095441629;PLATO COLORS WOOD 90X180 OLMO+V
17792040;8435095441506;PLATO COLORS WOOD 90X160 OLMO+V
17792054;8435095441551;PLATO COLORS WOOD 90X170 NOGAL+V
17792061;8435095459204;PLATO COLORS LISO 80X120 CACAO+V
17792075;8435095403412;PLATO COLORS PIZAR 100X100 BL+V
17792082;8435095452663;PLATO COLORS SAND 100X200 TERRA+V
17792096;8435095459075;PLATO COLORS LISO 80X90 GRIS PER+V
17792103;8435095460873;PLATO COLORS LISO 90X170 GRIS PER+V
17792110;8435095403153;PLATO COLORS LISO 70X90 PIEDRA+V
17792124;8435095437851;PLATO COLORS WOOD 70X120 CEDRO+V
17792131;8435095451024;PLATO COLORS SAND 90X190 ARENISCA+V
17792145;8435095404280;PLATO COLORS LISO 90X120 ANT+V
17792152;8435095454438;PLATO COLORS PIZAR 80X180 CRUDO+V
17792166;8435095439671;PLATO COLORS WOOD 80X140 CASTANO+V
17792173;8435095445801;PLATO COLORS SAND 70X150 VULCANO+V
17792180;8435095417747;PLATO COLORS LISO 80X110 BL+V
17792194;8435095408639;PLATO COLORS PIZAR 80X190 NEGRO+V
17792201;8435095439787;PLATO COLORS WOOD 80X160 CENIZA+V
17792215;8435095420297;PLATO COLORS LISO 90X150 ANT+V
17792222;8435095468435;PLATO COLORS SAND 70X70 ARENISCA+V
17792236;8435095443241;PLATO COLORS WOOD 100X170 OLMO+V
17792243;8435095456937;PLATO COLORS PIZAR 100X160 GRIS PER+
17792250;8435095437868;PLATO COLORS WOOD 70X120 CENIZA+V
17792264;8435095414777;PLATO COLORS LISO 70X120 NEGRO+V
17792271;8435095433839;PLATO COLORS PIZAR 70X150 NEGRO+V
17792285;8435095444989;PLATO COLORS PIZAR 70X80 PIEDRA+V
17792292;8435095413404;PLATO COLORS PIZAR 90X190 ANT+V
17792306;8435095449182;PLATO COLORS SAND 80X140 ARENISCA+V
17792313;8435095459372;PLATO COLORS LISO 80X150 GRIS PER+V
17792320;8435095422826;PLATO COLORS LISO 100X170 ANT+V
17792334;8435095414678;PLATO COLORS LISO 70X110 BL+V
17792341;8435095435222;PLATO COLORS PIZAR 70X150 ANT+V
17792355;8435095415460;PLATO COLORS LISO 70X170 ANT+V
17792362;8435095445566;PLATO COLORS SAND 70X120 VULCANO+V
17792376;8435095445580;PLATO COLORS SAND 70X130 ARENISCA+V
17792383;8435095443180;PLATO COLORS WOOD 100X160 OLMO+V
17792390;8435095445986;PLATO COLORS SAND 70X180 ARENISCA+V
17792404;8435095411189;PLATO COLORS PIZARRA 100X200 BL+V
17792411;8435095468626;PLATO COLORS PIZAR 70X70 NEGRO+V
17792425;8435095437684;PLATO COLORS WOOD 70X90 CENIZA+V
17792432;8435095420099;PLATO COLORS LISO 90X100 BL+V
17792446;8435095459624;PLATO COLORS LISO 200X80 GRIS PER+V
17792453;8435095444934;PLATO COLORS LISO 70X180 CRUDO+V
17792460;8435095439794;PLATO COLORS WOOD 80X160 CASTANO+V
17792474;8435095449588;PLATO COLORS SAND 200X80 VULCANO+V
17792481;8435095446143;PLATO COLORS SAND 200X70 ARENISCA+V
17792495;8435095460743;PLATO COLORS LISO 90X140 PIEDRA+V
17792502;8435095468664;PLATO COLORS PIZAR 70X70 PIEDRA+V
17792516;8435095411066;PLATO COLORS PIZAR 100X190 BL+V
17792523;8435095443067;PLATO COLORS WOOD 100X140 OLMO+V
17792530;8435095441612;PLATO COLORS WOOD 90X180 NOGAL+V
17792544;8435095454001;PLATO COLORS PIZAR 80X90 PIEDRA+V
17792551;8435095444149;PLATO COLORS WOOD 100X200 OLMO+V
17792565;8435095461047;PLATO COLORS LISO 90X200 PIEDRA+V
17792572;8435095437806;PLATO COLORS WOOD 70X110 CENIZA+V
17792586;8435095410687;PLATO COLORS PIZAR 100X180 BL+V
17792593;8435095418140;PLATO COLORS LISO 80X180 ANT+V
17792600;8435095408387;PLATO COLORS LISO 70X150 CRUDO+V
17792614;8435095439336;PLATO COLORS WOOD 80X80 NOGAL+V
17792621;8435095452885;PLATO COLORS PIZAR 70X130 PIEDRA+V
17792635;8435095444088;PLATO COLORS WOOD 100X190 OLMO+V
17792642;8435095445641;PLATO COLORS SAND 70X130 VULCANO+V
17792656;8435095410557;PLATO COLORS PIZAR 100X160 BL+V
17792663;8435095417594;PLATO COLORS LISO 80X90 ANT+V
17792670;8435095443302;PLATO COLORS WOOD 100X180 OLMO+V
17792684;8435095454384;PLATO COLORS PIZAR 80X170 CRUDO+V
17792691;8435095445665;PLATO COLORS SAND 70X140 ARENISCA+V
17792705;8435095468503;PLATO COLORS WOOD 70X70 CENIZA+V
17792712;8435095445900;PLATO COLORS SAND 70X170 ARENISCA+V
17792726;8435095437745;PLATO COLORS WOOD 70X100 CENIZA+V
17792733;8435095438162;PLATO COLORS WOOD 70X170 CENIZA+V
17792740;8435095418218;PLATO COLORS LISO 80X190 BL+V
17792754;8435095437516;PLATO COLORS WOOD 70X80 CENIZA+V
17792761;8435095445740;PLATO COLORS SAND 70X150 ARENISCA+V
17792775;8435095441315;PLATO COLORS WOOD 90X130 NOGAL+V
17792782;8435095414609;PLATO COLORS LISO 90X140 BL+V
17792796;8435095410618;PLATO COLORS PIZAR 100X170 BL+V
17792803;8435095449045;PLATO COLORS SAND 80X110 VULCANO+V
17792810;8435095445030;PLATO COLORS PIZAR 70X90 PIEDRA+V
17792824;8435095404792;PLATO COLORS PIZAR 70X90 NEGRO+V
17792831;8435095439725;PLATO COLORS WOOD 80X150 CENIZA+V
17792845;8435095417709;PLATO COLORS LISO 80X100 NEGRO+V
17792852;8435095460552;PLATO COLORS LISO 90X110 CACAO+V
17792866;8435095437981;PLATO COLORS WOOD 70X140 CENIZA+V
17792873;8435095445825;PLATO COLORS SAND 70X160 ARENISCA+V
17792880;8435095438285;PLATO COLORS WOOD 70X190 CENIZA+V
17792894;8435095404716;PLATO COLORS PIZAR 70X80 NEGRO+V
17792901;8435095459426;PLATO COLORS LISO 80X160 GRIS PER+V
17792915;8435095420051;PLATO COLORS LISO 90X90 NEGRO+V
17792922;8435095441438;PLATO COLORS WOOD 90X150 NOGAL+V
17792936;8435095449120;PLATO COLORS SAND 80X130 ARENISCA+V
17792943;8435095437929;PLATO COLORS WOOD 70X130 CENIZA+V
17792950;8435095455381;PLATO COLORS PIZAR 90X110 CRUDO+V
17792964;8435095459570;PLATO COLORS LISO 80X190 GRIS PER+V
17792971;8435095404112;PLATO COLORS LISO 70X160 ANT+V
17792985;8435095433815;PLATO COLORS PIZAR 70X140 NEGRO+V
17792992;8435095446129;PLATO COLORS SAND 70X190 VULCANO+V
17793006;8435095452830;PLATO COLORS PIZAR 70X120 PIEDRA+V
17793013;8435095438049;PLATO COLORS WOOD 70X150 CENIZA+V
17793020;8435095448826;PLATO COLORS SAND 80X80 ARENISCA+V
17793034;8435095438223;PLATO COLORS WOOD 70X180 CENIZA+V
17793041;8435095437677;PLATO COLORS WOOD 70X90 CEDRO+V
17793055;8435095460828;PLATO COLORS LISO 90X160 GRIS PER+V
17793062;8435095404952;PLATO COLORS PIZAR 70X110 NEGRO+V
17793076;8435095433372;PLATO COLORS PIZAR 70X100 NEGRO+V
17793083;8435095450485;PLATO COLORS SAND 90X100 ARENISCA+V
17793090;8435095446068;PLATO COLORS SAND 70X190 ARENISCA+V
17793104;8435095405850;PLATO COLORS PIZAR 70X190 ANT+V
17793125;8435095449243;PLATO COLORS SAND 80X150 ARENISCA+V
17793132;8435095443173;PLATO COLORS WOOD 100X160 NOGAL+V
17793146;8435095449007;PLATO COLORS SAND 80X110 ARENISCA+V
17793153;8435095415507;PLATO COLORS LISO 70X170 NEGRO+V
17793160;8435095439664;PLATO COLORS WOOD 80X140 CENIZA+V
17793174;8435095437646;PLATO COLORS LISO 70X170 PIEDRA+V
17793181;8435095460996;PLATO COLORS LISO 90X190 PIEDRA+V
17793195;8435095405157;PLATO COLORS PIZAR 70X130 NEGRO+V
17793202;8435095448925;PLATO COLORS SAND 80X90 VULCANO+V
17793216;8435095439367;PLATO COLORS WOOD 80X90 CENIZA+V
17793223;8435095439541;PLATO COLORS WOOD 80X120 CENIZA+V
17793230;8435095438346;PLATO COLORS WOOD 70X200 CENIZA+V
17793244;8435095452786;PLATO COLORS PIZAR 70X110 PIEDRA+V
17793251;8435095468534;PLATO COLORS WOOD 70X70 NOGAL+V
17793265;8435095449069;PLATO COLORS SAND 80X120 ARENISCA+V
17793272;8435095459525;PLATO COLORS LISO 80X180 GRIS PER+V
17793286;8435095460897;PLATO COLORS LISO 90X170 PIEDRA+V
17793293;8435095439305;PLATO COLORS WOOD 80X80 CENIZA+V
17793300;8435095433396;PLATO COLORS PIZAR 70X120 NEGRO+V
17793314;8435095439602;PLATO COLORS WOOD 80X130 CENIZA+V
17793321;8435095442817;PLATO COLORS WOOD 100X100 NOGAL+V
17793335;8435095459402;PLATO COLORS LISO 80X160 CACAO+V
17793342;8435095459471;PLATO COLORS LISO 80X170 GRIS PER+V
17793356;8435095448888;PLATO COLORS SAND 80X90 ARENISCA+V
17793363;8435095439428;PLATO COLORS WOOD 80X100 CENIZA+V
17793370;8435095440028;PLATO COLORS WOOD 80X200 CENIZA+V
17793384;8435095415613;PLATO COLORS LISO 70X190 BL+V
17793391;8435095437790;PLATO COLORS WOOD 70X110 CEDRO+V
17793405;8435095450966;PLATO COLORS SAND 90X180 ARENISCA+V
17793412;8435095441179;PLATO COLORS WOOD 90X110 CASTANO+V
17793426;8435095455336;PLATO COLORS PIZAR 90X100 CRUDO+V
17793433;8435095439480;PLATO COLORS WOOD 80X110 CENIZA+V
17793440;8435095448987;PLATO COLORS SAND 80X100 VULCANO+V
17793454;8435095460507;PLATO COLORS LISO 90X100 CACAO+V
17793461;8435095433877;PLATO COLORS PIZAR 70X170 NEGRO+V
17793475;8435095441643;PLATO COLORS WOOD 90X190 CENIZA+V
17793482;8435095441490;PLATO COLORS WOOD 90X160 NOGAL+V
17793496;8435095448949;PLATO COLORS SAND 80X100 ARENISCA+V
17793503;8435095439848;PLATO COLORS WOOD 80X170 CENIZA+V
17793510;8435095452731;PLATO COLORS PIZAR 70X100 PIEDRA+V
17793524;8435095441100;PLATO COLORS WOOD 90X100 CENIZA+V
17793531;8435095433853;PLATO COLORS PIZAR 70X160 NEGRO+V
17793545;8435095417525;PLATO COLORS LISO 80X80 ANT+V
17793552;8435095422697;PLATO COLORS LISO 100X150 BL+V
17793566;8435095459495;PLATO COLORS LISO 80X170 PIEDRA+V
17793573;8435095450423;PLATO COLORS SAND 90X90 ARENISCA+V
17793580;8435095408523;PLATO COLORS PIZAR 80X180 NEGRO+V
17793594;8435095422406;PLATO COLORS LISO 100X110 ANT+V
17793601;8435095460576;PLATO COLORS LISO 90X110 GRIS PER+V
17793615;8435095415538;PLATO COLORS LISO 70X180 ANT+V
17793622;8435095407724;PLATO COLORS PIZAR 80X90 NEGRO+V
17793636;8435095446204;PLATO COLORS SAND 200X70 VULCANO+V
17793643;8435095453035;PLATO COLORS PIZAR 70X160 PIEDRA+V
17793650;8435095439909;PLATO COLORS WOOD 80X180 CENIZA+V
17793664;8435095449304;PLATO COLORS SAND 80X160 ARENISCA+V
17793671;8435095441049;PLATO COLORS WOOD 90X90 CENIZA+V
17793685;8435095442909;PLATO COLORS WOOD 100X120 CENIZA+V
17793692;8435095405928;PLATO COLORS PIZAR 70X190 NEGRO+V
17793706;8435095405805;PLATO COLORS PIZAR 70X180 NEGRO+V
17793713;8435095439961;PLATO COLORS WOOD 80X190 CENIZA+V
17793720;8435095453943;PLATO COLORS PIZAR 80X80 PIEDRA+V
17793734;8435095435246;PLATO COLORS PIZAR 70X170 ANT+V
17793741;8435095449526;PLATO COLORS SAND 80X190 VULCANO+V
17793755;8435095460453;PLATO COLORS LISO 90X90 CACAO+V
17793762;8435095411745;PLATO COLORS PIZAR 100X110 ANT+V
17793776;8435095449489;PLATO COLORS SAND 80X190 ARENISCA+V
17793783;8435095414708;PLATO COLORS LISO 70X110 NEGRO+V
17793790;8435095441582;PLATO COLORS WOOD 90X180 CENIZA+V
17793804;8435095442879;PLATO COLORS WOOD 100X110 NOGAL+V
17793811;8435095459556;PLATO COLORS LISO 80X190 CACAO+V
17793825;8435095407656;PLATO COLORS PIZAR 80X80 NEGRO+V
17793832;8435095449168;PLATO COLORS SAND 80X130 VULCANO+V
17793846;8435095441285;PLATO COLORS WOOD 90X130 CENIZA+V
17793853;8435095441469;PLATO COLORS WOOD 90X160 CENIZA+V
17793860;8435095441162;PLATO COLORS WOOD 90X110 CENIZA+V
17793874;8435095452984;PLATO COLORS PIZAR 70X150 PIEDRA+V
17793881;8435095404129;PLATO COLORS LISO 70X160 BL+V
17793895;8435095449540;PLATO COLORS SAND 200X80 ARENISCA+V
17793902;8435095460521;PLATO COLORS LISO 90X100 GRIS PER+V
17793916;8435095448864;PLATO COLORS SAND 80X80 VULCANO+V
17793923;8435095441223;PLATO COLORS WOOD 90X120 CENIZA+V
17793930;8435095406130;PLATO COLORS PIZARRA 200X70 NEGRO+V
17793944;8435095441520;PLATO COLORS WOOD 90X170 CENIZA+V
17793951;8435095455282;PLATO COLORS PIZAR 90X90 CRUDO+V
17793965;8435095437615;PLATO COLORS LISO 70X170 CRUDO+V
17793972;8435095460477;PLATO COLORS LISO 90X90 GRIS PER+V
17793986;8435095449366;PLATO COLORS SAND 80X170 ARENISCA+V
17793993;8435095441346;PLATO COLORS WOOD 90X140 CENIZA+V
17794000;8435095433891;PLATO COLORS PIZAR 80X100 NEGRO+V
17794014;8435095460774;PLATO COLORS LISO 90X150 GRIS PER+V
17794021;8435095437738;PLATO COLORS WOOD 70X100 CEDRO+V
17794035;8435095450904;PLATO COLORS SAND 90X170 ARENISCA+V
17794042;8435095435307;PLATO COLORS PIZAR 80X170 ANT+V
17794056;8435095455435;PLATO COLORS PIZAR 90X120 CRUDO+V
17794063;8435095441407;PLATO COLORS WOOD 90X150 CENIZA+V
17794070;8435095449229;PLATO COLORS SAND 80X140 VULCANO+V
17794084;8435095450546;PLATO COLORS SAND 90X110 ARENISCA+V
17794091;8435095414630;PLATO COLORS LISO 70X100 NEGRO+V
17794105;8435095443081;PLATO COLORS WOOD 100X150 CENIZA+V
17794112;8435095415712;PLATO COLORS LISO 200X70 NEGRO+V
17794126;8435095449427;PLATO COLORS SAND 80X180 ARENISCA+V
17794133;8435095433914;PLATO COLORS PIZAR 80X120 NEGRO+V
17794140;8435095452939;PLATO COLORS PIZAR 70X140 PIEDRA+V
17794154;8435095442787;PLATO COLORS WOOD 100X100 CENIZA+V
17794161;8435095442961;PLATO COLORS WOOD 100X130 CENIZA+V
17794175;8435095433990;PLATO COLORS PIZAR 80X170 NEGRO+V
17794182;8435095453080;PLATO COLORS PIZAR 70X170 PIEDRA+V
17794196;8435095411943;PLATO COLORS PIZAR 100X140 ANT+V
17794203;8435095450607;PLATO COLORS SAND 90X120 ARENISCA+V
17794210;8435095460620;PLATO COLORS LISO 90X120 GRIS PER+V
17794224;8435095418249;PLATO COLORS LISO 80X190 NEGRO+V
17794231;8435095441704;PLATO COLORS WOOD 90X200 CENIZA+V
17794245;8435095407984;PLATO COLORS PIZAR 80X110 NEGRO+V
17794252;8435095443029;PLATO COLORS WOOD 100X140 CENIZA+V
17794266;8435095455589;PLATO COLORS PIZAR 90X150 CRUDO+V
17794273;8435095413268;PLATO COLORS LISO 70X160 CRUDO+V
17794280;8435095415675;PLATO COLORS LISO 200X70 ANT+V
17794294;8435095453240;PLATO COLORS PIZARRA 200X70 PIEDRA+V
17794301;8435095442848;PLATO COLORS WOOD 100X110 CENIZA+V
17794315;8435095439312;PLATO COLORS WOOD 80X80 CASTANO+V
17794322;8435095404884;PLATO COLORS PIZAR 70X110 ANT+V
17794336;8435095441452;PLATO COLORS WOOD 90X160 CEDRO+V
17794343;8435095462075;PLATO COLORS LISO 100X130 GRIS PER+V
17794350;8435095444101;PLATO COLORS WOOD 100X200 CENIZA+V
17794364;8435095443203;PLATO COLORS WOOD 100X170 CENIZA+V
17794371;8435095460651;PLATO COLORS LISO 90X130 CACAO+V
17794385;8435095450881;PLATO COLORS SAND 90X160 VULCANO+V
17794392;8435095449571;PLATO COLORS SAND 200X80 TERRA+V
17794406;8435095445917;PLATO COLORS SAND 70X170 CALIZA+V
17794413;8435095460705;PLATO COLORS LISO 90X140 CACAO+V
17794420;8435095443111;PLATO COLORS WOOD 100X150 NOGAL+V
17794434;8435095453134;PLATO COLORS PIZAR 70X180 PIEDRA+V
17794441;8435095408233;PLATO COLORS PIZAR 80X130 NEGRO+V
17794455;8435095448932;PLATO COLORS SAND 80X100 ALPINO+V
17794462;8435095437837;PLATO COLORS WOOD 70X110 NOGAL+V
17794476;8435095444965;PLATO COLORS PIZAR 70X80 GRIS PER+V
17794483;8435095415606;PLATO COLORS LISO 70X190 ANT+V
17794490;8435095455480;PLATO COLORS PIZAR 90X130 CRUDO+V
17794504;8435095462051;PLATO COLORS LISO 100X130 CACAO+V
17794511;8435095433938;PLATO COLORS PIZAR 80X140 NEGRO+V
17794525;8435095437509;PLATO COLORS WOOD 70X80 CEDRO+V
17794532;8435095450782;PLATO COLORS SAND 90X150 ARENISCA+V
17794546;8435095441476;PLATO COLORS WOOD 90X160 CASTANO+V
17794553;8435095445320;PLATO COLORS SAND 70X100 TERRACOT+V
17794560;8435095443142;PLATO COLORS WOOD 100X160 CENIZA+V
17794574;8435095459297;PLATO COLORS LISO 80X130 PIEDRA+V
17794581;8435095460729;PLATO COLORS LISO 90X140 GRIS PER+V
17794595;8435095468510;PLATO COLORS WOOD 70X70 CEDRO+V
17794602;8435095444040;PLATO COLORS WOOD 100X190 CENIZA+V
17794616;8435095411813;PLATO COLORS PIZAR 100X120 ANT+V
17794623;8435095453196;PLATO COLORS PIZAR 70X190 PIEDRA+V
17794630;8435095433952;PLATO COLORS PIZAR 80X150 NEGRO+V
17794644;8435095459600;PLATO COLORS LISO200X80 CACAO+V
17794651;8435095460675;PLATO COLORS LISO 90X130 GRIS PER+V
17794665;8435095438032;PLATO COLORS WOOD 70X150 CEDRO+V
17794672;8435095415545;PLATO COLORS LISO 70X180 BL+V
17794686;8435095441575;PLATO COLORS WOOD 90X180 CEDRO+V
17794693;8435095449113;PLATO COLORS SAND 80X130 ALPINO+V
17794700;8435095408073;PLATO COLORS LISO 70X140 PIEDRA+V
17794714;8435095449403;PLATO COLORS SAND 80X170 VULCANO+V
17794721;8435095439619;PLATO COLORS WOOD 80X130 CASTANO+V
17794735;8435095449281;PLATO COLORS SAND 80X150 VULCANO+V
17794742;8435095415408;PLATO COLORS LISO 70X150 BL+V
17794756;8435095408776;PLATO COLORS PIZARRA 200X80 NEGRO+V
17794763;8435095439596;PLATO COLORS WOOD 80X130 CEDRO+V
17794770;8435095437950;PLATO COLORS WOOD 70X130 NOGAL+V
17794791;8435095435215;PLATO COLORS PIZAR 70X140 ANT+V
17794805;8435095450720;PLATO COLORS SAND 90X140 ARENISCA+V
17794812;8435095438155;PLATO COLORS WOOD 70X170 CEDRO+V
17794826;8435095403061;PLATO COLORS LISO 70X80 PIEDRA+V
17794833;8435095404181;PLATO COLORS LISO 80X120 ANT+V
17794840;8435095454117;PLATO COLORS PIZAR 80X110 PIEDRA+V
17794854;8435095459099;PLATO COLORS LISO 80X90 PIEDRA+V
17794861;8435095445146;PLATO COLORS SAND 70X90 ALPINO+V
17794875;8435095411783;PLATO COLORS PIZAR 100X110 NEGRO+V
17794882;8435095455534;PLATO COLORS PIZAR 90X140 CRUDO+V
17794896;8435095460972;PLATO COLORS LISO 90X190 GRIS PER+V
17794903;8435095404150;PLATO COLORS LISO 70X160 NEGRO+V
17794910;8435095412186;PLATO COLORS PIZAR 90X130 NEGRO+V
17794924;8435095460941;PLATO COLORS LISO 90X180 PIEDRA+V
17794931;8435095457101;PLATO COLORS PIZAR 100X190 PIEDRA+V
17794945;8435095437912;PLATO COLORS WOOD 70X130 CEDRO+V
17794952;8435095452274;PLATO COLORS SAND 100X140 ARENISCA+V
17794966;8435095438094;PLATO COLORS WOOD 70X160 CEDRO+V
17794973;8435095439831;PLATO COLORS WOOD 80X170 CEDRO+V
17794980;8435095410441;PLATO COLORS PIZAR 90X100 NEGRO+V
17794994;8435095410397;PLATO COLORS PIZAR 90X90 NEGRO+V
17795001;8435095437974;PLATO COLORS WOOD 70X140 CEDRO+V
17795015;8435095459068;PLATO COLORS LISO 80X90 CRUDO+V
17795022;8435095415644;PLATO COLORS LISO 70X190 NEGRO+V
17795036;8435095452250;PLATO COLORS SAND 100X130 VULCANO+V
17795043;8435095452397;PLATO COLORS SAND 100X160 ARENISCA+V
17795050;8435095443050;PLATO COLORS WOOD 100X140 NOGAL+V
17795064;8435095462259;PLATO COLORS LISO 100X170 CACAO+V
17795071;8435095415293;PLATO COLORS LISO 70X130 NEGRO+V
17795085;8435095439534;PLATO COLORS WOOD 80X120 CEDRO+V
17795092;8435095442930;PLATO COLORS WOOD 100X120 NOGAL+V
17795106;8435095455510;PLATO COLORS PIZAR 90X130 PIEDRA+V
17795113;8435095404006;PLATO COLORS PIZAR 90X120 NEGRO+V
17795120;8435095462099;PLATO COLORS LISO 100X130 PIEDRA+V
17795134;8435095438339;PLATO COLORS WOOD 70X200 CEDRO+V
17795141;8435095439411;PLATO COLORS WOOD 80X100 CEDRO+V
17795155;8435095438216;PLATO COLORS WOOD 70X180 CEDRO+V
17795162;8435095404471;PLATO COLORS LISO 90X140 NEGRO+V
17795176;8435095435314;PLATO COLORS PIZAR 90X100 ANT+V
17795183;8435095454360;PLATO COLORS PIZAR 80X160 PIEDRA+V
17795190;8435095460927;PLATO COLORS LISO 90X180 GRIS PER+V
17795204;8435095445849;PLATO COLORS SAND 70X160 TERRACOT+V
17795211;8435095438278;PLATO COLORS WOOD 70X190 CEDRO+V
17795225;8435095412056;PLATO COLORS PIZAR 90X110 NEGRO+V
17795232;8435095439473;PLATO COLORS WOOD 80X110 CEDRO+V
17795246;8435095449342;PLATO COLORS SAND 80X160 VULCANO+V
17795253;8435095452038;PLATO COLORS SAND 100X100 ARENISCA+V
17795260;8435095418089;PLATO COLORS LISO 80X170 ANT+V
17795274;8435095452212;PLATO COLORS SAND 100X130 ARENISCA+V
17795281;8435095439299;PLATO COLORS WOOD 80X80 CEDRO+V
17795295;8435095412308;PLATO COLORS PIZAR 90X140 NEGRO+V
17795302;8435095462020;PLATO COLORS LISO 100X120 GRIS PER+V
17795316;8435095441513;PLATO COLORS WOOD 90X170 CEDRO+V
17795323;8435095452090;PLATO COLORS SAND 100X110 ARENISCA+V
17795330;8435095461917;PLATO COLORS LISO 100X100 CRUDO+V
17795344;8435095417600;PLATO COLORS LISO 80X90 BL+V
17795351;8435095439350;PLATO COLORS WOOD 80X90 CEDRO+V
17795365;8435095450829;PLATO COLORS SAND 90X150 VULCANO+V
17795372;8435095454162;PLATO COLORS PIZAR 80X120 PIEDRA+V
17795386;8435095420020;PLATO COLORS LISO 90X90 BL+V
17795393;8435095440011;PLATO COLORS WOOD 80X200 CEDRO+V
17795400;8435095411875;PLATO COLORS PIZAR 100X130 ANT+V
17795414;8435095460958;PLATO COLORS LISO 90X190 CACAO+V
17795421;8435095412872;PLATO COLORS PIZAR 90X160 NEGRO+V
17795435;8435095452151;PLATO COLORS SAND 100X120 ARENISCA+V
17795442;8435095439718;PLATO COLORS WOOD 80X150 CEDRO+V
17795456;8435095439893;PLATO COLORS WOOD 80X180 CEDRO+V
17795463;8435095411714;PLATO COLORS PIZAR 100X100 NEGRO+V
17795470;8435095420198;PLATO COLORS LISO 90X110 NEGRO+V
17795484;8435095420648;PLATO COLORS LISO 90X200 ANT+V
17795491;8435095437660;PLATO COLORS SAND 70X80 ALPINO+V
17795505;8435095461023;PLATO COLORS LISO 90X200 GRIS PER+V
17795512;8435095455787;PLATO COLORS PIZAR 90X190 CRUDO+V
17795526;8435095439657;PLATO COLORS WOOD 80X140 CEDRO+V
17795533;8435095403528;PLATO COLORS PIZAR 90X150 NEGRO+V
17795540;8435095439954;PLATO COLORS WOOD 80X190 CEDRO+V
17795554;8435095450522;PLATO COLORS SAND 90X100 VULCANO+V
17795561;8435095454315;PLATO COLORS PIZAR 80X150 PIEDRA+V
17795575;8435095417730;PLATO COLORS LISO 80X110 ANT+V
17795582;8435095452458;PLATO COLORS SAND 100X170 ARENISCA+V
17795596;8435095439770;PLATO COLORS WOOD 80X160 CEDRO+V
17795603;8435095438230;PLATO COLORS WOOD 70X180 CASTANO+V
17795610;8435095442770;PLATO COLORS WOOD 100X100 CEDRO+V
17795624;8435095441278;PLATO COLORS WOOD 90X130 CEDRO+V
17795631;8435095441094;PLATO COLORS WOOD 90X100 CEDRO+V
17795645;8435095445894;PLATO COLORS SAND 70X170 ALPINO+V
17795652;8435095452335;PLATO COLORS SAND 100X150 ARENISCA+V
17795666;8435095413473;PLATO COLORS PIZARRA 200X90 ANT+V
17795673;8435095456777;PLATO COLORS PIZAR 100X130 CRUDO+V
17795680;8435095445269;PLATO COLORS SAND 70X100 ALPINO+V
17795694;8435095445306;PLATO COLORS SAND 70X100 CALIZA+V
17795701;8435095452632;PLATO COLORS SAND 100X200 ARENISCA+V
17795715;8435095413305;PLATO COLORS PIZAR 90X170 NEGRO+V
17795722;8435095441155;PLATO COLORS WOOD 90X110 CEDRO+V
17795736;8435095437776;PLATO COLORS WOOD 70X100 NOGAL+V
17795743;8435095462044;PLATO COLORS LISO 100X120 PIEDRA+V
17795750;8435095417662;PLATO COLORS LISO 80X100 ANT+V
17795764;8435095450706;PLATO COLORS SAND 90X130 VULCANO+V
17795771;8435095413510;PLATO COLORS PIZARRA 200X90 NEGRO+V
17795785;8435095413374;PLATO COLORS PIZAR 90X180 NEGRO+V
17795792;8435095441391;PLATO COLORS WOOD 90X150 CEDRO+V
17795806;8435095454261;PLATO COLORS PIZAR 80X140 PIEDRA+V
17795813;8435095437547;PLATO COLORS WOOD 70X80 NOGAL+V
17795820;8435095429917;PLATO COLORS SAND 70X70 ALPINO+V
17795834;8435095441032;PLATO COLORS WOOD 90X90 CEDRO+V
17795841;8435095422758;PLATO COLORS LISO 100X160 ANT+V
17795855;8435095461979;PLATO COLORS LISO 100X110 GRIS PER+V
17795862;8435095441339;PLATO COLORS WOOD 90X140 CEDRO+V
17795876;8435095441216;PLATO COLORS WOOD 90X120 CEDRO+V
17795883;8435095443296;PLATO COLORS WOOD 100X180 NOGAL+V
17795890;8435095459310;PLATO COLORS LISO 80X140 CRUDO+V
17795904;8435095413442;PLATO COLORS PIZAR 90X190 NEGRO+V
17795911;8435095452519;PLATO COLORS SAND 100X180 ARENISCA+V
17795925;8435095461924;PLATO COLORS LISO 100X100 GRIS PER+V
17795932;8435095468589;PLATO COLORS LISO 70X70 PIEDRA+V
17795946;8435095462228;PLATO COLORS LISO 100X160 GRIS PER+V
17795953;8435095437523;PLATO COLORS WOOD 70X80 CASTANO+V
17795960;8435095449052;PLATO COLORS SAND 80X120 ALPINO+V
17795974;8435095442794;PLATO COLORS WOOD 100X100 CASTANO+V
17795981;8435095455732;PLATO COLORS PIZAR 90X180 CRUDO+V
17795995;8435095439558;PLATO COLORS WOOD 80X120 CASTANO+V
17796002;8435095450768;PLATO COLORS SAND 90X140 VULCANO+V
17796016;8435095460903;PLATO COLORS LISO 90X180 CACAO+V
17796023;8435095418287;PLATO COLORS LISO 200X80 BL+V
17796030;8435095442954;PLATO COLORS WOOD 100X130 CEDRO+V
17796044;8435095446075;PLATO COLORS SAND 70X190 CALIZA+V
17796051;8435095452571;PLATO COLORS SAND 100X190 ARENISCA+V
17796065;8435095411912;PLATO COLORS PIZAR 100X130 NEGRO+V
17796072;8435095454216;PLATO COLORS PIZAR 80X130 PIEDRA+V
17796086;8435095441636;PLATO COLORS WOOD 90X190 CEDRO+V
17796093;8435095442831;PLATO COLORS WOOD 100X110 CEDRO+V
17796100;8435095410717;PLATO COLORS PIZAR 100X180 NEGRO+V
17796114;8435095420655;PLATO COLORS LISO 90X200 BL+V
17796121;8435095442992;PLATO COLORS WOOD 100X130 NOGAL+V
17796135;8435095445818;PLATO COLORS SAND 70X160 ALPINO+V
17796142;8435095418027;PLATO COLORS LISO 80X160 ANT+V
17796156;8435095422543;PLATO COLORS LISO 100X130 ANT+V
17796163;8435095405041;PLATO COLORS PIZAR 70X130 ANT+V
17796170;8435095411844;PLATO COLORS PIZAR 100X120 NEGRO+V
17796184;8435095442893;PLATO COLORS WOOD 100X120 CEDRO+V
17796191;8435095450584;PLATO COLORS SAND 90X110 VULCANO+V
17796205;8435095454513;PLATO COLORS PIZAR 80X190 PIEDRA+V
17796212;8435095417808;PLATO COLORS LISO 80X130 ANT+V
17796226;8435095445382;PLATO COLORS SAND 70X110 ALPINO+V
17796233;8435095441698;PLATO COLORS WOOD 90X200 CEDRO+V
17796240;8435095439435;PLATO COLORS WOOD 80X100 CASTANO+V
17796254;8435095443258;PLATO COLORS WOOD 100X180 CEDRO+V
17796261;8435095443074;PLATO COLORS WOOD 100X150 CEDRO+V
17796275;8435095468527;PLATO COLORS WOOD 70X70 CASTANO+V
17796282;8435095455466;PLATO COLORS PIZAR 90X120 PIEDRA+V
17796296;8435095444057;PLATO COLORS WOOD 100X190 CASTANO+V
17796303;8435095452199;PLATO COLORS SAND 100X120 VULCANO+V
17796310;8435095460859;PLATO COLORS LISO 90X170 CACAO+V
17796324;8435095459440;PLATO COLORS LISO 80X160 PIEDRA+V
17796331;8435095445658;PLATO COLORS SAND 70X140 ALPINO+V
17796345;8435095411981;PLATO COLORS PIZAR 100X140 NEGRO+V
17796352;8435095443135;PLATO COLORS WOOD 100X160 CEDRO+V
17796366;8435095444071;PLATO COLORS WOOD 100X190 NOGAL+V
17796373;8435095460750;PLATO COLORS LISO 90X150 CACAO+V
17796380;8435095415439;PLATO COLORS LISO 70X150 NEGRO+V
17796394;8435095450942;PLATO COLORS SAND 90X170 VULCANO+V
17796401;8435095410649;PLATO COLORS PIZAR 100X170 NEGRO+V
17796415;8435095410519;PLATO COLORS PIZAR 100X150 NEGRO+V
17796422;8435095444095;PLATO COLORS WOOD 100X200 CEDRO+V
17796436;8435095454469;PLATO COLORS PIZAR 80X180 PIEDRA+V
17796443;8435095435291;PLATO COLORS PIZAR 80X160 ANT+V
17796450;8435095445733;PLATO COLORS SAND 70X150 ALPINO+V
17796464;8435095443012;PLATO COLORS WOOD 100X140 CEDRO+V
17796471;8435095450645;PLATO COLORS SAND 90X120 VULCANO+V
17796485;8435095462174;PLATO COLORS LISO 100X150 GRIS PER+V
17796492;8435095444033;PLATO COLORS WOOD 100X190 CEDRO+V
17796506;8435095443197;PLATO COLORS WOOD 100X170 CEDRO+V
17796513;8435095462341;PLATO COLORS LISO 100X180 PIEDRA+V
17796520;8435095459013;PLATO COLORS LISO 80X80 CRUDO+V
17796534;8435095410588;PLATO COLORS PIZAR 100X160 NEGRO+V
17796541;8435095445504;PLATO COLORS SAND 70X120 ALPINO+V
17796555;8435095462129;PLATO COLORS LISO 100X140 GRIS PER+V
17796562;8435095437875;PLATO COLORS WOOD 70X120 CASTANO+V
17796576;8435095437691;PLATO COLORS WOOD 70X90 CASTANO+V
17796583;8435095438056;PLATO COLORS WOOD 70X150 CASTANO+V
17796590;8435095448994;PLATO COLORS SAND 80X110 ALPINO+V
17796604;8435095418270;PLATO COLORS LISO 200X80 ANT+V
17796611;8435095455831;PLATO COLORS PIZARRA 200X90 CRUDO+V
17796625;8435095439497;PLATO COLORS WOOD 80X110 CASTANO+V
17796632;8435095451000;PLATO COLORS SAND 90X180 VULCANO+V
17796646;8435095445979;PLATO COLORS SAND 70X180 ALPINO+V
17796653;8435095462426;PLATO COLORS LISO 100X200 GRIS PER+V
17796660;8435095437752;PLATO COLORS WOOD 70X100 CASTANO+V
17796674;8435095404341;PLATO COLORS LISO 90X120 BL+V
17796681;8435095445573;PLATO COLORS SAND 70X130 ALPINO+V
17796695;8435095415361;PLATO COLORS LISO 70X140 NEGRO+V
17796702;8435095454414;PLATO COLORS PIZAR 80X170 PIEDRA+V
17796716;8435095468633;PLATO COLORS PIZAR 70X70 ANT+V
17796723;8435095411141;PLATO COLORS PIZAR 100X190 NEGRO+V
17796730;8435095437998;PLATO COLORS WOOD 70X140 CASTANO+V
17796744;8435095454568;PLATO COLORS PIZARRA 200X80 PIEDRA+V
17796751;8435095410670;PLATO COLORS PIZAR 100X180 ANT+V
17796765;8435095446051;PLATO COLORS SAND 70X190 ALPINO+V
17796772;8435095435376;PLATO COLORS PIZAR 70X120 ANT+V
17796786;8435095417846;PLATO COLORS LISO 80X130 NEGRO+V
17796793;8435095462273;PLATO COLORS LISO 100X170 GRIS PER+V
17796800;8435095437936;PLATO COLORS WOOD 70X130 CASTANO+V
17796814;8435095437813;PLATO COLORS WOOD 70X110 CASTANO+V
17796821;8435095456722;PLATO COLORS PIZAR 100X120 CRUDO+V
17796835;8435095458214;PLATO COLORS LISO 200X70 CRUDO+V
17796842;8435095411240;PLATO COLORS PIZARRA 100X200 NEGRO+V
17796856;8435095455411;PLATO COLORS PIZAR 90X110 PIEDRA+V
17796863;8435095417952;PLATO COLORS LISO 80X150 ANT+V
17796870;8435095435192;PLATO COLORS PIZAR 70X100 ANT+V
17796884;8435095462327;PLATO COLORS LISO 100X180 GRIS PER+V
17796891;8435095438292;PLATO COLORS WOOD 70X190 CASTANO+V
17796905;8435095439374;PLATO COLORS WOOD 80X90 CASTANO+V
17796912;8435095462372;PLATO COLORS LISO 100X190 GRIS PER+V
17796926;8435095449533;PLATO COLORS SAND 200X80 ALPINO+V
17796933;8435095445603;PLATO COLORS SAND 70X130 TERRACOT+V
17796940;8435095439855;PLATO COLORS WOOD 80X170 CASTANO+V
17796954;8435095452137;PLATO COLORS SAND 100X110 VULCANO+V
17796961;8435095457057;PLATO COLORS PIZAR 100X180 PIEDRA+V
17796975;8435095445184;PLATO COLORS SAND 70X90 CALIZA+V
17796982;8435095455312;PLATO COLORS PIZAR 90X90 PIEDRA+V
17796996;8435095438179;PLATO COLORS WOOD 70X170 CASTANO+V
17797003;8435095452380;PLATO COLORS SAND 100X160 ALPINO+V
17797010;8435095438070;PLATO COLORS WOOD 70X150 NOGAL+V
17797024;8435095462143;PLATO COLORS LISO 100X140 PIEDRA+V
17797031;8435095404686;PLATO COLORS PIZAR 70X80 ANT+V
17797045;8435095456623;PLATO COLORS PIZAR 100X100 CRUDO+V
17797052;8435095417884;PLATO COLORS LISO 80X140 ANT+V
17797066;8435095438117;PLATO COLORS WOOD 70X160 CASTANO+V
17797073;8435095448871;PLATO COLORS SAND 80X90 ALPINO+V
17797080;8435095446136;PLATO COLORS SAND 200X70 ALPINO+V
17797094;8435095441414;PLATO COLORS WOOD 90X150 CASTANO+V
17797101;8435095445429;PLATO COLORS SAND 70X110 CALIZA+V
17797115;8435095455367;PLATO COLORS PIZAR 90X100 PIEDRA+V
17797122;8435095410540;PLATO COLORS PIZAR 100X160 ANT+V
17797136;8435095460804;PLATO COLORS LISO 90X160 CACAO+V
17797143;8435095461955;PLATO COLORS LISO 100X110 CACAO+V
17797150;8435095450836;PLATO COLORS SAND 90X160 ALPINO+V
17797164;8435095452076;PLATO COLORS SAND 100X100 VULCANO+V
17797171;8435095453950;PLATO COLORS PIZAR 80X90 ANT+V
17797185;8435095451062;PLATO COLORS SAND 90X190 VULCANO+V
17797206;8435095445009;PLATO COLORS PIZAR 70X90 CRUDO+V
17797213;8435095448819;PLATO COLORS SAND 80X80 ALPINO+V
17797220;8435095420587;PLATO COLORS LISO 90X190 BL+V
17797234;8435095449472;PLATO COLORS SAND 80X190 ALPINO+V
17797241;8435095437592;PLATO COLORS LISO 70X160 PIEDRA+V
17797255;8435095456678;PLATO COLORS PIZAR 100X110 CRUDO+V
17797262;8435095455619;PLATO COLORS PIZAR 90X150 PIEDRA+V
17797276;8435095461993;PLATO COLORS LISO 100X110 PIEDRA+V
17797283;8435095449175;PLATO COLORS SAND 80X140 ALPINO+V
17797290;8435095461900;PLATO COLORS LISO 100X100 CACAO+V
17797304;8435095449359;PLATO COLORS SAND 80X170 ALPINO+V
17797311;8435095455862;PLATO COLORS PIZARRA 200X90 PIEDRA+V
17797325;8435095452670;PLATO COLORS SAND 100X200 VULCANO+V
17797332;8435095453998;PLATO COLORS PIZAR 80X90 HORMIG+V
17797346;8435095445061;PLATO COLORS SAND 70X80 CALIZA+V
17797353;8435095459266;PLATO COLORS LISO 80X130 CRUDO+V
17797360;8435095444132;PLATO COLORS WOOD 100X200 NOGAL+V
17797374;8435095452311;PLATO COLORS SAND 100X140 VULCANO+V
17797381;8435095455565;PLATO COLORS PIZAR 90X140 PIEDRA+V
17797395;8435095449410;PLATO COLORS SAND 80X180 ALPINO+V
17797402;8435095438377;PLATO COLORS WOOD 70X200 NOGAL+V
17797416;8435095445764;PLATO COLORS SAND 70X150 TERRACOT+V
17797423;8435095459112;PLATO COLORS LISO 80X100 CRUDO+V
17797430;8435095451123;PLATO COLORS SAND 200X90 VULCANO+V
17797444;8435095449236;PLATO COLORS SAND 80X150 ALPINO+V
17797451;8435095450416;PLATO COLORS SAND 90X90 ALPINO+V
17797465;8435095450775;PLATO COLORS SAND 90X150 ALPINO+V
17797472;8435095462297;PLATO COLORS LISO 100X170 PIEDRA+V
17797486;8435095437714;PLATO COLORS WOOD 70X90 NOGAL+V
17797493;8435095452373;PLATO COLORS SAND 100X150 VULCANO+V
17797500;8435095449298;PLATO COLORS SAND 80X160 ALPINO+V
17797514;8435095403696;PLATO COLORS PIZAR 100X170 ANT+V
17797521;8435095462204;PLATO COLORS LISO 100X160 CACAO+V
17797535;8435095455664;PLATO COLORS PIZAR 90X160 PIEDRA+V
17797542;8435095450478;PLATO COLORS SAND 90X100 ALPINO+V
17797556;8435095404426;PLATO COLORS LISO 90X140 ANT+V
17797563;8435095404228;PLATO COLORS LISO 80X120 NEGRO+V
17797570;8435095420266;PLATO COLORS LISO 90X130 NEGRO+V
17797584;8435095456920;PLATO COLORS PIZAR 100X160 CRUDO+V
17797591;8435095455817;PLATO COLORS PIZAR 90X190 PIEDRA+V
17797605;8435095452564;PLATO COLORS SAND 100X190 ALPINO+V
17797612;8435095462006;PLATO COLORS LISO 100X120 CACAO+V
17797626;8435095455718;PLATO COLORS PIZAR 90X170 PIEDRA+V
17797633;8435095450713;PLATO COLORS SAND 90X140 ALPINO+V
17797640;8435095452618;PLATO COLORS SAND 100X190 VULCANO+V
17797654;8435095459143;PLATO COLORS LISO 80X100 PIEDRA+V
17797661;8435095445597;PLATO COLORS SAND 70X130 CALIZA+V
17797675;8435095468459;PLATO COLORS SAND 70X70 TERRACOT+V
17797682;8435095438018;PLATO COLORS WOOD 70X140 NOGAL+V
17797696;8435095456821;PLATO COLORS PIZAR 100X140 CRUDO+V
17797703;8435095450652;PLATO COLORS SAND 90X130 ALPINO+V
17797710;8435095450539;PLATO COLORS SAND 90X110 ALPINO+V
17797724;8435095410366;PLATO COLORS PIZAR 90X90 ANT+V
17797731;8435095468657;PLATO COLORS PIZAR 70X70 GRIS PER+V
17797745;8435095455763;PLATO COLORS PIZAR 90X180 PIEDRA+V
17797752;8435095459396;PLATO COLORS LISO 80X150 PIEDRA+V
17797766;8435095461009;PLATO COLORS LISO 90X200 CACAO+V
17797773;8435095450898;PLATO COLORS SAND 90X170 ALPINO+V
17797780;8435095452144;PLATO COLORS SAND 100X120 ALPINO+V
17797794;8435095452557;PLATO COLORS SAND 100X180 VULCANO+V
17797801;8435095405317;PLATO COLORS LISO 70X130 PIEDRA+V
17797815;8435095452434;PLATO COLORS SAND 100X160 VULCANO+V
17797836;8435095445993;PLATO COLORS SAND 70X180 CALIZA+V
17797843;8435095450591;PLATO COLORS SAND 90X120 ALPINO+V
17797850;8435095462150;PLATO COLORS LISO 100X150 CACAO+V
17797864;8435095450959;PLATO COLORS SAND 90X180 ALPINO+V
17797871;8435095468442;PLATO COLORS SAND 70X70 CALIZA+V
17797885;8435095456876;PLATO COLORS PIZAR 100X150 CRUDO+V
17797892;8435095404389;PLATO COLORS LISO 90X120 NEGRO+V
17797906;8435095422680;PLATO COLORS LISO 100X150 ANT+V
17797913;8435095456753;PLATO COLORS PIZAR 100X120 PIEDRA+V
17797920;8435095452205;PLATO COLORS SAND 100X130 ALPINO+V
17797934;8435095456654;PLATO COLORS PIZAR 100X100 PIEDRA+V
17797941;8435095452083;PLATO COLORS SAND 100X110 ALPINO+V
17797955;8435095445207;PLATO COLORS SAND 70X90 TERRACOT+V
17797962;8435095434195;PLATO COLORS LISO 80X100 BL+V
17797976;8435095445535;PLATO COLORS SAND 70X120 CALIZA+V
17797983;8435095457002;PLATO COLORS PIZAR 100X170 PIEDRA+V
17797990;8435095444958;PLATO COLORS PIZAR 70X80 CRUDO+V
17798004;8435095462242;PLATO COLORS LISO 100X160 PIEDRA+V
17798011;8435095452021;PLATO COLORS SAND 100X100 ALPINO+V
17798025;8435095451017;PLATO COLORS SAND 90X190 ALPINO+V
17798032;8435095402996;PLATO COLORS PIZAR 80X180 ANT+V
17798046;8435095445689;PLATO COLORS SAND 70X140 TERRACOT+V
17798053;8435095456708;PLATO COLORS PIZAR 100X110 PIEDRA+V
17798060;8435095452496;PLATO COLORS SAND 100X170 VULCANO+V
17798074;8435095459211;PLATO COLORS LISO 80X120 CRUDO+V
17798081;8435095462105;PLATO COLORS LISO 100X140 CACAO+V
17798095;8435095452328;PLATO COLORS SAND 100X150 ALPINO+V
17798102;8435095445085;PLATO COLORS SAND 70X80 TERRACOT+V
17798116;8435095422765;PLATO COLORS LISO 100X160 BL+V
17798123;8435095457125;PLATO COLORS PIZARRA 100X200 CRUDO+V
17798130;8435095452625;PLATO COLORS SAND 100X200 ALPINO+V
17798144;8435095411042;PLATO COLORS PIZAR 100X190 ANT+V
17798151;8435095451079;PLATO COLORS SAND 200X90 ALPINO+V
17798165;8435095452267;PLATO COLORS SAND 100X140 ALPINO+V
17798172;8435095456951;PLATO COLORS PIZAR 100X160 PIEDRA+V
17798186;8435095420228;PLATO COLORS LISO 90X130 ANT+V
17798193;8435095456975;PLATO COLORS PIZAR 100X170 CRUDO+V
17798200;8435095456807;PLATO COLORS PIZAR 100X130 PIEDRA+V
17798214;8435095422611;PLATO COLORS LISO 100X140 ANT+V
17798221;8435095459167;PLATO COLORS LISO 80X110 CRUDO+V
17798235;8435095433822;PLATO COLORS PIZAR 70X150 BL+V
17798242;8435095459631;PLATO COLORS LISO 200X80 HORMIG+V
17798256;8435095455329;PLATO COLORS PIZAR 90X100 CACAO+V
17798263;8435095460514;PLATO COLORS LISO 90X100 CRUDO+V
17798270;8435095462358;PLATO COLORS LISO 100X190 CACAO+V
17798284;8435095452441;PLATO COLORS SAND 100X170 ALPINO+V
17798291;8435095448963;PLATO COLORS SAND 80X100 TERRACOT+V
17798305;8435095449557;PLATO COLORS SAND 200X80 CALIZA+V
17798326;8435095439992;PLATO COLORS WOOD 80X190 NOGAL+V
17798333;8435095454094;PLATO COLORS PIZAR 80X110 GRIS PER+V
17798340;8435095438131;PLATO COLORS WOOD 70X160 NOGAL+V
17798354;8435095445443;PLATO COLORS SAND 70X110 TERRACOT+V
17798361;8435095456852;PLATO COLORS PIZAR 100X140 PIEDRA+V
17798375;8435095450928;PLATO COLORS SAND 90X170 TERRACOT+V
17798382;8435095441537;PLATO COLORS WOOD 90X170 CASTANO+V
17798396;8435095420570;PLATO COLORS LISO 90X190 ANT+V
17798403;8435095452502;PLATO COLORS SAND 100X180 ALPINO+V
17798410;8435095445757;PLATO COLORS SAND 70X150 CALIZA+V
17798424;8435095455442;PLATO COLORS PIZAR 90X120 GRIS PER+V
17798431;8435095415330;PLATO COLORS LISO 70X140 BL+V
17798452;8435095457026;PLATO COLORS PIZAR 100X180 CRUDO+V
17798466;8435095402842;PLATO COLORS PIZAR 70X180 ANT+V
17798473;8435095460545;PLATO COLORS LISO 90X100 PIEDRA+V
17798494;8435095413336;PLATO COLORS PIZAR 90X180 ANT+V
17798515;8435095460583;PLATO COLORS LISO 90X110 HORMIG+V
17798536;8435095438193;PLATO COLORS WOOD 70X170 NOGAL+V
17798543;8435095445542;PLATO COLORS SAND 70X120 TERRACOT+V
17798550;8435095455428;PLATO COLORS PIZAR 90X120 CACAO+V
17798564;8435095457071;PLATO COLORS PIZAR 100X190 CRUDO+V
17798585;8435095444996;PLATO COLORS PIZAR 70X90 CACAO+V
17798592;8435095458184;PLATO COLORS LISO 70X190 HORMIG+V
17798606;8435095459464;PLATO COLORS LISO 80X170 CRUDO+V
17798613;8435095449441;PLATO COLORS SAND 80X180 TERRACOT+V
17798620;8435095422659;PLATO COLORS LISO 100X140 NEGRO+V
17798634;8435095411172;PLATO COLORS PIZARRA 100X200 ANT+V
17798641;8435095453202;PLATO COLORS PIZARRA 200X70 CACAO+V
17798655;8435095459341;PLATO COLORS LISO 80X140 PIEDRA+V
17798662;8435095468596;PLATO COLORS LISO 70X70 CACAO+V
17798676;8435095420549;PLATO COLORS LISO 90X180 NEGRO+V
17798683;8435095452748;PLATO COLORS PIZAR 70X110 CACAO+V
17798690;8435095443210;PLATO COLORS WOOD 100X170 CASTANO+V
17798704;8435095452175;PLATO COLORS SAND 100X120 TERRACOT+V
17798711;8435095453233;PLATO COLORS PIZARRA 200X70 HORMIG+V
17798725;8435095449458;PLATO COLORS SAND 80X180 TERRA+V
17798746;8435095460965;PLATO COLORS LISO 90X190 CRUDO+V
17798760;8435095417532;PLATO COLORS LISO 80X80 BL+V
17798774;8435095441599;PLATO COLORS WOOD 90X180 CASTANO+V
17798781;8435095448901;PLATO COLORS SAND 80X90 TERRACOT+V
17798795;8435095403368;PLATO COLORS LISO 70X100 HORMIG+V
17798802;8435095445832;PLATO COLORS SAND 70X160 CALIZA+V
17798823;8435095422628;PLATO COLORS LISO 100X140 BL+V
17798844;8435095468640;PLATO COLORS PIZAR 70X70 CRUDO+V
17798851;8435095452717;PLATO COLORS PIZAR 70X100 GRIS PER+V
17798865;8435095468671;PLATO COLORS PIZAR 70X70 CACAO+V
17798872;8435095455640;PLATO COLORS PIZAR 90X160 GRIS PER+V
17798886;8435095452694;PLATO COLORS PIZAR 70X100 CACAO+V
17798893;8435095454070;PLATO COLORS PIZAR 80X110 CACAO+V
17798900;8435095468602;PLATO COLORS LISO 70X70 HORMIG+V
17798914;8435095462402;PLATO COLORS LISO 100X200 CACAO+V
17798921;8435095444941;PLATO COLORS PIZAR 70X80 CACAO+V
17798935;8435095452960;PLATO COLORS PIZAR 70X150 GRIS PER+V
17798956;8435095449137;PLATO COLORS SAND 80X130 CALIZA+V
17798963;8435095462440;PLATO COLORS LISO 100X200 PIEDRA+V
17798970;8435095403122;PLATO COLORS PIZAR 80X190 ANT+V
17798984;8435095446167;PLATO COLORS SAND 200X70 TERRACOT+V
17798991;8435095422413;PLATO COLORS LISO 100X110 BL+V
17799005;8435095453158;PLATO COLORS PIZAR 70X190 CACAO+V
17799012;8435095412735;PLATO COLORS LISO 70X150 PIEDRA+V
17799026;8435095423038;PLATO COLORS LISO 100X200 ANT+V
17799033;8435095403146;PLATO COLORS LISO 70X90 HORMIG+V
17799040;8435095454186;PLATO COLORS PIZAR 80X130 CRUDO+V
17799054;8435095452892;PLATO COLORS PIZAR 70X140 CACAO+V
17799061;8435095453042;PLATO COLORS PIZAR 70X170 CACAO+V
17799075;8435095452793;PLATO COLORS PIZAR 70X120 CACAO+V
17799082;8435095459006;PLATO COLORS LISO 80X80 CACAO+V
17799096;8435095441711;PLATO COLORS WOOD 90X200 CASTANO+V
17799103;8435095448840;PLATO COLORS SAND 80X80 TERRACOT+V
17799110;8435095459419;PLATO COLORS LISO 80X160 CRUDO+V
17799124;8435095450492;PLATO COLORS SAND 90X100 CALIZA+V
17799131;8435095452847;PLATO COLORS PIZAR 70X130 CACAO+V
17799145;8435095403047;PLATO COLORS LISO 70X80 HORMIG+V
17799152;8435095453097;PLATO COLORS PIZAR 70X180 CACAO+V
17799166;8435095452403;PLATO COLORS SAND 100X160 CALIZA+V
17799173;8435095418171;PLATO COLORS LISO 80X180 NEGRO+V
17799180;8435095422512;PLATO COLORS LISO 100X120 NEGRO+V
17799194;8435095446006;PLATO COLORS SAND 70X180 TERRACOT+V
17799201;8435095452946;PLATO COLORS PIZAR 70X150 CACAO+V
17799215;8435095403719;PLATO COLORS LISO 70X110 HORMIG+V
17799222;8435095460460;PLATO COLORS LISO 90X90 CRUDO+V
17799236;8435095455374;PLATO COLORS PIZAR 90X110 CACAO+V
17799243;8435095449380;PLATO COLORS SAND 80X170 TERRACOT+V
17799250;8435095439916;PLATO COLORS WOOD 80X180 CASTANO+V
17799264;8435095459648;PLATO COLORS LISO 200X80 PIEDRA+V
17799271;8435095452991;PLATO COLORS PIZAR 70X160 CACAO+V
17799285;8435095448833;PLATO COLORS SAND 80X80 CALIZA+V
17799292;8435095449021;PLATO COLORS SAND 80X110 TERRACOT+V
17799306;8435095417815;PLATO COLORS LISO 80X130 BL+V
17799313;8435095454223;PLATO COLORS PIZAR 80X140 CACAO+V
17799320;8435095438254;PLATO COLORS WOOD 70X180 NOGAL+V
17799334;8435095446082;PLATO COLORS SAND 70X190 TERRACOT+V
17799341;8435095404785;PLATO COLORS LISO 70X130 HORMIG+V
17799355;8435095403931;PLATO COLORS LISO 70X120 CACAO+V
17799362;8435095453967;PLATO COLORS PIZAR 80X90 CACAO+V
17799376;8435095454124;PLATO COLORS PIZAR 80X120 CACAO+V
17799383;8435095458139;PLATO COLORS LISO 70X180 HORMIG+V
17799390;8435095452762;PLATO COLORS PIZAR 70X110 GRIS PER+V
17799404;8435095408684;PLATO COLORS PIZARRA 200X80 ANT+V
17799411;8435095449083;PLATO COLORS SAND 80X120 TERRACOT+V
17799425;8435095459518;PLATO COLORS LISO 80X180 BEIGE+VÁLVULA
17799432;8435095417969;PLATO COLORS LISO 80X150 BL+V
17799446;8435095453905;PLATO COLORS PIZAR 80X80 CACAO+V
17799453;8435095404051;PLATO COLORS LISO 70X120 HORMIG+V
17799460;8435095454179;PLATO COLORS PIZAR 80X130 CACAO+V
17799474;8435095452809;PLATO COLORS PIZAR 70X120 CRUDO+V
17799481;8435095417990;PLATO COLORS LISO 80X150 NEGRO+V
17799495;8435095420471;PLATO COLORS LISO 90X170 NEGRO+V
17799502;8435095452915;PLATO COLORS PIZAR 70X140 GRIS PER+V
17799516;8435095454018;PLATO COLORS PIZAR 80X100 CACAO+V
17799523;8435095452823;PLATO COLORS PIZAR 70X120 HORMIG+V
17799530;8435095455572;PLATO COLORS PIZAR 90X150 CACAO+V
17799544;8435095454476;PLATO COLORS PIZAR 80X190 CACAO+V
17799551;8435095454322;PLATO COLORS PIZAR 80X160 CACAO+V
17799565;8435095451109;PLATO COLORS SAND 200X90 TERRACOT+V
17799572;8435095449328;PLATO COLORS SAND 80X160 TERRACOT+V
17799586;8435095444118;PLATO COLORS WOOD 100X200 CASTANO+V
17799593;8435095449076;PLATO COLORS SAND 80X120 CALIZA+V
17799600;8435095402989;PLATO COLORS LISO 70X80 CACAO+V
17799614;8435095439459;PLATO COLORS WOOD 80X100 NOGAL+V
17799621;8435095452816;PLATO COLORS PIZAR 70X120 GRIS PER+V
17799635;8435095407847;PLATO COLORS LISO 70X140 HORMIG+V
17799642;8435095454377;PLATO COLORS PIZAR 80X170 CACAO+V
17799656;8435095405997;PLATO COLORS PIZARRA 200X70 ANT+V
17799663;8435095449199;PLATO COLORS SAND 80X140 CALIZA+V
17799670;8435095420402;PLATO COLORS LISO 90X160 NEGRO+V
17799684;8435095460699;PLATO COLORS LISO 90X130 PIEDRA+V
17799691;8435095437639;PLATO COLORS LISO 70X170 HORMIG+V
17799705;8435095412582;PLATO COLORS LISO 70X150 HORMIG+V
17799712;8435095455275;PLATO COLORS PIZAR 90X90 CACAO+V
17799726;8435095449267;PLATO COLORS SAND 80X150 TERRACOT+V
17799733;8435095418317;PLATO COLORS LISO 200X80 NEGRO+V
17799740;8435095449144;PLATO COLORS SAND 80X130 TERRACOT+V
17799754;8435095454278;PLATO COLORS PIZAR 80X150 CACAO+V
17799761;8435095453059;PLATO COLORS PIZAR 70X170 CRUDO+V
17799775;8435095459617;PLATO COLORS LISO 200X80 CRUDO+V
17799782;8435095454520;PLATO COLORS PIZARRA 200X80 CACAO+V
17799796;8435095454421;PLATO COLORS PIZAR 80X180 CACAO+V
17799803;8435095458146;PLATO COLORS LISO 70X180 PIEDRA+V
17799810;8435095452861;PLATO COLORS PIZAR 70X130 GRIS PER+V
17799824;8435095437585;PLATO COLORS LISO 70X160 HORMIG+V
17799831;8435095403634;PLATO COLORS LISO 70X110 CRUDO+V
17799845;8435095459563;PLATO COLORS LISO 80X190 CRUDO+V
17799852;8435095460910;PLATO COLORS LISO 90X180 CRUDO+V
17799866;8435095460668;PLATO COLORS LISO 90X130 CRUDO+V
17799873;8435095456913;PLATO COLORS PIZAR 100X160 CACAO+V
17799880;8435095450683;PLATO COLORS SAND 90X130 TERRACOT+V
17799894;8435095440035;PLATO COLORS WOOD 80X200 CASTANO+V
17799901;8435095449014;PLATO COLORS SAND 80X110 CALIZA+V
17799915;8435095453189;PLATO COLORS PIZAR 70X190 HORMIG+V
17799922;8435095448895;PLATO COLORS SAND 80X90 CALIZA+V
17799936;8435095449502;PLATO COLORS SAND 80X190 TERRACOT+V
17799943;8435095434201;PLATO COLORS LISO 80X120 BL+V
17799950;8435095455725;PLATO COLORS PIZAR 90X180 CACAO+V
17799964;8435095439756;PLATO COLORS WOOD 80X150 NOGAL+V
17799971;8435095452113;PLATO COLORS SAND 100X110 TERRACOT+V
17799985;8435095459037;PLATO COLORS LISO 80X80 HORMIG+V
17799992;8435095449205;PLATO COLORS SAND 80X140 TERRACOT+V
17800006;8435095455473;PLATO COLORS PIZAR 90X130 CACAO+V
17800013;8435095455626;PLATO COLORS PIZAR 90X160 CACAO+V
17800020;8435095459280;PLATO COLORS LISO 80X130 HORMIG+V
17800034;8435095403627;PLATO COLORS LISO 70X110 CACAO+V
17800041;8435095441254;PLATO COLORS WOOD 90X120 NOGAL+V
17800055;8435095449564;PLATO COLORS SAND 200X80 TERRACOT+V
17800062;8435095422444;PLATO COLORS LISO 100X110 NEGRO+V
17800076;8435095452755;PLATO COLORS PIZAR 70X110 CRUDO+V
17800083;8435095460538;PLATO COLORS LISO 90X100 HORMIG+V
17800090;8435095458238;PLATO COLORS LISO 200X70 HORMIG+V
17800104;8435095455671;PLATO COLORS PIZAR 90X170 CACAO+V
17800111;8435095420365;PLATO COLORS LISO 90X160 ANT+V
17800125;8435095420372;PLATO COLORS LISO 90X160 BL+V
17800132;8435095420617;PLATO COLORS LISO 90X190 NEGRO+V
17800146;8435095453110;PLATO COLORS PIZAR 70X180 GRIS PER+V
17800153;8435095455527;PLATO COLORS PIZAR 90X140 CACAO+V
17800160;8435095453073;PLATO COLORS PIZAR 70X170 HORMIG+V
17800174;8435095456715;PLATO COLORS PIZAR 100X120 CACAO+V
17800181;8435095455824;PLATO COLORS PIZARRA 200X90 CACAO+V
17800195;8435095456869;PLATO COLORS PIZAR 100X150 CACAO+V
17800202;8435095450621;PLATO COLORS SAND 90X120 TERRACOT+V
17800216;8435095441292;PLATO COLORS WOOD 90X130 CASTANO+V
17800223;8435095449311;PLATO COLORS SAND 80X160 CALIZA+V
17800230;8435095450744;PLATO COLORS SAND 90X140 TERRACOT+V
17800244;8435095439398;PLATO COLORS WOOD 80X90 NOGAL+V
17800251;8435095453011;PLATO COLORS PIZAR 70X160 GRIS PER+V
17800265;8435095459082;PLATO COLORS LISO 80X90 HORMIG+V
17800272;8435095456616;PLATO COLORS PIZAR 100X100 CACAO+V
17800286;8435095412124;PLATO COLORS PIZAR 90X130 ANT+V
17800293;8435095454032;PLATO COLORS PIZAR 80X100 GRIS PER+V
17800300;8435095422550;PLATO COLORS LISO 100X130 BL+V
17800314;8435095459594;PLATO COLORS LISO 80X190 PIEDRA+V
17800321;8435095459235;PLATO COLORS LISO 80X120 HORMIG+V
17800335;8435095459136;PLATO COLORS LISO 80X100 HORMIG+V
17800342;8435095456814;PLATO COLORS PIZAR 100X140 CACAO+V
17800356;8435095450560;PLATO COLORS SAND 90X110 TERRACOT+V
17800363;8435095441650;PLATO COLORS WOOD 90X190 CASTANO+V
17800370;8435095450447;PLATO COLORS SAND 90X90 TERRACOT+V
17800384;8435095455770;PLATO COLORS PIZAR 90X190 CACAO+V
17800391;8435095450430;PLATO COLORS SAND 90X90 CALIZA+V
17800405;8435095460613;PLATO COLORS LISO 90X120 CRUDO+V
17800412;8435095456760;PLATO COLORS PIZAR 100X130 CACAO+V
17800426;8435095456661;PLATO COLORS PIZAR 100X110 CACAO+V
17800433;8435095448956;PLATO COLORS SAND 80X100 CALIZA+V
17800440;8435095453066;PLATO COLORS PIZAR 70X170 GRIS PER+V
17800454;8435095459181;PLATO COLORS LISO 80X110 HORMIG+V
17800461;8435095422963;PLATO COLORS LISO 100X190 ANT+V
17800475;8435095460569;PLATO COLORS LISO 90X110 CRUDO+V
17800482;8435095457118;PLATO COLORS PIZARRA 100X200 CACAO+V
17800496;8435095456968;PLATO COLORS PIZAR 100X170 CACAO+V
17800503;8435095445023;PLATO COLORS PIZAR 70X90 HORMIG+V
17800510;8435095450867;PLATO COLORS SAND 90X160 TERRACOT+V
17800524;8435095407618;PLATO COLORS PIZAR 80X80 ANT+V
17800531;8435095449250;PLATO COLORS SAND 80X150 CALIZA+V
17800545;8435095453127;PLATO COLORS PIZAR 70X180 HORMIG+V
17800552;8435095453004;PLATO COLORS PIZAR 70X160 CRUDO+V
17800566;8435095403207;PLATO COLORS LISO 70X100 CACAO+V
17800573;8435095460866;PLATO COLORS LISO 90X170 CRUDO+V
17800580;8435095457019;PLATO COLORS PIZAR 100X180 CACAO+V
17800594;8435095459044;PLATO COLORS LISO 80X80 PIEDRA+V
17800601;8435095452052;PLATO COLORS SAND 100X100 TERRACOT+V
17800615;8435095422482;PLATO COLORS LISO 100X120 BL+V
17800622;8435095450508;PLATO COLORS SAND 90X100 TERRACOT+V
17800636;8435095459433;PLATO COLORS LISO 80X160 HORMIG+V
17800643;8435095459334;PLATO COLORS LISO 80X140 HORMIG+V
17800650;8435095444972;PLATO COLORS PIZAR 70X80 HORMIG+V
17800664;8435095450805;PLATO COLORS SAND 90X150 TERRACOT+V
17800671;8435095420518;PLATO COLORS LISO 90X180 BL+V
17800685;8435095453981;PLATO COLORS PIZAR 80X90 GRIS PER+V
17800692;8435095460484;PLATO COLORS LISO 90X90 HORMIG+V
17800706;8435095452854;PLATO COLORS PIZAR 70X130 CRUDO+V
17800713;8435095460712;PLATO COLORS LISO 90X140 CRUDO+V
17800720;8435095468688;PLATO COLORS PIZAR 70X70 HORMIG+V
17800734;8435095457064;PLATO COLORS PIZAR 100X190 CACAO+V
17800741;8435095417631;PLATO COLORS LISO 80X90 NEGRO+V
17800755;8435095453172;PLATO COLORS PIZAR 70X190 GRIS PER+V
17800762;8435095459389;PLATO COLORS LISO 80X150 HORMIG+V
17800776;8435095422895;PLATO COLORS LISO 100X180 ANT+V
17800783;8435095404587;PLATO COLORS LISO 100X100 NEGRO+V
17800790;8435095439626;PLATO COLORS WOOD 80X130 FRESNO+V
17800804;8435095455503;PLATO COLORS PIZAR 90X130 HORMIG+V
17800811;8435095454049;PLATO COLORS PIZAR 80X100 HORMIG+V
17800825;8435095439732;PLATO COLORS WOOD 80X150 CASTANO+V
17800832;8435095460811;PLATO COLORS LISO 90X160 CRUDO+V
17800846;8435095445467;PLATO COLORS SAND 70X110 TERRA+V
17800853;8435095452045;PLATO COLORS SAND 100X100 CALIZA+V
17800860;8435095441377;PLATO COLORS WOOD 90X140 NOGAL+V
17800874;8435095449373;PLATO COLORS SAND 80X170 CALIZA+V
17800881;8435095403238;PLATO COLORS LISO 70X100 CRUDO+V
17800895;8435095439510;PLATO COLORS WOOD 80X110 NOGAL+V
17800902;8435095450980;PLATO COLORS SAND 90X180 TERRACOT+V
17800916;8435095452779;PLATO COLORS PIZAR 70X110 HORMIG+V
17800923;8435095437608;PLATO COLORS LISO 70X170 CACAO+V
17800930;8435095408196;PLATO COLORS PIZAR 80X130 ANT+V
17800944;8435095454131;PLATO COLORS PIZAR 80X120 CRUDO+V
17800951;8435095459488;PLATO COLORS LISO 80X170 HORMIG+V
17800965;8435095449434;PLATO COLORS SAND 80X180 CALIZA+V
17800972;8435095420686;PLATO COLORS LISO 90X200 NEGRO+V
17800986;8435095452922;PLATO COLORS PIZAR 70X140 HORMIG+V
17800993;8435095452878;PLATO COLORS PIZAR 70X130 HORMIG+V
17801000;8435095453226;PLATO COLORS PIZARRA 200X70 GRIS PER+V
17801014;8435095404525;PLATO COLORS LISO 100X100 ANT+V
17801021;8435095403078;PLATO COLORS LISO 70X90 CACAO+V
17801035;8435095453028;PLATO COLORS PIZAR 70X160 HORMIG+V
17801042;8435095441131;PLATO COLORS WOOD 90X100 NOGAL+V
17801056;8435095452724;PLATO COLORS PIZAR 70X100 HORMIG+V
17801063;8435095459532;PLATO COLORS LISO 80X180 HORMIG+V
17801070;8435095460767;PLATO COLORS LISO 90X150 CRUDO+V
17801084;8435095439572;PLATO COLORS WOOD 80X120 NOGAL+V
17801091;8435095451048;PLATO COLORS SAND 90X190 TERRACOT+V
17801105;8435095452977;PLATO COLORS PIZAR 70X150 HORMIG+V
17801112;8435095453929;PLATO COLORS PIZAR 80X80 GRIS PER+V
17801126;8435095459587;PLATO COLORS LISO 80X190 HORMIG+V
17801133;8435095403283;PLATO COLORS LISO 70X100 GRIS PER+V
17801140;8435095459327;PLATO COLORS LISO 80X140 GRIS PER+V
17801154;8435095441063;PLATO COLORS WOOD 90X90 FRESNO+V
17801161;8435095452533;PLATO COLORS SAND 100X180 TERRACOT+V
17801175;8435095420235;PLATO COLORS LISO 90X130 BL+V
17801182;8435095452908;PLATO COLORS PIZAR 70X140 CRUDO+V
17801196;8435095443005;PLATO COLORS WOOD 100X130 OLMO+V
17801203;8435095459549;PLATO COLORS LISO 80X180 PIEDRA+V
17801210;8435095455596;PLATO COLORS PIZAR 90X150 GRIS PER+V
17801224;8435095402866;PLATO COLORS PIZAR 70X180 BL+V
17801231;8435095456890;PLATO COLORS PIZAR 100X150 HORMIG+V
17801245;8435095439695;PLATO COLORS WOOD 80X140 NOGAL+V
17801252;8435095445634;PLATO COLORS SAND 70X130 TERRA+V
17801266;8435095454155;PLATO COLORS PIZAR 80X120 HORMIG+V
17801273;8435095449397;PLATO COLORS SAND 80X170 TERRA+V
17801280;8435095455305;PLATO COLORS PIZAR 90X90 HORMIG+V
17801294;8435095422901;PLATO COLORS LISO 100X180 BL+V
17801301;8435095462181;PLATO COLORS LISO 100X150 HORMIG+V
17801315;8435095408219;PLATO COLORS LISO 70X150 CACAO+V
17801322;8435095442855;PLATO COLORS WOOD 100X110 CASTANO+V
17801336;8435095452236;PLATO COLORS SAND 100X130 TERRACOT+V
17801343;8435095418201;PLATO COLORS LISO 80X190 ANT+V
17801350;8435095449496;PLATO COLORS SAND 80X190 CALIZA+V
17801364;8435095405669;PLATO COLORS LISO 70X80 BL+V
17801371;8435095410489;PLATO COLORS PIZAR 100X150 BL+V
17801385;8435095422727;PLATO COLORS LISO 100X150 NEGRO+V
17801392;8435095452953;PLATO COLORS PIZAR 70X150 CRUDO+V
17801406;8435095420303;PLATO COLORS LISO 90X150 BL+V
17801413;8435095454100;PLATO COLORS PIZAR 80X110 HORMIG+V
17801420;8435095454193;PLATO COLORS PIZAR 80X130 GRIS PER+V
17801434;8435095460880;PLATO COLORS LISO 90X170 HORMIG+V
17801441;8435095460934;PLATO COLORS LISO 90X180 HORMIG+V
17801455;8435095454452;PLATO COLORS PIZAR 80X180 HORMIG+V
17801462;8435095418157;PLATO COLORS LISO 80X180 BL+V
17801476;8435095462167;PLATO COLORS LISO 100X150 CRUDO+V
17801483;8435095452472;PLATO COLORS SAND 100X170 TERRACOT+V
17801490;8435095435284;PLATO COLORS PIZAR 80X150 ANT+V
17801504;8435095450614;PLATO COLORS SAND 90X120 CALIZA+V
17801511;8435095452595;PLATO COLORS SAND 100X190 TERRACOT+V
17801525;8435095412018;PLATO COLORS PIZAR 90X110 ANT+V
17801532;8435095458207;PLATO COLORS LISO 200X70 CACAO+V
17801546;8435095460835;PLATO COLORS LISO 90X160 HORMIG+V
17801553;8435095435239;PLATO COLORS PIZAR 70X160 ANT+V
17801560;8435095420082;PLATO COLORS LISO 90X100 ANT+V
17801574;8435095454445;PLATO COLORS PIZAR 80X180 GRIS PER+V
17801581;8435095454308;PLATO COLORS PIZAR 80X150 HORMIG+V
17801595;8435095460491;PLATO COLORS LISO 90X90 PIEDRA+V
17801602;8435095454551;PLATO COLORS PIZARRA 200X80 HORMIG+V
17801616;8435095460781;PLATO COLORS LISO 90X150 HORMIG+V
17801623;8435095415392;PLATO COLORS LISO 70X150 ANT+V
17801630;8435095452410;PLATO COLORS SAND 100X160 TERRACOT+V
17801644;8435095442978;PLATO COLORS WOOD 100X130 CASTANO+V
17801651;8435095452298;PLATO COLORS SAND 100X140 TERRACOT+V
17801665;8435095454254;PLATO COLORS PIZAR 80X140 HORMIG+V
17801672;8435095450911;PLATO COLORS SAND 90X170 CALIZA+V
17801686;8435095403399;PLATO COLORS LISO 70X100 PIEDRA+V
17801693;8435095423076;PLATO COLORS LISO 100X200 NEGRO+V
17801700;8435095454209;PLATO COLORS PIZAR 80X130 HORMIG+V
17801714;8435095452342;PLATO COLORS SAND 100X150 CALIZA+V
17801721;8435095454148;PLATO COLORS PIZAR 80X120 GRIS PER+V
17801735;8435095454353;PLATO COLORS PIZAR 80X160 HORMIG+V
17801742;8435095468565;PLATO COLORS LISO 70X70 CRUDO+V
17801756;8435095454506;PLATO COLORS PIZAR 80X190 HORMIG+V
17801763;8435095455558;PLATO COLORS PIZAR 90X140 HORMIG+V
17801770;8435095415682;PLATO COLORS LISO 200X70 BL+V
17801784;8435095454407;PLATO COLORS PIZAR 80X170 HORMIG+V
17801791;8435095468466;PLATO COLORS SAND 70X70 TERRA+V
17801805;8435095443272;PLATO COLORS WOOD 100X180 CASTANO+V
17801812;8435095450553;PLATO COLORS SAND 90X110 CALIZA+V
17801826;8435095460736;PLATO COLORS LISO 90X140 HORMIG+V
17801833;8435095453219;PLATO COLORS PIZARRA 200X70 CRUDO+V
17801840;8435095405379;PLATO COLORS LISO 70X140 CACAO+V
17801854;8435095461030;PLATO COLORS LISO 90X200 HORMIG+V
17801861;8435095456845;PLATO COLORS PIZAR 100X140 HORMIG+V
17801875;8435095439633;PLATO COLORS WOOD 80X130 NOGAL+V
17801882;8435095445559;PLATO COLORS SAND 70X120 TERRA+V
17801896;8435095455404;PLATO COLORS PIZAR 90X110 HORMIG+V
17801903;8435095452359;PLATO COLORS SAND 100X150 TERRACOT+V
17801910;8435095455657;PLATO COLORS PIZAR 90X160 HORMIG+V
17801924;8435095460989;PLATO COLORS LISO 90X190 HORMIG+V
17801931;8435095461962;PLATO COLORS LISO 100X110 CRUDO+V
17801945;8435095452656;PLATO COLORS SAND 100X200 TERRACOT+V
17801952;8435095435321;PLATO COLORS PIZAR 90X120 ANT+V
17801966;8435095454391;PLATO COLORS PIZAR 80X170 GRIS PER+V
17801973;8435095455350;PLATO COLORS PIZAR 90X100 HORMIG+V
17801980;8435095460644;PLATO COLORS LISO 90X120 PIEDRA+V
17801994;8435095462112;PLATO COLORS LISO 100X140 CRUDO+V
17802001;8435095415576;PLATO COLORS LISO 70X180 NEGRO+V
17802015;8435095462136;PLATO COLORS LISO 100X140 HORMIG+V
17802022;8435095417563;PLATO COLORS LISO 80X80 NEGRO+V
17802036;8435095454247;PLATO COLORS PIZAR 80X140 GRIS PER+V
17802043;8435095455459;PLATO COLORS PIZAR 90X120 HORMIG+V
17802050;8435095418119;PLATO COLORS LISO 80X170 NEGRO+V
17802064;8435095455602;PLATO COLORS PIZAR 90X150 HORMIG+V
17802071;8435095439923;PLATO COLORS WOOD 80X180 FRESNO+V
17802085;8435095403108;PLATO COLORS LISOSO 70X90 GRIS PER+V
17802092;8435095461986;PLATO COLORS LISO 100X110 HORMIG+V
17802106;8435095461931;PLATO COLORS LISO 100X100 HORMIG+V
17802113;8435095449038;PLATO COLORS SAND 80X110 TERRA+V
17802120;8435095445108;PLATO COLORS SAND 70X80 TERRA+V
17802134;8435095404655;PLATO COLORS LISO 70X130 CRUDO+V
17802141;8435095450676;PLATO COLORS SAND 90X130 CALIZA+V
17802155;8435095455541;PLATO COLORS PIZAR 90X140 GRIS PER+V
17802162;8435095435369;PLATO COLORS PIZAR 90X170 ANT+V
17802176;8435095445221;PLATO COLORS SAND 70X90 TERRA+V
17802183;8435095414562;PLATO COLORS LISO 70X90 NEGRO+V
17802190;8435095456791;PLATO COLORS PIZAR 100X130 HORMIG+V
17802204;8435095404068;PLATO COLORS LISO 70X120 PIEDRA+V
17802211;8435095452229;PLATO COLORS SAND 100X130 CALIZA+V
17802225;8435095462082;PLATO COLORS LISO 100X130 HORMIG+V
17802232;8435095450737;PLATO COLORS SAND 90X140 CALIZA+V
17802246;8435095455800;PLATO COLORS PIZAR 90X190 HORMIG+V
17802253;8435095456692;PLATO COLORS PIZAR 100X110 HORMIG+V
17802260;8435095455701;PLATO COLORS PIZAR 90X170 HORMIG+V
17802274;8435095454292;PLATO COLORS PIZAR 80X150 GRIS PER+V
17802281;8435095417778;PLATO COLORS LISO 80X110 NEGRO+V
17802295;8435095404075;PLATO COLORS LISO 70X130 CACAO+V
17802302;8435095462068;PLATO COLORS LISO 100X130 CRUDO+V
17802316;8435095450850;PLATO COLORS SAND 90X160 CALIZA+V
17802323;8435095455756;PLATO COLORS PIZAR 90X180 HORMIG+V
17802330;8435095462037;PLATO COLORS LISO 100X120 HORMIG+V
17802344;8435095456746;PLATO COLORS PIZAR 100X120 HORMIG+V
17802351;8435095439817;PLATO COLORS WOOD 80X160 NOGAL+V
17802365;8435095445344;PLATO COLORS SAND 70X100 TERRA+V
17802372;8435095462013;PLATO COLORS LISO 100X120 CRUDO+V
17802386;8435095454346;PLATO COLORS PIZAR 80X160 GRIS PER+V
17802393;8435095455855;PLATO COLORS PIZARRA 200X90 HORMIG+V
17802400;8435095457095;PLATO COLORS PIZAR 100X190 HORMIG+V
17802414;8435095415477;PLATO COLORS LISO 70X170 BL+V
17802421;8435095440042;PLATO COLORS WOOD 80X200 FRESNO+V
17802435;8435095445795;PLATO COLORS SAND 70X150 TERRA+V
17802442;8435095439978;PLATO COLORS WOOD 80X190 CASTANO+V
17802456;8435095453103;PLATO COLORS PIZAR 70X180 CRUDO+V
17802463;8435095456647;PLATO COLORS PIZAR 100X100 HORMIG+V
17802470;8435095420501;PLATO COLORS LISO 90X180 ANT+V
17802484;8435095412742;PLATO COLORS LISO 70X160 CACAO+V
17802491;8435095462280;PLATO COLORS LISO 100X170 HORMIG+V
17802505;8435095438124;PLATO COLORS WOOD 70X160 FRESNO+V
17802512;8435095439930;PLATO COLORS WOOD 80X180 NOGAL+V
17802526;8435095446198;PLATO COLORS SAND 200X70 TERRA+V
17802533;8435095456944;PLATO COLORS PIZAR 100X160 HORMIG+V
17802540;8435095449335;PLATO COLORS SAND 80X160 TERRA+V
17802554;8435095468480;PLATO COLORS WOOD 70X70 FRESNO+V
17802561;8435095462235;PLATO COLORS LISO 100X160 HORMIG+V
17802575;8435095423007;PLATO COLORS LISO 100X190 NEGRO+V
17802582;8435095445719;PLATO COLORS SAND 70X140 TERRA+V
17802596;8435095441193;PLATO COLORS WOOD 90X110 NOGAL+V
17802603;8435095455299;PLATO COLORS PIZAR 90X90 GRIS PER+V
17802610;8435095433860;PLATO COLORS PIZAR 70X170 BL+V
17802624;8435095450799;PLATO COLORS SAND 90X150 CALIZA+V
17802631;8435095462310;PLATO COLORS LISO 100X180 CRUDO+V
17802645;8435095422796;PLATO COLORS LISO 100X160 NEGRO+V
17802652;8435095435116;PLATO COLORS PIZAR 70X80 BL+V
17802666;8435095453165;PLATO COLORS PIZAR 70X190 CRUDO+V
17802673;8435095458153;PLATO COLORS LISO 70X190 CACAO+V
17802680;8435095456999;PLATO COLORS PIZAR 100X170 HORMIG+V
17802694;8435095418058;PLATO COLORS LISO 80X160 NEGRO+V
17802701;8435095457149;PLATO COLORS PIZARRA 100X200 HORMIG+V
17802715;8435095438360;PLATO COLORS WOOD 70X200 FRESNO+V
17802722;8435095462389;PLATO COLORS LISO 100X190 HORMIG+V
17802736;8435095462334;PLATO COLORS LISO 100X180 HORMIG+V
17802743;8435095457040;PLATO COLORS PIZAR 100X180 HORMIG+V
17802750;8435095445870;PLATO COLORS SAND 70X160 TERRA+V
17802764;8435095459105;PLATO COLORS LISO 80X100 CACAO+V
17802771;8435095454087;PLATO COLORS PIZAR 80X110 CRUDO+V
17802785;8435095449212;PLATO COLORS SAND 80X140 TERRA+V
17802792;8435095458245;PLATO COLORS LISO 200X70 PIEDRA+V
17802806;8435095445955;PLATO COLORS SAND 70X170 TERRA+V
17802813;8435095422833;PLATO COLORS LISO 100X170 BL+V
17802820;8435095438063;PLATO COLORS WOOD 70X150 FRESNO+V
17802834;8435095420013;PLATO COLORS LISO 90X90 ANT+V
17802841;8435095446112;PLATO COLORS SAND 70X190 TERRA+V
17802855;8435095468619;PLATO COLORS PIZAR 70X70 BL+V
17802862;8435095450973;PLATO COLORS SAND 90X180 CALIZA+V
17802876;8435095437769;PLATO COLORS WOOD 70X100 FRESNO+V
17802883;8435095437943;PLATO COLORS WOOD 70X130 FRESNO+V
17802890;8435095437530;PLATO COLORS WOOD 70X80 FRESNO+V
17802904;8435095454490;PLATO COLORS PIZAR 80X190 GRIS PER+V
17802911;8435095442916;PLATO COLORS WOOD 100X120 CASTANO+V
17802925;8435095403085;PLATO COLORS LISO 70X90 CRUDO+V
17802932;8435095462266;PLATO COLORS LISO 100X170 CRUDO+V
17802946;8435095451093;PLATO COLORS SAND 200X90 CALIZA+V
17802953;8435095437707;PLATO COLORS WOOD 70X90 FRESNO+V
17802960;8435095462433;PLATO COLORS LISO 100X200 HORMIG+V
17802974;8435095438001;PLATO COLORS WOOD 70X140 FRESNO+V
17802981;8435095452281;PLATO COLORS SAND 100X140 CALIZA+V
17802995;8435095446037;PLATO COLORS SAND 70X180 TERRA+V
17803002;8435095462211;PLATO COLORS LISO 100X160 CRUDO+V
17803016;8435095454544;PLATO COLORS PIZARRA 200X80 GRIS PER+V
17803023;8435095437820;PLATO COLORS WOOD 70X110 FRESNO+V
17803030;8435095435123;PLATO COLORS PIZAR 70X90 BL+V
17803044;8435095403030;PLATO COLORS LISOSO 70X80 GRIS PER+V
17803051;8435095439985;PLATO COLORS WOOD 80X190 FRESNO+V
17803065;8435095455497;PLATO COLORS PIZAR 90X130 GRIS PER+V
17803072;8435095435253;PLATO COLORS PIZAR 80X100 ANT+V
17803086;8435095460590;PLATO COLORS LISO 90X110 PIEDRA+V
17803093;8435095437882;PLATO COLORS WOOD 70X120 FRESNO+V
17803100;8435095420433;PLATO COLORS LISO 90X170 ANT+V
17803114;8435095448857;PLATO COLORS SAND 80X80 TERRA+V
17803121;8435095420167;PLATO COLORS LISO 90X110 BL+V
17803135;8435095439442;PLATO COLORS WOOD 80X100 FRESNO+V
17803142;8435095439879;PLATO COLORS WOOD 80X170 NOGAL+V
17803156;8435095448970;PLATO COLORS SAND 80X100 TERRA+V
17803163;8435095404891;PLATO COLORS PIZAR 70X110 BL+V
17803170;8435095449274;PLATO COLORS SAND 80X150 TERRA+V
17803184;8435095438247;PLATO COLORS WOOD 70X180 FRESNO+V
17803191;8435095439329;PLATO COLORS WOOD 80X80 FRESNO+V
17803205;8435095433846;PLATO COLORS PIZAR 70X160 BL+V
17803212;8435095437653;PLATO COLORS LISO 70X180 CACAO+V
17803226;8435095435338;PLATO COLORS PIZAR 90X140 ANT+V
17803233;8435095403016;PLATO COLORS LISO 70X80 CRUDO+V
17803240;8435095462365;PLATO COLORS LISO 100X190 CRUDO+V
17803254;8435095451031;PLATO COLORS SAND 90X190 CALIZA+V
17803261;8435095438186;PLATO COLORS WOOD 70X170 FRESNO+V
17803275;8435095433365;PLATO COLORS PIZAR 70X100 BL+V
17803282;8435095439381;PLATO COLORS WOOD 80X90 FRESNO+V
17803296;8435095453912;PLATO COLORS PIZAR 80X80 CRUDO+V
17803303;8435095448918;PLATO COLORS SAND 80X90 TERRA+V
17803310;8435095422932;PLATO COLORS LISO 100X180 NEGRO+V
17803324;8435095455343;PLATO COLORS PIZAR 90X100 GRIS PER+V
17803331;8435095438308;PLATO COLORS WOOD 70X190 FRESNO+V
17882382;8435095467186;PLATO COLORS PIZAR 70X140 RAL+V
17882396;8435095467209;PLATO COLORS PIZAR 70X160 RAL+V
17882403;8435095466264;PLATO COLORS LISO 70 X 170 RAL+V
17882410;8435095467971;PLATO COLORS PIZAR 100X150 RAL+V
17882424;8435095467025;PLATO COLORS LISO 100 X 120 RAL+V
17882431;8435095466776;PLATO COLORS LISO 90 X 150 RAL+V
17882445;8435095468022;PLATO COLORS PIZARRA 100X200 RAL+V
17882452;8435095466493;PLATO COLORS LISO 80 X 150 RAL+V
17882466;8435095466820;PLATO COLORS LISO 90 X 200 RAL+V
17882473;8435095466257;PLATO COLORS LISO 70 X 160 RAL+V
17882480;8435095467001;PLATO COLORS LISO 100 X 100 RAL+V
17882494;8435095467995;PLATO COLORS PIZAR 100X170 RAL+V
17882501;8435095467766;PLATO COLORS PIZARRA 200X90 RAL+V
17882515;8435095467124;PLATO COLORS LISO 70 X 70 RAL+V
17882522;8435095467476;PLATO COLORS PIZAR 80X170 RAL+V
17882536;8435095468008;PLATO COLORS PIZAR 100X180 RAL+V
17882543;8435095466196;PLATO COLORS LISO 70 X 100 RAL+V
17882550;8435095468015;PLATO COLORS PIZAR 100X190 RAL+V
17882564;8435095467070;PLATO COLORS LISO 100 X 170 RAL+V
17882571;8435095466523;PLATO COLORS LISO 80 X 180 RAL+V
17882585;8435095467667;PLATO COLORS PIZAR 90X100 RAL+V
17882592;8435095467414;PLATO COLORS PIZAR 80X110 RAL+V
17882606;8435095467469;PLATO COLORS PIZAR 80X160 RAL+V
17882613;8435095466172;PLATO COLORS LISO 70 X 80 RAL+V
17882620;8435095467391;PLATO COLORS PIZAR 80X90 RAL+V
17882634;8435095467087;PLATO COLORS LISO 100 X 180 RAL+V
17882641;8435095467988;PLATO COLORS PIZAR 100X160 RAL+V
17882655;8435095467223;PLATO COLORS PIZAR 70X180 RAL+V
17882662;8435095466745;PLATO COLORS LISO 90 X 120 RAL+V
17882676;8435095467711;PLATO COLORS PIZAR 90X150 RAL+V
17882683;8435095467131;PLATO COLORS PIZAR 70X90 RAL+V
17882690;8435095467957;PLATO COLORS PIZAR 100X130 RAL+V
17882704;8435095466295;PLATO COLORS LISO 70 X 200 RAL+V
17882711;8435095467148;PLATO COLORS PIZAR 70X100 RAL+V
17882725;8435095466509;PLATO COLORS LISO 80 X 160 RAL+V
17882732;8435095468701;PLATO COLORS PIZAR 70X80 RAL+V
17882746;8435095467650;PLATO COLORS PIZAR 90X90 RAL+V
17882753;8435095467506;PLATO COLORS PIZARRA 200X80 RAL+V
17882760;8435095466790;PLATO COLORS LISO 90 X 170 RAL+V
17882774;8435095466738;PLATO COLORS LISO 90 X 110 RAL+V
17882781;8435095467384;PLATO COLORS PIZAR 80X80 RAL+V
17882795;8435095466240;PLATO COLORS LISO 70 X 150 RAL+V
17882802;8435095468220;PLATO COLORS PIZAR 70X70 RAL+V
17882816;8435095467094;PLATO COLORS LISO 100 X 190 RAL+V
17882823;8435095467063;PLATO COLORS LISO 100 X 160 RAL+V
17882830;8435095466486;PLATO COLORS LISO 80 X 140 RAL+V
17882844;8435095466516;PLATO COLORS LISO 80 X 170 RAL+V
17882851;8435095466189;PLATO COLORS LISO 70 X 90 RAL+V
17882865;8435095466219;PLATO COLORS LISO 70 X 120 RAL+V
17882872;8435095466288;PLATO COLORS LISO 70 X 190 RAL+V
17882886;8435095467162;PLATO COLORS PIZAR 70X120 RAL+V
17882893;8435095467674;PLATO COLORS PIZAR 90X110 RAL+V
17882900;8435095466479;PLATO COLORS LISO 80 X 100 RAL+V
17882914;8435095417679;PLATO COLORS LISO 80 X 110 RAL+V
17882921;8435095467216;PLATO COLORS PIZAR 70X170 RAL+V
17882935;8435095467445;PLATO COLORS PIZAR 80X140 RAL+V
17882942;8435095467100;PLATO COLORS LISO 100 X 200 RAL+V
17882956;8435095467155;PLATO COLORS PIZAR 70X110 RAL+V
17882963;8435095466721;PLATO COLORS LISO 90 X 100 RAL+V
17882970;8435095467490;PLATO COLORS PIZAR 80X190 RAL+V
17882984;8435095467704;PLATO COLORS PIZAR 90X140 RAL+V
17882991;8435095466530;PLATO COLORS LISO 80 X 190 RAL+V
17883005;8435095467056;PLATO COLORS LISO 100 X 150 RAL+V
17883012;8435095466202;PLATO COLORS LISO 70 X 110 RAL+V
17883026;8435095466547;PLATO COLORS LISO 80 X 200 RAL+V
17883033;8435095467193;PLATO COLORS PIZAR 70X150 RAL+V
17883040;8435095466714;PLATO COLORS LISO 90 X 90 RAL+V
17883054;8435095467179;PLATO COLORS PIZAR 70X130 RAL+V
17883061;8435095466813;PLATO COLORS LISO 90 X 190 RAL+V
17883075;8435095467964;PLATO COLORS PIZAR 100X140 RAL+V
17883082;8435095466462;PLATO COLORS LISO 80 X 90 RAL+V
17883096;8435095467926;PLATO COLORS PIZAR 100X100 RAL+V
17883103;8435095466226;PLATO COLORS LISO 70 X 130 RAL+V
17883110;8435095466233;PLATO COLORS LISO 70 X 140 RAL+V
17883124;8435095466271;PLATO COLORS LISO 70 X 180 RAL+V
17883131;8435095467698;PLATO COLORS PIZAR 90X130 RAL+V
17883145;8435095466806;PLATO COLORS LISO 90 X 180 RAL+V
17883152;8435095466783;PLATO COLORS LISO 90 X 160 RAL+V
17883166;8435095467049;PLATO COLORS LISO 100 X 140 RAL+V
17883173;8435095467681;PLATO COLORS PIZAR 90X120 RAL+V
17883180;8435095466752;PLATO COLORS LISO 90 X 130 RAL+V
17883194;8435095467438;PLATO COLORS PIZAR 80X130 RAL+V
17883201;8435095467742;PLATO COLORS PIZAR 90X180 RAL+V
17883215;8435095466769;PLATO COLORS LISO 90 X 140 RAL+V
17883222;8435095467940;PLATO COLORS PIZAR 100X120 RAL+V
17883236;8435095467032;PLATO COLORS LISO 100 X 130 RAL+V
17883243;8435095417693;PLATO COLORS LISO 80 X 130 RAL+V
17883250;8435095466455;PLATO COLORS LISO 80 X 80 RAL+V
17883264;8435095467230;PLATO COLORS PIZAR 70X190 RAL+V
17883271;8435095467421;PLATO COLORS PIZAR 80X120 RAL+V
17883285;8435095467735;PLATO COLORS PIZAR 90X170 RAL+V
17883292;8435095467247;PLATO COLORS PIZARRA 200X70 RAL+V
17883306;8435095467018;PLATO COLORS LISO 100 X 110 RAL+V
17883313;8435095417686;PLATO COLORS LISO 80 X 120 RAL+V
17883320;8435095467728;PLATO COLORS PIZAR 90X160 RAL+V
17883334;8435095467407;PLATO COLORS PIZAR 80X100 RAL+V
17883341;8435095467452;PLATO COLORS PIZAR 80X150 RAL+V
17883355;8435095467759;PLATO COLORS PIZAR 90X190 RAL+V
17883362;8435095467483;PLATO COLORS PIZAR 80X180 RAL+V
17883376;8435095467933;PLATO COLORS PIZAR 100X110 RAL+V
19992070;8435095468213;PLATO COLORS PIZARRA 120X200 RAL +V
19992084;8435095468206;PLATO COLORS PIZAR 120X190 RAL +V
19992091;8435095468183;PLATO COLORS PIZAR 120X170 RAL +V
19992105;8435095468190;PLATO COLORS PIZAR 120X180 RAL +V
19992112;8435095468152;PLATO COLORS PIZAR 120X140 RAL +V
19992126;8435095468169;PLATO COLORS PIZAR 120X150 RAL +V
19992133;8435095468138;PLATO COLORS PIZAR 120X120 RAL +V
19992140;8435095468145;PLATO COLORS PIZAR 120X130 RAL +V
19992154;8435095468176;PLATO COLORS PIZAR 120X160 RAL +V
19992161;8435095437172;PLATO COLORS PIZAR 120X140 CREMA +V
19992175;8435095410694;PLATO COLORS PIZAR 100X180 CREMA +V
19992182;8435095420389;PLATO COLORS LISO 90X160 CREMA +V
19992196;8435095415347;PLATO COLORS LISO 70X140 CREMA +V
19992203;8435095457965;PLATO COLORS PIZAR 120X170 PIEDRA +V
19992210;8435095437066;PLATO COLORS PIZAR 120X120 BL +V
19992224;8435095437394;PLATO COLORS PIZAR 120X180 NEGRO +V
19992231;8435095422635;PLATO COLORS LISO 100X140 CREMA +V
19992245;8435095418034;PLATO COLORS LISO 80X160 CREMA +V
19992252;8435095437462;PLATO COLORS PIZARRA 120X200 BL +V
19992273;8435095420105;PLATO COLORS LISO 90X100 CREMA +V
19992280;8435095457835;PLATO COLORS PIZAR 120X150 CRUDO +V
19992294;8435095437240;PLATO COLORS PIZAR 120X150 NEGRO +V
19992301;8435095404631;PLATO COLORS PIZAR 70X100 CREMA +V
19992315;8435095422772;PLATO COLORS LISO 100X160 CREMA +V
19992322;8435095422420;PLATO COLORS LISO 100X110 CREMA +V
19992336;8435095437202;PLATO COLORS PIZAR 120X150 ANT +V
19992343;8435095458047;PLATO COLORS PIZAR 120X190 GRIS PE+V
19992364;8435095437110;PLATO COLORS PIZAR 120X130 BL +V
19992385;8435095437479;PLATO COLORS PIZARRA 120X200 CREMA +V
19992392;8435095403092;PLATO COLORS PIZAR 80X140 CREMA +V
19992406;8435095437318;PLATO COLORS PIZAR 120X170 BL +V
19992413;8435095457996;PLATO COLORS PIZAR 120X180 GRIS PE+V
19992420;8435095404693;PLATO COLORS PIZAR 70X80 CREMA +V
19992434;8435095415552;PLATO COLORS LISO 70X180 CREMA +V
19992455;8435095423052;PLATO COLORS LISO 100X200 CREMA +V
19992462;8435095422567;PLATO COLORS LISO 100X130 CREMA +V
19992476;8435095437226;PLATO COLORS PIZAR 120X150 CREMA +V
19992483;8435095422987;PLATO COLORS LISO 100X190 CREMA +V
19992490;8435095434348;PLATO COLORS LISO 80X100 CREMA +V
19992504;8435095457804;PLATO COLORS PIZAR 120X140 HORMIG +V
19992511;8435095422703;PLATO COLORS LISO 100X150 CREMA +V
19992525;8435095457774;PLATO COLORS PIZAR 120X140 CACAO +V
19992532;8435095411691;PLATO COLORS PIZAR 100X100 CREMA +V
19992546;8435095457880;PLATO COLORS PIZAR 120X160 CRUDO +V
19992553;8435095408509;PLATO COLORS PIZAR 80X180 CREMA +V
19992560;8435095413350;PLATO COLORS PIZAR 90X180 CREMA +V
19992574;8435095458108;PLATO COLORS PIZARRA 120X200 HORMIG +V
19992595;8435095437486;PLATO COLORS PIZARRA 120X200 NEGRO +V
19992602;8435095457897;PLATO COLORS PIZAR 120X160 GRIS PE+V
19992623;8435095406079;PLATO COLORS PIZARRA 200X70 CREMA +V
19992630;8435095420242;PLATO COLORS LISO 90X130 CREMA +V
19992644;8435095437103;PLATO COLORS PIZAR 120X130 ANT +V
19992651;8435095417754;PLATO COLORS LISO 80X110 CREMA +V
19992672;8435095457729;PLATO COLORS PIZAR 120X130 CACAO +V
19992693;8435095422840;PLATO COLORS LISO 100X170 CREMA +V
19992700;8435095468541;PLATO COLORS LISO 70X70 BL +V
19992714;8435095457910;PLATO COLORS PIZAR 120X160 PIEDRA +V
19992735;8435095437158;PLATO COLORS PIZAR 120X140 ANT +V
19992742;8435095404778;PLATO COLORS PIZAR 70X90 CREMA +V
19992756;8435095422918;PLATO COLORS LISO 100X180 CREMA +V
19992763;8435095433792;PLATO COLORS PIZAR 70X170 CREMA +V
19992784;8435095457903;PLATO COLORS PIZAR 120X160 HORMIG +V
19992791;8435095457972;PLATO COLORS PIZAR 120X180 CACAO +V
19992805;8435095405683;PLATO COLORS LISO 70X80 CREMA +V
19992826;8435095457927;PLATO COLORS PIZAR 120X170 CACAO +V
19992833;8435095457958;PLATO COLORS PIZAR 120X170 HORMIG +V
19992861;8435095437257;PLATO COLORS PIZAR 120X160 ANT +V
19992875;8435095458054;PLATO COLORS PIZAR 120X190 HORMIG +V
19992896;8435095414821;PLATO COLORS LISO 70X130 CREMA +V
19992910;8435095457675;PLATO COLORS PIZAR 120X120 CRUDO +V
19992931;8435095403474;PLATO COLORS PIZAR 80X100 CREMA +V
19992966;8435095458023;PLATO COLORS PIZAR 120X190 CACAO +V
19992980;8435095410625;PLATO COLORS PIZAR 100X170 CREMA +V
19993015;8435095458009;PLATO COLORS PIZAR 120X180 HORMIG +V
19993036;8435095437370;PLATO COLORS PIZAR 120X180 CREMA +V
19993064;8435095417976;PLATO COLORS LISO 80X150 CREMA +V
19993085;8435095413282;PLATO COLORS PIZAR 90X170 CREMA +V
19993113;8435095437097;PLATO COLORS PIZAR 120X120 NEGRO +V
19993120;8435095412032;PLATO COLORS PIZAR 90X110 CREMA +V
19993155;8435095437196;PLATO COLORS PIZAR 120X140 NEGRO +V
19993176;8435095437448;PLATO COLORS PIZAR 120X190 NEGRO +V
19993211;8435095457668;PLATO COLORS PIZAR 120X120 CACAO +V
19993225;8435095437349;PLATO COLORS PIZAR 120X170 NEGRO +V
19993232;8435095407908;PLATO COLORS PIZAR 80X110 CREMA +V
19993246;8435095457781;PLATO COLORS PIZAR 120X140 CRUDO +V
19993253;8435095417617;PLATO COLORS LISO 80X90 CREMA +V
19993274;8435095423915;PLATO COLORS PIZAR 70X70 CREMA +V
19993295;8435095437165;PLATO COLORS PIZAR 120X140 BL +V
19993302;8435095457750;PLATO COLORS PIZAR 120X130 NEGRO +V
19993316;8435095457736;PLATO COLORS PIZAR 120X130 CRUDO +V
19993323;8435095434355;PLATO COLORS LISO 80X120 CREMA +V
19993344;8435095405256;PLATO COLORS PIZAR 70X150 CREMA +V
19993351;8435095411103;PLATO COLORS PIZAR 100X190 CREMA +V
19993386;8435095410496;PLATO COLORS PIZAR 100X150 CREMA +V
19993393;8435095457859;PLATO COLORS PIZAR 120X150 HORMIG +V
19993400;8435095412254;PLATO COLORS PIZAR 90X140 CREMA +V
19993414;8435095405102;PLATO COLORS PIZAR 70X130 CREMA +V
19993435;8435095437424;PLATO COLORS PIZAR 120X190 CREMA +V
19993442;8435095437356;PLATO COLORS PIZAR 120X180 ANT +V
19993456;8435095457828;PLATO COLORS PIZAR 120X150 CACAO +V
19993491;8435095458030;PLATO COLORS PIZAR 120X190 CRUDO +V
19993505;8435095437295;PLATO COLORS PIZAR 120X160 NEGRO +V
19993512;8435095437325;PLATO COLORS PIZAR 120X170 CREMA +V
19993526;8435095417907;PLATO COLORS LISO 80X140 CREMA +V
19993533;8435095403863;PLATO COLORS PIZAR 70X120 CREMA +V
19993540;8435095458078;PLATO COLORS PIZARRA 120X200 CACAO +V
19993575;8435095417822;PLATO COLORS LISO 80X130 CREMA +V
19993582;8435095437264;PLATO COLORS PIZAR 120X160 BL +V
19993596;8435095437127;PLATO COLORS PIZAR 120X130 CREMA +V
19993610;8435095414616;PLATO COLORS PIZAR 80X130 CREMA +V
19993624;8435095457934;PLATO COLORS PIZAR 120X170 CRUDO +V
19993631;8435095405393;PLATO COLORS PIZAR 70X160 CREMA +V
19993645;8435095418225;PLATO COLORS LISO 80X190 CREMA +V
19993652;8435095437073;PLATO COLORS PIZAR 120X120 CREMA +V
19993673;8435095423854;PLATO COLORS LISO 70X70 CREMA +V
19993680;8435095457842;PLATO COLORS PIZAR 120X150 GRIS PE+V
19993694;8435095457767;PLATO COLORS PIZAR 120X130 PIEDRA +V
19993701;8435095457811;PLATO COLORS PIZAR 120X140 PIEDRA +V
19993715;8435095404914;PLATO COLORS PIZAR 70X110 CREMA +V
19993722;8435095458016;PLATO COLORS PIZAR 120X180 PIEDRA +V
19993736;8435095404358;PLATO COLORS LISO 90X120 CREMA +V
19993743;8435095457989;PLATO COLORS PIZAR 120X180 CRUDO +V
19993785;8435095437417;PLATO COLORS PIZAR 120X190 BL +V
19993806;8435095457712;PLATO COLORS PIZAR 120X120 PIEDRA +V
19993820;8435095408462;PLATO COLORS PIZAR 80X170 CREMA +V
19993841;8435095408424;PLATO COLORS PIZAR 80X160 CREMA +V
19993855;8435095407625;PLATO COLORS PIZAR 80X80 CREMA +V
19993876;8435095413497;PLATO COLORS PIZARRA 200X90 CREMA +V
19993883;8435095407700;PLATO COLORS PIZAR 80X90 CREMA +V
19993904;8435095458061;PLATO COLORS PIZAR 120X190 PIEDRA +V
19993911;8435095403986;PLATO COLORS PIZAR 70X140 CREMA +V
19993932;8435095437400;PLATO COLORS PIZAR 120X190 ANT +V
19993960;8435095414753;PLATO COLORS LISO 70X120 CREMA +V
19993981;8435095403320;PLATO COLORS PIZAR 80X120 CREMA +V
19993995;8435095457866;PLATO COLORS PIZAR 120X150 PIEDRA +V
19994002;8435095437271;PLATO COLORS PIZAR 120X160 CREMA +V
19994016;8435095403856;PLATO COLORS LISO 80X180 CREMA +V
19994023;8435095457798;PLATO COLORS PIZAR 120X140 GRIS PE+V
19994051;8435095405775;PLATO COLORS PIZAR 70X180 CREMA +V
19994065;8435095458085;PLATO COLORS PIZARRA 120X200 CRUDO +V
19994086;8435095418096;PLATO COLORS LISO 80X170 CREMA +V
19994114;8435095405898;PLATO COLORS PIZAR 70X190 CREMA +V
19994121;8435095408585;PLATO COLORS PIZAR 80X190 CREMA +V
19994142;8435095457743;PLATO COLORS PIZAR 120X130 GRIS PE+V
19994156;8435095413428;PLATO COLORS PIZAR 90X190 CREMA +V
19994163;8435095437455;PLATO COLORS PIZARRA 120X200 ANT +V
19994184;8435095411196;PLATO COLORS PIZARRA 100X200 CREMA +V
19994191;8435095414548;PLATO COLORS LISO 70X90 CREMA +V
19994205;8435095414685;PLATO COLORS LISO 70X110 CREMA +V
19994240;8435095420174;PLATO COLORS LISO 90X110 CREMA +V
19994275;8435095457682;PLATO COLORS PIZAR 120X120 GRIS PE+V
19994324;8435095418294;PLATO COLORS LISO 200X80 CREMA +V
19994331;8435095408349;PLATO COLORS PIZAR 80X150 CREMA +V
19994352;8435095403740;PLATO COLORS PIZARRA 200X80 CREMA +V
19994366;8435095410427;PLATO COLORS PIZAR 90X100 CREMA +V
19994394;8435095457873;PLATO COLORS PIZAR 120X160 CACAO +V
19994415;8435095458115;PLATO COLORS PIZARRA 120X200 PIEDRA +V
19994450;8435095411820;PLATO COLORS PIZAR 100X120 CREMA +V
19994464;8435095410373;PLATO COLORS PIZAR 90X90 CREMA +V
19994492;8435095415620;PLATO COLORS LISO 70X190 CREMA +V
19994506;8435095422499;PLATO COLORS LISO 100X120 CREMA +V
19994562;8435095420457;PLATO COLORS LISO 90X170 CREMA +V
19994590;8435095457941;PLATO COLORS PIZAR 120X170 GRIS PE+V
19994646;8435095404549;PLATO COLORS LISO 100X100 CREMA +V
19994660;8435095403184;PLATO COLORS LISO 70X100 CREMA +V
19994674;8435095412759;PLATO COLORS PIZAR 90X160 CREMA +V
19994681;8435095437301;PLATO COLORS PIZAR 120X170 ANT +V
19994716;8435095437141;PLATO COLORS PIZAR 120X130 HORMIG +V
19994751;8435095420037;PLATO COLORS LISO 90X90 CREMA +V
19994786;8435095412148;PLATO COLORS PIZAR 90X130 CREMA +V
19994793;8435095412087;PLATO COLORS PIZAR 90X120 CREMA +V
19994800;8435095420310;PLATO COLORS LISO 90X150 CREMA +V
19994835;8435095412629;PLATO COLORS PIZAR 90X150 CREMA +V
19994856;8435095420662;PLATO COLORS LISO 90X200 CREMA +V
19994863;8435095458092;PLATO COLORS PIZARRA 120X200 GRIS PE+V
19994891;8435095415415;PLATO COLORS LISO 70X150 CREMA +V
19994912;8435095415699;PLATO COLORS LISO 200X70 CREMA +V
19994926;8435095457699;PLATO COLORS PIZAR 120X120 HORMIG +V
19994954;8435095411967;PLATO COLORS PIZAR 100X140 CREMA +V
19994982;8435095411899;PLATO COLORS PIZAR 100X130 CREMA +V
19995052;8435095437059;PLATO COLORS PIZAR 120X120 ANT +V
19995122;8435095411769;PLATO COLORS PIZAR 100X110 CREMA +V
19995206;8435095437219;PLATO COLORS PIZAR 120X150 BL +V
19995213;8435095404136;PLATO COLORS LISO 70X160 CREMA +V
19995276;8435095415484;PLATO COLORS LISO 70X170 CREMA +V
19995290;8435095404440;PLATO COLORS LISO 90X140 CREMA +V
19995304;8435095410564;PLATO COLORS PIZAR 100X160 CREMA +V
19995451;8435095417549;PLATO COLORS LISO 80X80 CREMA +V
19995472;8435095437363;PLATO COLORS PIZAR 120X180 BL +V
19995486;8435095420594;PLATO COLORS LISO 90X190 CREMA +V
19995612;8435095420525;PLATO COLORS LISO 90X180 CREMA +V
81888228;8435095487436;VALVULA D90 PLATO COLORS CON 3 TORNILLOS
82169027;8433670009905;PLATO COLORS 70X12 RAL EXPO EN ALTURA
82210124;8433670009899;CARTEL MINIPLATOS EXPO PLATOS COLORS
82254774;8436580790963;PLATO COLOR SURFACE BLANCO 9010 120X90
18349744;8436561990580;PLATO STEP 170X70 GRIS PERLA
18349765;8436561990115;PLATO STEP 150X80 BLANCO
18349786;8436561990429;PLATO STEP 120X70 BEIGE
18349793;8436561990344;PLATO STEP 130X80 BEIGE
18349800;8436561991266;PLATO STEP 120X70 NEGRO
18349814;8436561990221;PLATO STEP 180X90 BEIGE
18349821;8436561990399;PLATO STEP 150X70 BEIGE
18349835;8436561990108;PLATO STEP 160X80 BLANCO
18349842;8436561990405;PLATO STEP 140X70 BEIGE
18349870;8436561990016;PLATO STEP 180X90 BLANCO
18349884;8436561990740;PLATO STEP 150X80 GRIS PIZARRA
18349905;8436561990047;PLATO STEP 150X90 BLANCO
18349933;8436561990252;PLATO STEP 150X90 BEIGE
18349940;8436561990795;PLATO STEP 170X70 GRIS PIZARRA
18349954;8436561990689;PLATO STEP 140X90 GRIS PIZARRA
18349961;8436561990733;PLATO STEP 160X80 GRIS PIZARRA
18349975;8436561990023;PLATO STEP 170X90 BLANCO
18349982;8436561990665;PLATO STEP 160X90 GRIS PIZARRA
18349996;8436561990481;PLATO STEP 130X90 GRIS PERLA
18350010;8436561990627;PLATO STEP 130X70 GRIS PERLA
18350024;8436561990313;PLATO STEP 160X80 BEIGE
18350031;8436561990849;PLATO STEP 120X70 GRIS PIZARRA
18350045;8436561990535;PLATO STEP 150X80 GRIS PERLA
18350066;8436561990146;PLATO STEP 120X80 BLANCO
18350073;8436561990511;PLATO STEP 170X80 GRIS PERLA
18350080;8436561990528;PLATO STEP 160X80 GRIS PERLA
18350101;8436561990788;PLATO STEP 180X70 GRIS PIZARRA
18350115;8436561990771;PLATO STEP 120X80 GRIS PIZARRA
18350122;8436561990368;PLATO STEP 180X70 BEIGE
18350136;8436561990474;PLATO STEP 140X90 GRIS PERLA
18350143;8436561990658;PLATO STEP 170X90 GRIS PIZARRA
18350150;8436561990092;PLATO STEP 170X80 BLANCO
18350171;8436561990306;PLATO STEP 170X80 BEIGE
18350185;8436561990467;PLATO STEP 150X90 GRIS PERLA
18350192;8436561990214;PLATO STEP 120X70 BLANCO
18350213;8436561990030;PLATO STEP 160X90 BLANCO
18350234;8436561990238;PLATO STEP 170X90 BEIGE
18350255;8436561990801;PLATO STEP 160X70 GRIS PIZARRA
18350262;8436561990177;PLATO STEP 160X70 BLANCO
18350276;8436561990184;PLATO STEP 150X70 BLANCO
18350283;8436561990498;PLATO STEP 120X90 GRIS PERLA
18350290;8436561990719;PLATO STEP 180X80 GRIS PIZARRA
18350304;8436561990061;PLATO STEP 130X90 BLANCO
18350325;8436561990245;PLATO STEP 160X90 BEIGE
18350332;8436561990764;PLATO STEP 130X80 GRIS PIZARRA
18350346;8436561990832;PLATO STEP 130X70 GRIS PIZARRA
18350360;8436561990450;PLATO STEP 160X90 GRIS PERLA
18350395;8436561990559;PLATO STEP 130X80 GRIS PERLA
18350402;8436561990566;PLATO STEP 120X80 GRIS PERLA
18350416;8436561990504;PLATO STEP 180X80 GRIS PERLA
18350423;8436561990382;PLATO STEP 160X70 BEIGE
18350444;8436561990160;PLATO STEP 170X70 BLANCO
18350465;8436561990078;PLATO STEP 120X90 BLANCO
18350472;8436561990085;PLATO STEP 180X80 BLANCO
18350493;8436561991051;PLATO STEP 120X70 MARRON
18350500;8436561990375;PLATO STEP 170X70 BEIGE
18350514;8436561990825;PLATO STEP 140X70 GRIS PIZARRA
18350535;8436561990351;PLATO STEP 120X80 BEIGE
18350556;8436561990139;PLATO STEP 130X80 BLANCO
18350570;8436561990443;PLATO STEP 170X90 GRIS PERLA
18350584;8436561990320;PLATO STEP 150X80 BEIGE
18350591;8436561990818;PLATO STEP 150X70 GRIS PIZARRA
18350605;8436561990290;PLATO STEP 180X80 BEIGE
18350612;8436561990702;PLATO STEP 120X90 GRIS PIZARRA
18350626;8436561990054;PLATO STEP 140X90 BLANCO
18350640;8436561990269;PLATO STEP 140X90 BEIGE
18350654;8436561990337;PLATO STEP 140X80 BEIGE
18350696;8436561990610;PLATO STEP 140X70 GRIS PERLA
18350703;8436561990597;PLATO STEP 160X70 GRIS PERLA
18350710;8436561990122;PLATO STEP 140X80 BLANCO
18350724;8436561990542;PLATO STEP 140X80 GRIS PERLA
18350731;8436561990207;PLATO STEP 130X70 BLANCO
18350745;8436561990634;PLATO STEP 120X70 GRIS PERLA
18350752;8436561990153;PLATO STEP 180X70 BLANCO
18350773;8436561990696;PLATO STEP 130X90 GRIS PIZARRA
18350780;8436561990436;PLATO STEP 180X90 GRIS PERLA
18350794;8436561990603;PLATO STEP 150X70 GRIS PERLA
18350815;8436561990641;PLATO STEP 180X90 GRIS PIZARRA
18350843;8436561990412;PLATO STEP 130X70 BEIGE
18350864;8436561990276;PLATO STEP 130X90 BEIGE
18350871;8436561990283;PLATO STEP 120X90 BEIGE
18350885;8436561990191;PLATO STEP 140X70 BLANCO
18350892;8436561990672;PLATO STEP 150X90 GRIS PIZARRA
18350920;8436561990726;PLATO STEP 170X80 GRIS PIZARRA
18350934;8436561990573;PLATO STEP 180X70 GRIS PERLA
18350962;8436561990757;PLATO STEP 140X80 GRIS PIZARRA
18768204;8436561991563;PLATO STEP 180X90 COLOR RAL
18768295;8436561991648;PLATO STEP 170X90 COLOR RAL
18768323;8436561991655;PLATO STEP 160X90 COLOR RAL
18768344;8436561991662;PLATO STEP 150X90 COLOR RAL
18768372;8436561991679;PLATO STEP 140X90 COLOR RAL
18768393;8436561991686;PLATO STEP 130X90 COLOR RAL
18768414;8436561991693;PLATO STEP 120X90 COLOR RAL
18768421;8436561991570;PLATO STEP 180X80 COLOR RAL
18768442;8436561991754;PLATO STEP 170X80 COLOR RAL
18768456;8436561991761;PLATO STEP 160X80 COLOR RAL
18768463;8436561991778;PLATO STEP 150X80 COLOR RAL
18768484;8436561991785;PLATO STEP 140X80 COLOR RAL
18768491;8436561991792;PLATO STEP 130X80 COLOR RAL
18768512;8436561991815;PLATO STEP 120X80 COLOR RAL
18768526;8436561991822;PLATO STEP 180X70 COLOR RAL
18768554;8436561991839;PLATO STEP 170X70 COLOR RAL
18768582;8436561991846;PLATO STEP 160X70 COLOR RAL
18768603;8436561991853;PLATO STEP 150X70 COLOR RAL
18768624;8436561991860;PLATO STEP 140X70 COLOR RAL
18768631;8436561991877;PLATO STEP 130X70 COLOR RAL
18768666;8436561991884;PLATO STEP 120X70 COLOR RAL
18933194;8436561992461;PLATO STEP 170X70 G.PERLA V.CENTRAL
18933222;8436561992423;PLATO STEP 140X80 G.PERLA V.CENTRAL
18933236;8436561992416;PLATO STEP 150X80 G.PERLA V.CENTRAL
18933243;8436561992720;PLATO STEP 130X70 G.PIZARRA V.CENTRAL
18933250;8436561993376;PLATO STEP 120X70 C. RAL V.CENTRAL
18933264;8436561993277;PLATO STEP 150X80 C. RAL V.CENTRAL
18933285;8436561993192;PLATO STEP 160X90 C. RAL V.CENTRAL
18933292;8436561992263;PLATO STEP 160X70 BEIGE V.CENTRAL
18933320;8436561992669;PLATO STEP 120X80 G.PIZARRA V.CENTRAL
18933334;8436561992577;PLATO STEP 130X90 G.PIZARRA V.CENTRAL
18933341;8436561992430;PLATO STEP 130X80 G.PERLA V.CENTRAL
18933355;8436561993321;PLATO STEP 170X70 C. RAL V.CENTRAL
18933362;8436561992010;PLATO STEP 130X80 BLANCO V.CENTRAL
18933376;8436561992164;PLATO STEP 120X90 BEIGE V.CENTRAL
18933390;8436561992713;PLATO STEP 140X70 G.PIZARRA V.CENTRAL
18933404;8436561992515;PLATO STEP 120X70 G.PERLA V.CENTRAL
18933411;8436561992690;PLATO STEP 160X70 G.PIZARRA V.CENTRAL
18933432;8436561992546;PLATO STEP 160X90 G.PIZARRA V.CENTRAL
18933460;8436561992485;PLATO STEP 150X70 G.PERLA V.CENTRAL
18933474;8436561992553;PLATO STEP 150X90 G.PIZARRA V.CENTRAL
18933481;8436561992270;PLATO STEP 150X70 BEIGE V.CENTRAL
18933495;8436561992454;PLATO STEP 180X70 G.PERLA V.CENTRAL
18933502;8436561991976;PLATO STEP 170X80 BLANCO V.CENTRAL
18933516;8436561992003;PLATO STEP 140X80 BLANCO V.CENTRAL
18933523;8436561992478;PLATO STEP 160X70 G.PERLA V.CENTRAL
18933530;8436561992157;PLATO STEP 130X90 BEIGE V.CENTRAL
18933565;8436561993307;PLATO STEP 120X80 C. RAL V.CENTRAL
18933572;8436561993338;PLATO STEP 160X70 C. RAL V.CENTRAL
18933593;8436561992539;PLATO STEP 170X90 G.PIZARRA V.CENTRAL
18933600;8436561992089;PLATO STEP 130X70 BLANCO V.CENTRAL
18933621;8436561992348;PLATO STEP 150X90 G.PERLA V.CENTRAL
18933635;8436561992706;PLATO STEP 150X70 G.PIZARRA V.CENTRAL
18933656;8436561992324;PLATO STEP 170X90 G.PERLA V.CENTRAL
18933663;8436561991983;PLATO STEP 160X80 BLANCO V.CENTRAL
18933670;8436561993345;PLATO STEP 150X70 C. RAL V.CENTRAL
18933684;8436561992294;PLATO STEP 130X70 BEIGE V.CENTRAL
18933691;8436561993260;PLATO STEP 160X80 C. RAL V.CENTRAL
18933705;8436561991969;PLATO STEP 180X80 BLANCO V.CENTRAL
18933712;8436561992027;PLATO STEP 120X80 BLANCO V.CENTRAL
18933740;8436561992249;PLATO STEP 180X70 BEIGE V.CENTRAL
18933754;8436561993352;PLATO STEP 140X70 C. RAL V.CENTRAL
18933761;8436561993246;PLATO STEP 180X80 C. RAL V.CENTRAL
18933782;8436561992256;PLATO STEP 170X70 BEIGE V.CENTRAL
18933796;8436561992041;PLATO STEP 170X70 BLANCO V.CENTRAL
18933803;8436561992300;PLATO STEP 120X70 BEIGE V.CENTRAL
18933810;8436561992072;PLATO STEP 140X70 BLANCO V.CENTRAL
18933824;8436561992201;PLATO STEP 150X80 BEIGE V.CENTRAL
18933831;8436561991921;PLATO STEP 150X90 BLANCO V.CENTRAL
18933852;8436561992591;PLATO STEP 180X80 G.PIZARRA V.CENTRAL
18933866;8436561992317;PLATO STEP 180X90 G.PERLA V.CENTRAL
18933873;8436561992508;PLATO STEP 130X70 G.PERLA V.CENTRAL
18933894;8436561992584;PLATO STEP 120X90 G.PIZARRA V.CENTRAL
18933901;8436561991891;PLATO STEP 180X90 BLANCO V.CENTRAL
18933915;8436561993314;PLATO STEP 180X70 C. RAL V.CENTRAL
18933936;8436561993291;PLATO STEP 130X80 C. RAL V.CENTRAL
18933950;8436561992133;PLATO STEP 150X90 BEIGE V.CENTRAL
18933971;8436561993185;PLATO STEP 170X90 C. RAL V.CENTRAL
18933985;8436561992652;PLATO STEP 130X80 G.PIZARRA V.CENTRAL
18933992;8436561991907;PLATO STEP 170X90 BLANCO V.CENTRAL
18934006;8436561992218;PLATO STEP 140X80 BEIGE V.CENTRAL
18934013;8436561992362;PLATO STEP 130X90 G.PERLA V.CENTRAL
18934041;8436561992188;PLATO STEP 170X80 BEIGE V.CENTRAL
18934062;8436561992614;PLATO STEP 170X80 G.PIZARRA V.CENTRAL
18934076;8436561993369;PLATO STEP 130X70 C. RAL V.CENTRAL
18934083;8436561993239;PLATO STEP 120X90 C. RAL V.CENTRAL
18934090;8436561992331;PLATO STEP 160X90 G.PERLA V.CENTRAL
18934104;8436561993178;PLATO STEP 180X90 C. RAL V.CENTRAL
18934111;8436561992621;PLATO STEP 160X80 G.PIZARRA V.CENTRAL
18934146;8436561992058;PLATO STEP 160X70 BLANCO V.CENTRAL
18934153;8436561992645;PLATO STEP 140X80 G.PIZARRA V.CENTRAL
18934160;8436561992355;PLATO STEP 140X90 G.PERLA V.CENTRAL
18934174;8436561992102;PLATO STEP 180X90 BEIGE V.CENTRAL
18934181;8436561991990;PLATO STEP 150X80 BLANCO V.CENTRAL
18934195;8436561992126;PLATO STEP 160X90 BEIGE V.CENTRAL
18934216;8436561992225;PLATO STEP 130X80 BEIGE V.CENTRAL
18934230;8436561992034;PLATO STEP 180X70 BLANCO V.CENTRAL
18934251;8436561992522;PLATO STEP 180X90 G.PIZARRA V.CENTRAL
18934286;8436561992409;PLATO STEP 160X80 G.PERLA V.CENTRAL
18934293;8436561991952;PLATO STEP 120X90 BLANCO V.CENTRAL
18934300;8436561992638;PLATO STEP 150X80 G.PIZARRA V.CENTRAL
18934314;8436561992379;PLATO STEP 120X90 G.PERLA V.CENTRAL
18934321;8436561992232;PLATO STEP 120X80 BEIGE V.CENTRAL
18934335;8436561991945;PLATO STEP 130X90 BLANCO V.CENTRAL
18934342;8436561992492;PLATO STEP 140X70 G.PERLA V.CENTRAL
18934356;8436561992942;PLATO STEP 120X70 MARRON V.CENTRAL
18934370;8436561992683;PLATO STEP 170X70 G.PIZARRA V.CENTRAL
18934384;8436561993215;PLATO STEP 140X90 C. RAL V.CENTRAL
18934391;8436561993253;PLATO STEP 170X80 C. RAL V.CENTRAL
18934412;8436561992195;PLATO STEP 160X80 BEIGE V.CENTRAL
18934426;8436561992065;PLATO STEP 150X70 BLANCO V.CENTRAL
18934433;8436561992386;PLATO STEP 180X80 G.PERLA V.CENTRAL
18934440;8436561992119;PLATO STEP 170X90 BEIGE V.CENTRAL
18934454;8436561993208;PLATO STEP 150X90 C. RAL V.CENTRAL
18934461;8436561992737;PLATO STEP 120X70 G.PIZARRA V.CENTRAL
18934496;8436561992393;PLATO STEP 170X80 G.PERLA V.CENTRAL
18934503;8436561992140;PLATO STEP 140X90 BEIGE V.CENTRAL
18934524;8436561992676;PLATO STEP 180X70 G.PIZARRA V.CENTRAL
18934531;8436561992560;PLATO STEP 140X90 G.PIZARRA V.CENTRAL
18934545;8436561992287;PLATO STEP 140X70 BEIGE V.CENTRAL
18934566;8436561993284;PLATO STEP 140X80 C. RAL V.CENTRAL
18934594;8436561992447;PLATO STEP 120X80 G.PERLA V.CENTRAL
18934601;8436561993222;PLATO STEP 130X90 C. RAL V.CENTRAL
18934615;8436561992096;PLATO STEP 120X70 BLANCO V.CENTRAL
18934622;8436561992171;PLATO STEP 180X80 BEIGE V.CENTRAL
18934636;8436561991914;PLATO STEP 160X90 BLANCO V.CENTRAL
18934643;8436561991938;PLATO STEP 140X90 BLANCO V.CENTRAL
19406086;8436561993383;PANEL STEP FRONTAL 70X70X1 BLANCO 9010E
19406093;8436561993390;PANEL STEP FRONTAL 140X70X1 BLANCO 9010E
19406100;8436561993406;PANEL STEP FRONTAL 180X70X1 BLANCO 9010E
19406121;8436561993420;PANEL STEP FRONTAL 70X70X1 BEIGE 1019
19406135;8436561993437;PANEL STEP FRONTAL 140X70X1 BEIGE 1019
19406142;8436561993444;PANEL STEP FRONTAL 180X70X1 BEIGE 1019
19406184;8436561993468;PANEL STEP FR 70X70X1 GRIS PERLA 7047
19406303;8436561993475;PANEL STEP FR 140X70X1 GRIS PERLA 7047
19406324;8436561993482;PANEL STEP FR 180X70X1 GRIS PERLA 7047
19406345;8436561993505;PANEL STEP FR 70X70X1 GRIS PIZARRA 7015
19406373;8436561993512;PANEL STEP FR 140X70X1 GRIS PIZARRA 7015
19406394;8436561993529;PANEL STEP FR 180X70X1 GRIS PIZARRA 7015
19406464;8436561993628;PANEL STEP FR 70X70X1 RAL
19406485;8436561993635;PANEL STEP FR 140X70X1 RAL
19406492;8436561993642;PANEL STEP FR 180X70X1 RAL
82077748;8436561991341;REJILLA PLATO STEP 132X132
82077749;8436561991358;REJILLA STEP BEIGE RAL 1019 132X132
82077750;8436561991365;REJILLA STEP BLANCO RAL 9010 132X132
82077751;8436561991372;REJILLA STEP G. PERLA RAL 7047 132X132
82077752;8436561991389;REJILLA STEP G. PIZARRA RAL 7015 132X132
82077753;8436561991396;REJILLA STEP NEGRO RAL 9005 132X132
82285444;8436580791991;EXPOSITOR MINIPLATOS STEP
82285445;8436580792004;EXPOSITOR MINIPLATOS STEP (PORTUGUES)
81908830;8435410534869;PANEL PIETRA 200X70X2 CM 2 PIEZAS BL
81908831;8435410534876;PANEL PIETRA 200X70X2 CM 2 PIEZA PIZ NG
81908832;8435410534883;PANEL PIETRA 200X70X2 CM 2 PIEZAS NG
81908833;8435410534890;PANEL PIETRA 200X70X2 CM 2 PIEZAS CHOC
81908834;8435410534906;PANEL PIETRA 200X70X2 CM 2 PIEZAS GRIS
81908835;8435410534913;PANEL PIETRA 200X70X2 CM 2 PIEZAS CREMA
81908836;8435410534920;PANEL PIETRA 200X70X2 CM 2 PIEZAS CALAC
81908837;8435410534937;PANEL PIETRA 200X70X2 CM 2 PIEZA VERON
81908838;8435410534944;PANEL PIETRA 200X70X2 CM 2 PIEZA GRIS P
81908839;8435410534951;PANEL PIETRA 200X70X2 CM 2 PIEZA COFFEE
81908840;8435410534968;PANEL PIETRA 200X70X2 CM 2 PIEZA PORTOR
81908841;8435410534753;PANEL PIETRA A MEDIDA PVP/M2 BLANCO
81908842;8435410534760;PANEL PIETRA A MEDIDA PVP/M2 PIZARRA NG
81908843;8435410534777;PANEL PIETRA A MEDIDA PVP/M2 NEGRO
81908844;8435410534784;PANEL PIETRA A MEDIDA PVP/M2 CHOCOLATE
81908845;8435410534791;PANEL PIETRA A MEDIDA PVP/M2 GRIS
81908846;8435410534807;PANEL PIETRA A MEDIDA PVP/M2 CREMA
81908847;8435410534814;PANEL PIETRA A MEDIDA PVP/M2 CALACATTA
81908848;8435410534821;PANEL PIETRA A MEDIDA PVP/M2 VERONA
81908849;8435410534838;PANEL PIETRA A MEDIDA PVP/M2 GRIS POLAR
81908850;8435410534845;PANEL PIETRA A MEDIDA PVP/M2 COFFEE
81908851;8435410534852;PANEL PIETRA A MEDIDA PVP/M2 PORTORO
81926072;8435410534357;PLATO PIETRA 100X70 BLANCO V/CENTRAL
81926073;8435410534364;PLATO PIETRA 120X70 BLANCO V/CENTRAL
81926074;8435410534371;PLATO PIETRA 140X70 BLANCO V/CENTRAL
81926075;8435410534388;PLATO PIETRA 160X70 BLANCO V/CENTRAL
81926076;8435410534395;PLATO PIETRA 100X70 NEGRO V/CENTRAL
81926077;8435410534401;PLATO PIETRA 120X70 NEGRO V/CENTRAL
81926078;8435410534418;PLATO PIETRA 140X70 NEGRO V/CENTRAL
81926079;8435410534425;PLATO PIETRA 160X70 NEGRO V/CENTRAL
81926080;8435410534432;PLATO PIETRA 100X70 CHOCO V/CENTRAL
81926081;8435410534449;PLATO PIETRA 120X70 CHOCO V/CENTRAL
81926082;8435410534456;PLATO PIETRA 140X70 CHOCO V/CENTRAL
81926083;8435410534463;PLATO PIETRA 160X70 CHOCO V/CENTRAL
81926084;8435410534470;PLATO PIETRA 100X70 GRIS V/CENTRAL
81926085;8435410534487;PLATO PIETRA 120X70 GRIS V/CENTRAL
81926086;8435410534494;PLATO PIETRA 140X70 GRIS V/CENTRAL
81926087;8435410534500;PLATO PIETRA 160X70 GRIS V/CENTRAL
81926088;8435410534517;PLATO PIETRA 100X70 CREMA V/CENTRAL
81926089;8435410534524;PLATO PIETRA 120X70 CREMA V/CENTRAL
81926090;8435410534531;PLATO PIETRA 140X70 CREMA V/CENTRAL
81926091;8435410534548;PLATO PIETRA 160X70 CREMA V/CENTRAL
81926092;8435410534555;PLATO PIETRA 100X70 CALACAT V/CENTRAL
81926093;8435410534562;PLATO PIETRA 120X70 CALACAT V/CENTRAL
81926094;8435410534579;PLATO PIETRA 140X70 CALACAT V/CENTRAL
81926095;8435410534586;PLATO PIETRA 160X70 CALACAT V/CENTRAL
81926096;8435410534593;PLATO PIETRA 100X70 VERONA V/CENTRAL
81926097;8435410534609;PLATO PIETRA 120X70 VERONA V/CENTRAL
81926098;8435410534616;PLATO PIETRA 140X70 VERONA V/CENTRAL
81926099;8435410534623;PLATO PIETRA 160X70 VERONA V/CENTRAL
81926100;8435410534630;PLATO PIETRA 100X70 GRIS V/CENTRAL
81926101;8435410534647;PLATO PIETRA 120X70 GRIS V/CENTRAL
81926102;8435410534654;PLATO PIETRA 140X70 GRIS V/CENTRAL
81926103;8435410534661;PLATO PIETRA 160X70 GRIS V/CENTRAL
81926104;8435410534678;PLATO PIETRA 100X70 COFFEE V/CENTRAL
81926105;8435410534685;PLATO PIETRA 120X70 COFFEE V/CENTRAL
81926106;8435410534692;PLATO PIETRA 140X70 COFFEE V/CENTRAL
81926107;8435410534708;PLATO PIETRA 160X70 COFFEE V/CENTRAL
81926108;8435410534715;PLATO PIETRA 100X70 PORTORO V/CENTRAL
81926109;8435410534722;PLATO PIETRA 120X70 PORTORO V/CENTRAL
81926110;8435410534739;PLATO PIETRA 140X70 PORTORO V/CENTRAL
81926111;8435410534746;PLATO PIETRA 160X70 PORTORO V/CENTRAL
82271966;8435410540471;PLATO PIETRA 100X70 BLANCO V/DESPLAZ
82271967;8435410540488;PLATO PIETRA 120X70 BLANCO V/DESPLAZ
82271968;8435410540495;PLATO PIETRA 140X70 BLANCO V/DESPLAZ
82271969;8435410540501;PLATO PIETRA 160X70 BLANCO V/DESPLAZ
82271970;8435410540518;PLATO PIETRA 100X70 NEGRO V/DESPLAZ
82271971;8435410540525;PLATO PIETRA 120X70 NEGRO V/DESPLAZ
82271972;8435410540532;PLATO PIETRA 140X70 NEGRO V/DESPLAZ
82271973;8435410540549;PLATO PIETRA 160X70 NEGRO V/DESPLAZ
82271974;8435410540556;PLATO PIETRA 100X70 CHOCO V/DESPLAZ
82271975;8435410540563;PLATO PIETRA 120X70 CHOCO V/DESPLAZ
82271976;8435410540570;PLATO PIETRA 140X70 CHOCO V/DESPLAZ
82271977;8435410540587;PLATO PIETRA 160X70 CHOCO V/DESPLAZ
82271978;8435410540594;PLATO PIETRA 100X70 GRIS V/DESPLAZ
82271979;8435410540600;PLATO PIETRA 120X70 GRIS V/DESPLAZ
82271980;8435410540617;PLATO PIETRA 140X70 GRIS V/DESPLAZ
82271981;8435410540624;PLATO PIETRA 160X70 GRIS V/DESPLAZ
82271982;8435410540631;PLATO PIETRA 100X70 CREMA V/DESPLAZ
82271983;8435410540648;PLATO PIETRA 120X70 CREMA V/DESPLAZ
82271984;8435410540655;PLATO PIETRA 140X70 CREMA V/DESPLAZ
82271985;8435410540662;PLATO PIETRA 160X70 CREMA V/DESPLAZ
82271986;8435410540679;PLATO PIETRA 100X70 CALACAT V/DESPLAZ
82271987;8435410540686;PLATO PIETRA 120X70 CALACAT V/DESPLAZ
82271988;8435410540693;PLATO PIETRA 140X70 CALACAT V/DESPLAZ
82271989;8435410540709;PLATO PIETRA 160X70 CALACAT V/DESPLAZ
82271990;8435410540716;PLATO PIETRA 100X70 VERONA V/DESPLAZ
82271991;8435410540723;PLATO PIETRA 120X70 VERONA V/DESPLAZ
82271992;8435410540730;PLATO PIETRA 140X70 VERONA V/DESPLAZ
82271993;8435410540747;PLATO PIETRA 160X70 VERONA V/DESPLAZ
82271994;8435410540754;PLATO PIETRA 100X70 GRIS P V/DESPLAZ
82271995;8435410540761;PLATO PIETRA 120X70 GRIS P V/DESPLAZ
82271996;8435410540778;PLATO PIETRA 140X70 GRIS P V/DESPLAZ
82271997;8435410540785;PLATO PIETRA 160X70 GRIS P V/DESPLAZ
82271998;8435410540792;PLATO PIETRA 100X70 COFFEE V/DESPLAZ
82271999;8435410540808;PLATO PIETRA 120X70 COFFEE V/DESPLAZ
82272000;8435410540815;PLATO PIETRA 140X70 COFFEE V/DESPLAZ
82272001;8435410540822;PLATO PIETRA 160X70 COFFEE V/DESPLAZ
82272002;8435410540839;PLATO PIETRA 100X70 PORTORO V/DESPLAZ
82272003;8435410540846;PLATO PIETRA 120X70 PORTORO V/DESPLAZ
82272004;8435410540853;PLATO PIETRA 140X70 PORTORO V/DESPLAZ
82272005;8435410540860;PLATO PIETRA 160X70 PORTORO V/DESPLAZ
82272006;8435410540877;PLATO PIETRA 100X80 BLANCO V/CENTRAL
82272007;8435410540884;PLATO PIETRA 120X80 BLANCO V/CENTRAL
82272008;8435410540891;PLATO PIETRA 140X80 BLANCO V/CENTRAL
82272009;8435410540907;PLATO PIETRA 160X80 BLANCO V/CENTRAL
82272010;8435410540914;PLATO PIETRA 100X80 NEGRO V/CENTRAL
82272011;8435410540921;PLATO PIETRA 120X80 NEGRO V/CENTRAL
82272012;8435410540938;PLATO PIETRA 140X80 NEGRO V/CENTRAL
82272013;8435410540945;PLATO PIETRA 160X80 NEGRO V/CENTRAL
82272014;8435410540952;PLATO PIETRA 100X80 CHOCO V/CENTRAL
82272015;8435410540969;PLATO PIETRA 120X80 CHOCO V/CENTRAL
82272016;8435410540976;PLATO PIETRA 140X80 CHOCO V/CENTRAL
82272017;8435410540983;PLATO PIETRA 160X80 CHOCO V/CENTRAL
82272018;8435410540990;PLATO PIETRA 100X80 GRIS V/CENTRAL
82272019;8435410541003;PLATO PIETRA 120X80 GRIS V/CENTRAL
82272020;8435410541010;PLATO PIETRA 140X80 GRIS V/CENTRAL
82272021;8435410541027;PLATO PIETRA 160X80 GRIS V/CENTRAL
82272022;8435410541034;PLATO PIETRA 100X80 CREMA V/CENTRAL
82272023;8435410541041;PLATO PIETRA 120X80 CREMA V/CENTRAL
82272024;8435410541058;PLATO PIETRA 140X80 CREMA V/CENTRAL
82272025;8435410541065;PLATO PIETRA 160X80 CREMA V/CENTRAL
82272026;8435410541072;PLATO PIETRA 100X80 CALACAT V/CENTRAL
82272027;8435410541089;PLATO PIETRA 120X80 CALACAT V/CENTRAL
82272028;8435410541096;PLATO PIETRA 140X80 CALACAT V/CENTRAL
82272029;8435410541102;PLATO PIETRA 160X80 CALACAT V/CENTRAL
82272030;8435410541119;PLATO PIETRA 100X80 VERONA V/CENTRAL
82272031;8435410541126;PLATO PIETRA 120X80 VERONA V/CENTRAL
82272032;8435410541133;PLATO PIETRA 140X80 VERONA V/CENTRAL
82272033;8435410541140;PLATO PIETRA 160X80 VERONA V/CENTRAL
82272034;8435410541157;PLATO PIETRA 100X80 GRIS P V/CENTRAL
82272035;8435410541164;PLATO PIETRA 120X80 GRIS P V/CENTRAL
82272036;8435410541171;PLATO PIETRA 140X80 GRIS P V/CENTRAL
82272037;8435410541188;PLATO PIETRA 160X80 GRIS P V/CENTRAL
82272038;8435410541195;PLATO PIETRA 100X80 COFFEE V/CENTRAL
82272039;8435410541201;PLATO PIETRA 120X80 COFFEE V/CENTRAL
82272040;8435410541218;PLATO PIETRA 140X80 COFFEE V/CENTRAL
82272041;8435410541225;PLATO PIETRA 160X80 COFFEE V/CENTRAL
82272042;8435410541232;PLATO PIETRA 100X80 PORTORO V/CENTRAL
82272043;8435410541249;PLATO PIETRA 120X80 PORTORO V/CENTRAL
82272044;8435410541256;PLATO PIETRA 140X80 PORTORO V/CENTRAL
82272045;8435410541263;PLATO PIETRA 160X80 PORTORO V/CENTRAL
82272046;8435410541270;PLATO PIETRA 100X80 BLANCO V/DESPLAZ
82272047;8435410541287;PLATO PIETRA 120X80 BLANCO V/DESPLAZ
82272048;8435410541294;PLATO PIETRA 140X80 BLANCO V/DESPLAZ
82272049;8435410541300;PLATO PIETRA 160X80 BLANCO V/DESPLAZ
82272050;8435410541317;PLATO PIETRA 100X80 NEGRO V/DESPLAZ
82272051;8435410541324;PLATO PIETRA 120X80 NEGRO V/DESPLAZ
82272052;8435410541331;PLATO PIETRA 140X80 NEGRO V/DESPLAZ
82272053;8435410541348;PLATO PIETRA 160X80 NEGRO V/DESPLAZ
82272054;8435410541355;PLATO PIETRA 100X80 CHOCO V/DESPLAZ
82272055;8435410541362;PLATO PIETRA 120X80 CHOCO V/DESPLAZ
82272056;8435410541379;PLATO PIETRA 140X80 CHOCO V/DESPLAZ
82272057;8435410541386;PLATO PIETRA 160X80 CHOCO V/DESPLAZ
82272058;8435410541393;PLATO PIETRA 100X80 GRIS V/DESPLAZ
82272059;8435410541409;PLATO PIETRA 120X80 GRIS V/DESPLAZ
82272060;8435410541416;PLATO PIETRA 140X80 GRIS V/DESPLAZ
82272061;8435410541423;PLATO PIETRA 160X80 GRIS V/DESPLAZ
82272062;8435410541430;PLATO PIETRA 100X80 CREMA V/DESPLAZ
82272063;8435410541447;PLATO PIETRA 120X80 CREMA V/DESPLAZ
82272064;8435410541454;PLATO PIETRA 140X80 CREMA V/DESPLAZ
82272065;8435410541461;PLATO PIETRA 160X80 CREMA V/DESPLAZ
82272066;8435410541478;PLATO PIETRA 100X80 CALACAT V/DESPLAZ
82272067;8435410541485;PLATO PIETRA 120X80 CALACAT V/DESPLAZ
82272068;8435410541492;PLATO PIETRA 140X80 CALACAT V/DESPLAZ
82272069;8435410541508;PLATO PIETRA 160X80 CALACAT V/DESPLAZ
82272070;8435410541515;PLATO PIETRA 100X80 VERONA V/DESPLAZ
82272071;8435410541522;PLATO PIETRA 120X80 VERONA V/DESPLAZ
82272072;8435410541539;PLATO PIETRA 140X80 VERONA V/DESPLAZ
82272073;8435410541546;PLATO PIETRA 160X80 VERONA V/DESPLAZ
82272074;8435410541553;PLATO PIETRA 100X80 GRIS P V/DESPLAZ
82272075;8435410541560;PLATO PIETRA 120X80 GRIS P V/DESPLAZ
82272076;8435410541577;PLATO PIETRA 140X80 GRIS P V/DESPLAZ
82272077;8435410541584;PLATO PIETRA 160X80 GRIS P V/DESPLAZ
82272078;8435410541591;PLATO PIETRA 100X80 COFFEE V/DESPLAZ
82272079;8435410541607;PLATO PIETRA 120X80 COFFEE V/DESPLAZ
82272080;8435410541614;PLATO PIETRA 140X80 COFFEE V/DESPLAZ
82272081;8435410541621;PLATO PIETRA 160X80 COFFEE V/DESPLAZ
82272082;8435410541638;PLATO PIETRA 100X80 PORTORO V/DESPLAZ
82272083;8435410541645;PLATO PIETRA 120X80 PORTORO V/DESPLAZ
82272084;8435410541652;PLATO PIETRA 140X80 PORTORO V/DESPLAZ
82272085;8435410541669;PLATO PIETRA 160X80 PORTORO V/DESPLAZ
82548646;8435410557769;PLATO PIETRA 170X70 BLANCO V/DESPLAZADA
82548647;8435410557776;PLATO PIETRA 170X70 NEGRO V/DESPLAZADA
82548648;8435410557783;PLATO PIETRA 170X70 CHOCOLATE V/DESPLAZ
82548649;8435410557790;PLATO PIETRA 170X70 GRIS V/DESPLAZADA
82548650;8435410557806;PLATO PIETRA 170X70 CREMA V/DESPLAZADA
82548651;8435410557820;PLATO PIETRA 170X70 VERONA V/DESPLAZADA
82548652;8435410557837;PLATO PIETRA 170X70 GRIS POLAR V/DESPLAZ
82548653;8435410557844;PLATO PIETRA 170X70 COFFEE V/DESPLAZADA
82548654;8435410557851;PLATO PIETRA 170X70 PORTORO V/DESPLAZADA
82548655;8435410557868;PLATO PIETRA 170X70 NEGRO MARQ V/DESPLAZ
82548656;8435410557875;PLATO PIETRA 180X70 BLANCO V/DESPLAZADA
82548657;8435410557882;PLATO PIETRA 180X70 NEGRO V/DESPLAZADA
82548658;8435410557899;PLATO PIETRA 180X70 CHOCOLATE V/DESPLAZ
82548659;8435410557905;PLATO PIETRA 180X70 GRIS V/DESPLAZADA
82548660;8435410557912;PLATO PIETRA 180X70 CREMA V/DESPLAZADA
82548661;8435410557929;PLATO PIETRA 180X70 CALACATTA V/DESPLAZ
82548662;8435410557936;PLATO PIETRA 180X70 VERONA V/DESPLAZADA
82548663;8435410557943;PLATO PIETRA 180X70 GRIS POLAR V/DESPLAZ
82548664;8435410557950;PLATO PIETRA 180X70 COFFEE V/DESPLAZADA
82548665;8435410557967;PLATO PIETRA 180X70 PORTORO V/DESPLAZ
82548666;8435410557974;PLATO PIETRA 180X70 NEGRO MARQ V/DESPLAZ
82548669;8435410557813;PLATO PIETRA 170X70 CALACATTA V
82259459;8414623361967;PLATO TEMBO 120X70 CEMENTO BL RESINA
82259460;8414623361981;PLATO TEMBO 120X70 CEMENTO TOPO RESINA
82259461;8414623361998;PLATO TEMBO 120X70 CEMENTO DRAK RESINA
82259462;8414623362001;PLATO TEMBO 120X70 CEMENTO GRIS RESINA
82259463;8414623362018;PLATO TEMBO 120X70 PIZARRA BL RESINA
82259464;8414623362025;PLATO TEMBO 120X70 PIZARRA TOPO RESINA
82259465;8414623362032;PLATO TEMBO 120X70 PIZARRA DRAK RESINA
82259466;8414623362049;PLATO TEMBO 120X70 PIZARRA GRIS RESINA
82259467;8414623362056;PLATO TEMBO 140X70 CEMENTO BL RESINA
82259468;8414623362063;PLATO TEMBO 140X70 CEMENTO TOPO RESINA
82259469;8414623362070;PLATO TEMBO 140X70 CEMENTO DRAK RESINA
82259470;8414623362087;PLATO TEMBO 140X70 CEMENTO GRIS RESINA
82259471;8414623362094;PLATO TEMBO 140X70 PIZARRA BL RESINA
82259472;8414623362100;PLATO TEMBO 140X70 PIZARRA TOPO RESINA
82259473;8414623362117;PLATO TEMBO 140X70 PIZARRA DRAK RESINA
82259474;8414623362124;PLATO TEMBO 140X70 PIZARRA GRIS RESINA
82259475;8414623362131;PLATO TEMBO 160X70 CEMENTO BL RESINA
82259476;8414623362148;PLATO TEMBO 160X70 CEMENTO TOPO RESINA
82259477;8414623362155;PLATO TEMBO 160X70 CEMENTO DRAK RESINA
82259478;8414623362162;PLATO TEMBO 160X70 CEMENTO GRIS RESINA
82259479;8414623362179;PLATO TEMBO 160X70 PIZARRA BL RESINA
82259480;8414623362186;PLATO TEMBO 160X70 PIZARRA TOPO RESINA
82259481;8414623362193;PLATO TEMBO 160X70 PIZARRA DRAK RESINA
82259482;8414623362209;PLATO TEMBO 160X70 PIZARRA GRIS RESINA
82259483;8414623362216;PLATO TEMBO 180X70 CEMENTO BL RESINA
82259484;8414623362223;PLATO TEMBO 180X70 CEMENTO TOPO RESINA
82259485;8414623362247;PLATO TEMBO 180X70 CEMENTO DRAK RESINA
82259486;8414623362261;PLATO TEMBO 180X70 CEMENTO GRIS RESINA
82259487;8414623362278;PLATO TEMBO 180X70 PIZARRA BL RESINA
82259488;8414623362285;PLATO TEMBO 180X70 PIZARRA TOPO RESINA
82259489;8414623362292;PLATO TEMBO 180X70 PIZARRA DRAK RESINA
82259490;8414623362308;PLATO TEMBO 180X70 PIZARRA GRIS RESINA
81907569;8434033523892;PLATO COSMOS 80X80 BLANCO
81907570;8434033523816;PLATO COSMOS 80X80 CEMENTO
81907571;8434033523670;PLATO COSMOS 80X80 BEIGE
81907572;8434033523946;PLATO COSMOS 80X80 GRAFITO
81907573;8434033523861;PLATO COSMOS 80X80 MOKA
81907574;8434033523649;PLATO COSMOS 80X80 ANTRACITA
81907575;8434033524745;PLATO COSMOS 80X70 BLANCO
81907576;8434033524844;PLATO COSMOS 80X70 CEMENTO
81907577;8434033523922;PLATO COSMOS 80X70 BEIGE
81907578;8434033523847;PLATO COSMOS 80X70 GRAFITO
81907579;8434033523854;PLATO COSMOS 80X70 MOKA
81907580;8434033523571;PLATO COSMOS 80X70 ANTRACITA
81907581;8434033523908;PLATO COSMOS 80X90 BLANCO
81907582;8434033523915;PLATO COSMOS 80X100 BLANCO
81907583;8434033476587;PLATO COSMOS 100X70 BLANCO
81907584;8434033522932;PLATO COSMOS 100X75 BLANCO
81907585;8434033476594;PLATO COSMOS 100X80 BLANCO
81907586;8434033522949;PLATO COSMOS 100X85 BLANCO
81907587;8434033522956;PLATO COSMOS 100X90 BLANCO
81907588;8434033476600;PLATO COSMOS 100X100 BLANCO
81907589;8434033522963;PLATO COSMOS 120X70 BLANCO
81907590;8434033522970;PLATO COSMOS 120X75 BLANCO
81907591;8434033476617;PLATO COSMOS 120X80 BLANCO
81907592;8434033522987;PLATO COSMOS 120X85 BLANCO
81907593;8434033476624;PLATO COSMOS 120X90 BLANCO
81907594;8434033522994;PLATO COSMOS 120X100 BLANCO
81907595;8434033523007;PLATO COSMOS 140X70 BLANCO
81907596;8434033523014;PLATO COSMOS 140X75 BLANCO
81907597;8434033476631;PLATO COSMOS 140X80 BLANCO
81907598;8434033523021;PLATO COSMOS 140X85 BLANCO
81907599;8434033476648;PLATO COSMOS 140X90 BLANCO
81907600;8434033523038;PLATO COSMOS 140X100 BLANCO
81907601;8434033523106;PLATO COSMOS 160X70 BLANCO
81907602;8434033523113;PLATO COSMOS 160X75 BLANCO
81907603;8434033476655;PLATO COSMOS 160X80 BLANCO
81907604;8434033523120;PLATO COSMOS 160X85 BLANCO
81907605;8434033476662;PLATO COSMOS 160X90 BLANCO
81907606;8434033523137;PLATO COSMOS 160X100 BLANCO
81907607;8434033523144;PLATO COSMOS 180X70 BLANCO
81907608;8434033523151;PLATO COSMOS 180X75 BLANCO
81907609;8434033523168;PLATO COSMOS 180X80 BLANCO
81907610;8434033523175;PLATO COSMOS 180X85 BLANCO
81907611;8434033523182;PLATO COSMOS 180X90 BLANCO
81907612;8434033523199;PLATO COSMOS 180X100 BLANCO
81907613;8434033523205;PLATO COSMOS 210X70 BLANCO
81907614;8434033523212;PLATO COSMOS 210X75 BLANCO
81907615;8434033523229;PLATO COSMOS 210X80 BLANCO
81907616;8434033523236;PLATO COSMOS 210X85 BLANCO
81907617;8434033523243;PLATO COSMOS 210X90 BLANCO
81907618;8434033523250;PLATO COSMOS 210X100 BLANCO
81907619;8434033523823;PLATO COSMOS 80X90 CEMENTO
81907620;8434033523830;PLATO COSMOS 80X100 CEMENTO
81907621;8434033476686;PLATO COSMOS 100X70 CEMENTO
81907622;8434033523700;PLATO COSMOS 100X75 CEMENTO
81907623;8434033476693;PLATO COSMOS 100X80 CEMENTO
81907624;8434033523724;PLATO COSMOS 100X85 CEMENTO
81907625;8434033523731;PLATO COSMOS 100X90 CEMENTO
81907626;8434033476709;PLATO COSMOS 100X100 CEMENTO
81907627;8434033515552;PLATO COSMOS 120X70 CEMENTO
81907628;8434033523533;PLATO COSMOS 120X75 CEMENTO
81907629;8434033476716;PLATO COSMOS 120X80 CEMENTO
81907630;8434033523540;PLATO COSMOS 120X85 CEMENTO
81907631;8434033476723;PLATO COSMOS 120X90 CEMENTO
81907632;8434033523557;PLATO COSMOS 120X100 CEMENTO
81907633;8434033523489;PLATO COSMOS 140X70 CEMENTO
81907634;8434033523496;PLATO COSMOS 140X75 CEMENTO
81907635;8434033476730;PLATO COSMOS 140X80 CEMENTO
81907636;8434033523502;PLATO COSMOS 140X85 CEMENTO
81907637;8434033476747;PLATO COSMOS 140X90 CEMENTO
81907638;8434033523519;PLATO COSMOS 140X100 CEMENTO
81907639;8434033523380;PLATO COSMOS 160X70 CEMENTO
81907640;8434033523397;PLATO COSMOS 160X75 CEMENTO
81907641;8434033476754;PLATO COSMOS 160X80 CEMENTO
81907642;8434033523403;PLATO COSMOS 160X85 CEMENTO
81907643;8434033476761;PLATO COSMOS 160X90 CEMENTO
81907644;8434033523410;PLATO COSMOS 160X100 CEMENTO
81907645;8434033523328;PLATO COSMOS 180X70 CEMENTO
81907646;8434033523335;PLATO COSMOS 180X75 CEMENTO
81907647;8434033523342;PLATO COSMOS 180X80 CEMENTO
81907648;8434033523359;PLATO COSMOS 180X85 CEMENTO
81907649;8434033523366;PLATO COSMOS 180X90 CEMENTO
81907650;8434033523373;PLATO COSMOS 180X100 CEMENTO
81907651;8434033523267;PLATO COSMOS 210X70 CEMENTO
81907652;8434033523274;PLATO COSMOS 210X75 CEMENTO
81907653;8434033523281;PLATO COSMOS 210X80 CEMENTO
81907654;8434033523298;PLATO COSMOS 210X85 CEMENTO
81907655;8434033523304;PLATO COSMOS 210X90 CEMENTO
81907656;8434033523311;PLATO COSMOS 210X100 CEMENTO
81907657;8434033523687;PLATO COSMOS 80X90 BEIGE
81907658;8434033523694;PLATO COSMOS 80X100 BEIGE
81907659;8434033522819;PLATO COSMOS 100X70 BEIGE
81907660;8434033522826;PLATO COSMOS 100X75 BEIGE
81907661;8434033522833;PLATO COSMOS 100X80 BEIGE
81907662;8434033522840;PLATO COSMOS 100X85 BEIGE
81907663;8434033522857;PLATO COSMOS 100X90 BEIGE
81907664;8434033522864;PLATO COSMOS 100X100 BEIGE
81907665;8434033522758;PLATO COSMOS 120X70 BEIGE
81907666;8434033522765;PLATO COSMOS 120X75 BEIGE
81907667;8434033522772;PLATO COSMOS 120X80 BEIGE
81907668;8434033522789;PLATO COSMOS 120X85 BEIGE
81907669;8434033522796;PLATO COSMOS 120X90 BEIGE
81907670;8434033522802;PLATO COSMOS 120X100 BEIGE
81907671;8434033522697;PLATO COSMOS 140X70 BEIGE
81907672;8434033522703;PLATO COSMOS 140X75 BEIGE
81907673;8434033522710;PLATO COSMOS 140X80 BEIGE
81907674;8434033522727;PLATO COSMOS 140X85 BEIGE
81907675;8434033522734;PLATO COSMOS 140X90 BEIGE
81907676;8434033522741;PLATO COSMOS 140X100 BEIGE
81907677;8434033522574;PLATO COSMOS 160X70 BEIGE
81907678;8434033522581;PLATO COSMOS 160X75 BEIGE
81907679;8434033522598;PLATO COSMOS 160X80 BEIGE
81907680;8434033522604;PLATO COSMOS 160X85 BEIGE
81907681;8434033522611;PLATO COSMOS 160X90 BEIGE
81907682;8434033522628;PLATO COSMOS 160X100 BEIGE
81907683;8434033522529;PLATO COSMOS 180X70 BEIGE
81907684;8434033522536;PLATO COSMOS 180X75 BEIGE
81907685;8434033522543;PLATO COSMOS 180X80 BEIGE
81907686;8434033523755;PLATO COSMOS 180X85 BEIGE
81907687;8434033522550;PLATO COSMOS 180X90 BEIGE
81907688;8434033522567;PLATO COSMOS 180X100 BEIGE
81907689;8434033522468;PLATO COSMOS 210X70 BEIGE
81907690;8434033522475;PLATO COSMOS 210X75 BEIGE
81907691;8434033522482;PLATO COSMOS 210X80 BEIGE
81907692;8434033522499;PLATO COSMOS 210X85 BEIGE
81907693;8434033522505;PLATO COSMOS 210X90 BEIGE
81907694;8434033522512;PLATO COSMOS 210X100 BEIGE
81907695;8434033523953;PLATO COSMOS 80X90 GRAFITO
81907696;8434033523885;PLATO COSMOS 80X100 GRAFITO
81907697;8434033476457;PLATO COSMOS 100X70 GRAFITO
81907698;8434033524707;PLATO COSMOS 100X75 GRAFITO
81907699;8434033476464;PLATO COSMOS 100X80 GRAFITO
81907700;8434033524714;PLATO COSMOS 100X85 GRAFITO
81907701;8434033524455;PLATO COSMOS 100X90 GRAFITO
81907702;8434033476891;PLATO COSMOS 100X100 GRAFITO
81907703;8434033524462;PLATO COSMOS 120X70 GRAFITO
81907704;8434033524479;PLATO COSMOS 120X75 GRAFITO
81907705;8434033476471;PLATO COSMOS 120X80 GRAFITO
81907706;8434033524486;PLATO COSMOS 120X85 GRAFITO
81907707;8434033476488;PLATO COSMOS 120X90 GRAFITO
81907708;8434033524493;PLATO COSMOS 120X100 GRAFITO
81907709;8434033524509;PLATO COSMOS 140X70 GRAFITO
81907710;8434033524516;PLATO COSMOS 140X75 GRAFITO
81907711;8434033476495;PLATO COSMOS 140X80 GRAFITO
81907712;8434033524523;PLATO COSMOS 140X85 GRAFITO
81907713;8434033476501;PLATO COSMOS 140X90 GRAFITO
81907714;8434033524530;PLATO COSMOS 140X100 GRAFITO
81907715;8434033524547;PLATO COSMOS 160X70 GRAFITO
81907716;8434033524554;PLATO COSMOS 160X75 GRAFITO
81907717;8434033476518;PLATO COSMOS 160X80 GRAFITO
81907718;8434033524561;PLATO COSMOS 160X85 GRAFITO
81907719;8434033476525;PLATO COSMOS 160X90 GRAFITO
81907720;8434033524578;PLATO COSMOS 160X100 GRAFITO
81907721;8434033524585;PLATO COSMOS 180X70 GRAFITO
81907722;8434033524592;PLATO COSMOS 180X75 GRAFITO
81907723;8434033524608;PLATO COSMOS 180X80 GRAFITO
81907724;8434033524615;PLATO COSMOS 180X85 GRAFITO
81907725;8434033524622;PLATO COSMOS 180X90 GRAFITO
81907726;8434033524639;PLATO COSMOS 180X100 GRAFITO
81907727;8434033524646;PLATO COSMOS 210X70 GRAFITO
81907728;8434033524653;PLATO COSMOS 210X75 GRAFITO
81907729;8434033524660;PLATO COSMOS 210X80 GRAFITO
81907730;8434033524677;PLATO COSMOS 210X85 GRAFITO
81907731;8434033524684;PLATO COSMOS 210X90 GRAFITO
81907732;8434033524691;PLATO COSMOS 210X100 GRAFITO
81907733;8434033523878;PLATO COSMOS 80X90 MOKA
81907734;8434033523960;PLATO COSMOS 80X100 MOKA
81907735;8434033524011;PLATO COSMOS 100X70 MOKA
81907736;8434033524028;PLATO COSMOS 100X75 MOKA
81907737;8434033524035;PLATO COSMOS 100X80 MOKA
81907738;8434033524042;PLATO COSMOS 100X85 MOKA
81907739;8434033524059;PLATO COSMOS 100X90 MOKA
81907740;8434033524066;PLATO COSMOS 100X100 MOKA
81907741;8434033524073;PLATO COSMOS 120X70 MOKA
81907742;8434033524080;PLATO COSMOS 120X75 MOKA
81907743;8434033524097;PLATO COSMOS 120X80 MOKA
81907744;8434033524103;PLATO COSMOS 120X85 MOKA
81907745;8434033524110;PLATO COSMOS 120X90 MOKA
81907746;8434033524127;PLATO COSMOS 120X100 MOKA
81907747;8434033524134;PLATO COSMOS 140X70 MOKA
81907748;8434033524141;PLATO COSMOS 140X75 MOKA
81907749;8434033524158;PLATO COSMOS 140X80 MOKA
81907750;8434033524165;PLATO COSMOS 140X85 MOKA
81907751;8434033524172;PLATO COSMOS 140X90 MOKA
81907752;8434033524189;PLATO COSMOS 140X100 MOKA
81907753;8434033524257;PLATO COSMOS 160X70 MOKA
81907754;8434033524264;PLATO COSMOS 160X75 MOKA
81907755;8434033524271;PLATO COSMOS 160X80 MOKA
81907756;8434033524288;PLATO COSMOS 160X85 MOKA
81907757;8434033524295;PLATO COSMOS 160X90 MOKA
81907758;8434033524301;PLATO COSMOS 160X100 MOKA
81907759;8434033524318;PLATO COSMOS 180X70 MOKA
81907760;8434033524325;PLATO COSMOS 180X75 MOKA
81907761;8434033524332;PLATO COSMOS 180X80 MOKA
81907762;8434033524349;PLATO COSMOS 180X85 MOKA
81907763;8434033524356;PLATO COSMOS 180X90 MOKA
81907764;8434033524363;PLATO COSMOS 180X100 MOKA
81907765;8434033524370;PLATO COSMOS 210X70 MOKA
81907766;8434033524387;PLATO COSMOS 210X75 MOKA
81907767;8434033524394;PLATO COSMOS 210X80 MOKA
81907768;8434033524400;PLATO COSMOS 210X85 MOKA
81907769;8434033524417;PLATO COSMOS 210X90 MOKA
81907770;8434033524424;PLATO COSMOS 210X100 MOKA
81907771;8434033523939;PLATO COSMOS 80X90 ANTRACITA
81907772;8434033523663;PLATO COSMOS 80X100 ANTRACITA
81907773;8434033476792;PLATO COSMOS 100X70 ANTRACITA
81907774;8434033522123;PLATO COSMOS 100X75 ANTRACITA
81907775;8434033476808;PLATO COSMOS 100X80 ANTRACITA
81907776;8434033522130;PLATO COSMOS 100X85 ANTRACITA
81907777;8434033522116;PLATO COSMOS 100X90 ANTRACITA
81907778;8434033476815;PLATO COSMOS 100X100 ANTRACITA
81907779;8434033522147;PLATO COSMOS 120X70 ANTRACITA
81907780;8434033522154;PLATO COSMOS 120X75 ANTRACITA
81907781;8434033476822;PLATO COSMOS 120X80 ANTRACITA
81907782;8434033522161;PLATO COSMOS 120X85 ANTRACITA
81907783;8434033476839;PLATO COSMOS 120X90 ANTRACITA
81907784;8434033522178;PLATO COSMOS 120X100 ANTRACITA
81907785;8434033522185;PLATO COSMOS 140X70 ANTRACITA
81907786;8434033522192;PLATO COSMOS 140X75 ANTRACITA
81907787;8434033476846;PLATO COSMOS 140X80 ANTRACITA
81907788;8434033522208;PLATO COSMOS 140X85 ANTRACITA
81907789;8434033476853;PLATO COSMOS 140X90 ANTRACITA
81907790;8434033522215;PLATO COSMOS 140X100 ANTRACITA
81907791;8434033522284;PLATO COSMOS 160X70 ANTRACITA
81907792;8434033522291;PLATO COSMOS 160X75 ANTRACITA
81907793;8434033476860;PLATO COSMOS 160X80 ANTRACITA
81907794;8434033522307;PLATO COSMOS 160X85 ANTRACITA
81907795;8434033476877;PLATO COSMOS 160X90 ANTRACITA
81907796;8434033522314;PLATO COSMOS 160X100 ANTRACITA
81907797;8434033522345;PLATO COSMOS 180X70 ANTRACITA
81907798;8434033522352;PLATO COSMOS 180X75 ANTRACITA
81907799;8434033522369;PLATO COSMOS 180X80 ANTRACITA
81907800;8434033522376;PLATO COSMOS 180X85 ANTRACITA
81907801;8434033522383;PLATO COSMOS 180X90 ANTRACITA
81907802;8434033522390;PLATO COSMOS 180X100 ANTRACITA
81907803;8434033522406;PLATO COSMOS 210X70 ANTRACITA
81907804;8434033522413;PLATO COSMOS 210X75 ANTRACITA
81907805;8434033522420;PLATO COSMOS 210X80 ANTRACITA
81907806;8434033522437;PLATO COSMOS 210X85 ANTRACITA
81907807;8434033522444;PLATO COSMOS 210X90 ANTRACITA
81907808;8434033522451;PLATO COSMOS 210X100 ANTRACITA
82240634;8434033714573;PLATO COSMOS M2 A MEDIDA.
81871863;8435095476553;PLATO RESINA IMPACT 100X70 BLANCO
81871864;8435095476508;PLATO RESINA IMPACT 100X70 ANTRACITA
81871865;8435095476812;PLATO RESINA IMPACT 120X70 BLANCO
81871866;8435095476799;PLATO RESINA IMPACT 120X70 ANTRACITA
81871867;8435095478519;PLATO RESINA IMPACT 140X70 BLANCO
81871868;8435095478502;PLATO RESINA IMPACT 140X70 ANTRACITA
81871869;8435095478625;PLATO RESINA IMPACT 160X70 BLANCO
81871870;8435095478618;PLATO RESINA IMPACT 160X70 ANTRACITA
81888227;8435095487429;VALVULA D90 PLATO IMPACT/BOSTON ROSCADA
81977097;8433670006270;PLATO RESINA IMPACT 100X80 BLANCO
81977098;8433670006317;PLATO RESINA IMPACT 120X80 BLANCO
81977099;8433670006355;PLATO RESINA IMPACT 140X80 BLANCO
81977100;8433670006393;PLATO RESINA IMPACT 160X80 BLANCO
81977101;8433670006263;PLATO RESINA IMPACT 100X80 ANTRACITA
81977102;8433670006300;PLATO RESINA IMPACT 120X80 ANTRACITA
81977103;8433670006348;PLATO RESINA IMPACT 140X80 ANTRACITA
81977104;8433670006386;PLATO RESINA IMPACT 160X80 ANTRACITA
82317083;8433670010734;REJILLA ACERO INOX IMPACT/COLORS
82544162;8433670006164;PLATO RESINA IMPACT 170X70 ANTRACITA
82544163;8433670006171;PLATO RESINA IMPACT 170X70 BLANCO
82544164;8433670006188;PLATO RESINA IMPACT 180X70 ANTRACITA
82544165;8433670006195;PLATO RESINA IMPACT 180X70 BLANCO
82544166;8433670006409;PLATO RESINA IMPACT 170X80 ANTRACITA
82544167;8433670006416;PLATO RESINA IMPACT 170X80 BLANCO
82544168;8433670006423;PLATO RESINA IMPACT 180X80 ANTRACITA
82544169;8433670006430;PLATO RESINA IMPACT 180X80 BLANCO
81885922;8435191510366;PLATO KADOR SUITE 100X70 ARIEL
81885923;8435191510373;PLATO KADOR SUITE 110X70 ARIEL
81885924;8435191510380;PLATO KADOR SUITE 120X70 ARIEL
81885925;8435191510397;PLATO KADOR SUITE 130X70 ARIEL
81885926;8435191510403;PLATO KADOR SUITE 140X70 ARIEL
81885927;8435191510410;PLATO KADOR SUITE 150X70 ARIEL
81885928;8435191510427;PLATO KADOR SUITE 160X70 ARIEL
81885929;8435191510434;PLATO KADOR SUITE 170X70 ARIEL
81885930;8435191510441;PLATO KADOR SUITE 180X70 ARIEL
81885931;8435191510458;PLATO KADOR SUITE 100X80 ARIEL
81885932;8435191510465;PLATO KADOR SUITE 110X80 ARIEL
81885933;8435191510472;PLATO KADOR SUITE 120X80 ARIEL
81885934;8435191510489;PLATO KADOR SUITE 130X80 ARIEL
81885935;8435191510496;PLATO KADOR SUITE 140X80 ARIEL
81885936;8435191510502;PLATO KADOR SUITE 150X80 ARIEL
81885937;8435191510519;PLATO KADOR SUITE 160X80 ARIEL
81885938;8435191510526;PLATO KADOR SUITE 170X80 ARIEL
81885939;8435191510533;PLATO KADOR SUITE 180X80 ARIEL
81908469;8435191520006;PLATO KADOR SUITE 100X70 IRONBARK
81908470;8435191520013;PLATO KADOR SUITE 110X70 IRONBARK
81908471;8435191520020;PLATO KADOR SUITE 120X70 IRONBARK
81908472;8435191520037;PLATO KADOR SUITE 130X70 IRONBARK
81908473;8435191520044;PLATO KADOR SUITE 140X70 IRONBARK
81908474;8435191520051;PLATO KADOR SUITE 150X70 IRONBARK
81908475;8435191520068;PLATO KADOR SUITE 160X70 IRONBARK
81908476;8435191520075;PLATO KADOR SUITE 170X70 IRONBARK
81908477;8435191520082;PLATO KADOR SUITE 180X70 IRONBARK
81908478;8435191520099;PLATO KADOR SUITE 100X80 IRONBARK
81908479;8435191520105;PLATO KADOR SUITE 110X80 IRONBARK
81908480;8435191520112;PLATO KADOR SUITE 120X80 IRONBARK
81908481;8435191520129;PLATO KADOR SUITE 130X80 IRONBARK
81908482;8435191520136;PLATO KADOR SUITE 140X80 IRONBARK
81908483;8435191520143;PLATO KADOR SUITE 150X80 IRONBARK
81908484;8435191520150;PLATO KADOR SUITE 160X80 IRONBARK
81908485;8435191520167;PLATO KADOR SUITE 170X80 IRONBARK
81908486;8435191520174;PLATO KADOR SUITE 180X80 IRONBARK
81908487;8435191520181;PLATO KADOR SUITE 100X70 TIGRIS SAND
81908488;8435191520198;PLATO KADOR SUITE 110X70 TIGRIS SAND
81908490;8435191520211;PLATO KADOR SUITE 130X70 TIGRIS SAND
81908491;8435191520228;PLATO KADOR SUITE 140X70 TIGRIS SAND
81908492;8435191520235;PLATO KADOR SUITE 150X70 TIGRIS SAND
81908493;8435191520242;PLATO KADOR SUITE 160X70 TIGRIS SAND
81908494;8435191520259;PLATO KADOR SUITE 170X70 TIGRIS SAND
81908495;8435191520266;PLATO KADOR SUITE 180X70 TIGRIS SAND
81908496;8435191520273;PLATO KADOR SUITE 100X80 TIGRIS SAND
81908497;8435191520280;PLATO KADOR SUITE 110X80 TIGRIS SAND
81908499;8435191520303;PLATO KADOR SUITE 130X80 TIGRIS SAND
81908500;8435191520310;PLATO KADOR SUITE 140X80 TIGRIS SAND
81908501;8435191520327;PLATO KADOR SUITE 150X80 TIGRIS SAND
81908502;8435191520334;PLATO KADOR SUITE 160X80 TIGRIS SAND
81908503;8435191520341;PLATO KADOR SUITE 170X80 TIGRIS SAND
81908504;8435191520358;PLATO KADOR SUITE 180X80 TIGRIS SAND
81908505;8435191520365;PLATO KADOR SUITE 100X70 BLANCO ZEUS
81908506;8435191520372;PLATO KADOR SUITE 110X70 BLANCO ZEUS
81908507;8435191520389;PLATO KADOR SUITE 120X70 BLANCO ZEUS
81908508;8435191520396;PLATO KADOR SUITE 130X70 BLANCO ZEUS
81908509;8435191520402;PLATO KADOR SUITE 140X70 BLANCO ZEUS
81908510;8435191520419;PLATO KADOR SUITE 150X70 BLANCO ZEUS
81908511;8435191520426;PLATO KADOR SUITE 160X70 BLANCO ZEUS
81908512;8435191520433;PLATO KADOR SUITE 170X70 BLANCO ZEUS
81908513;8435191520440;PLATO KADOR SUITE 180X70 BLANCO ZEUS
81908514;8435191520457;PLATO KADOR SUITE 100X80 BLANCO ZEUS
81908515;8435191520464;PLATO KADOR SUITE 110X80 BLANCO ZEUS
81908517;8435191520488;PLATO KADOR SUITE 130X80 BLANCO ZEUS
81908518;8435191520495;PLATO KADOR SUITE 140X80 BLANCO ZEUS
81908519;8435191520501;PLATO KADOR SUITE 150X80 BLANCO ZEUS
81908520;8435191520518;PLATO KADOR SUITE 160X80 BLANCO ZEUS
81908521;8435191520525;PLATO KADOR SUITE 170X80 BLANCO ZEUS
81908522;8435191520532;PLATO KADOR SUITE 180X80 BLANCO ZEUS
81870826;8433290097177;PLATO LEGACY 100X70 BLANCO
81870827;8433290097481;PLATO LEGACY 120X70 BLANCO
81900441;8433290097306;PLATO LEGACY 140X70 BLANCO
81900442;8433290097382;PLATO LEGACY 160X70 BLANCO
81900443;8433290097184;PLATO LEGACY 100X70 BLANCO ROTO
81900444;8433290097498;PLATO LEGACY 120X70 BLANCO ROTO
81900445;8433290097313;PLATO LEGACY 140X70 BLANCO ROTO
81900446;8433290097399;PLATO LEGACY 160X70 BLANCO ROTO
81900447;8433290097207;PLATO LEGACY 100X70 PIZARRA
81900448;8433290097511;PLATO LEGACY 120X70 PIZARRA
81900449;8433290097337;PLATO LEGACY 140X70 PIZARRA
81900450;8433290097405;PLATO LEGACY 160X70 PIZARRA
81900451;8433290097191;PLATO LEGACY 100X70 NEGRO
81900452;8433290097504;PLATO LEGACY 120X70 NEGRO
81900453;8433290097320;PLATO LEGACY 140X70 NEGRO
81900454;8433290097412;PLATO LEGACY 160X70 NEGRO
81907464;8433290097214;PLATO LEGACY 100X80 BLANCO
81907465;8433290097252;PLATO LEGACY 120X80 BLANCO
81907466;8433290097344;PLATO LEGACY 140X80 BLANCO
81907467;8433290097436;PLATO LEGACY 160X80 BLANCO
81907468;8433290097221;PLATO LEGACY 100X80 BLANCO ROTO
81907469;8433290097269;PLATO LEGACY 120X80 BLANCO ROTO
81907470;8433290097351;PLATO LEGACY 140X80 BLANCO ROTO
81907471;8433290097443;PLATO LEGACY 160X80 BLANCO ROTO
81907472;8433290097245;PLATO LEGACY 100X80 PIZARRA
81907473;8433290097276;PLATO LEGACY 120X80 PIZARRA
81907474;8433290097375;PLATO LEGACY 140X80 PIZARRA
81907475;8433290097450;PLATO LEGACY 160X80 PIZARRA
81907477;8433290097283;PLATO LEGACY 120X80 NEGRO
81907478;8433290097368;PLATO LEGACY 140X80 NEGRO
81907479;8433290097467;PLATO LEGACY 160X80 NEGRO
81866795;8436561994014;PLATO SAND 120X70 BLANCO
81866796;8436561994021;PLATO SAND 120X70 NEGRO
81866797;8436561994038;PLATO SAND 120X70 GRIS PERLA
81866798;8436561994045;PLATO SAND 120X70 GRIS PIZARRA
81866799;8436561994052;PLATO SAND 120X70 MARRON
81866800;8436561994069;PLATO SAND 120X70 BEIGE
81866801;8436561994076;PLATO SAND 130X70 BLANCO
81866802;8436561994083;PLATO SAND 130X70 NEGRO
81866803;8436561994090;PLATO SAND 130X70 GRIS PERLA
81866804;8436561994106;PLATO SAND 130X70 GRIS PIZARRA
81866805;8436561994113;PLATO SAND 130X70 MARRON
81866806;8436561994120;PLATO SAND 130X70 BEIGE
81866807;8436561994137;PLATO SAND 140X70 BLANCO
81866808;8436561994144;PLATO SAND 140X70 NEGRO
81866809;8436561994151;PLATO SAND 140X70 GRIS PERLA
81866810;8436561994168;PLATO SAND 140X70 GRIS PIZARRA
81866811;8436561994175;PLATO SAND 140X70 MARRON
81866812;8436561994182;PLATO SAND 140X70 BEIGE
81866813;8436561994199;PLATO SAND 150X70 BLANCO
81866814;8436561994205;PLATO SAND 150X70 NEGRO
81866815;8436561994212;PLATO SAND 150X70 GRIS PERLA
81866816;8436561994229;PLATO SAND 150X70 GRIS PIZARRA
81866817;8436561994236;PLATO SAND 150X70 MARRON
81866818;8436561994243;PLATO SAND 150X70 BEIGE
81866819;8436561994250;PLATO SAND 160X70 BLANCO
81866820;8436561994267;PLATO SAND 160X70 NEGRO
81866821;8436561994274;PLATO SAND 160X70 GRIS PERLA
81866822;8436561994281;PLATO SAND 160X70 GRIS PIZARRA
81866823;8436561994298;PLATO SAND 160X70 MARRON
81866824;8436561994304;PLATO SAND 160X70 BEIGE
81866825;8436561995134;PLATO SAND 170X70 BLANCO
81866826;8436561994311;PLATO SAND 170X70 NEGRO
81866827;8436561994328;PLATO SAND 170X70 GRIS PERLA
81866828;8436561994335;PLATO SAND 170X70 GRIS PIZARRA
81866829;8436561994342;PLATO SAND 170X70 MARRON
81866830;8436561994359;PLATO SAND 170X70 BEIGE
81866831;8436561995141;PLATO SAND 180X70 BLANCO
81866832;8436561994366;PLATO SAND 180X70 NEGRO
81866833;8436561994373;PLATO SAND 180X70 GRIS PERLA
81866834;8436561994380;PLATO SAND 180X70 GRIS PIZARRA
81866835;8436561994397;PLATO SAND 180X70 MARRON
81866836;8436561994403;PLATO SAND 180X70 BEIGE
81866837;8436561994410;PLATO SAND 120X80 BLANCO
81866838;8436561994427;PLATO SAND 120X80 NEGRO
81866839;8436561994434;PLATO SAND 120X80 GRIS PERLA
81866840;8436561994441;PLATO SAND 120X80 GRIS PIZARRA
81866841;8436561994458;PLATO SAND 120X80 MARRON
81866842;8436561994465;PLATO SAND 120X80 BEIGE
81866843;8436561994472;PLATO SAND 130X80 BLANCO
81866844;8436561994489;PLATO SAND 130X80 NEGRO
81866845;8436561994496;PLATO SAND 130X80 GRIS PERLA
81866846;8436561994502;PLATO SAND 130X80 GRIS PIZARRA
81866847;8436561994519;PLATO SAND 130X80 MARRON
81866848;8436561994526;PLATO SAND 130X80 BEIGE
81866849;8436561994533;PLATO SAND 140X80 BLANCO
81866850;8436561994540;PLATO SAND 140X80 NEGRO
81866851;8436561994557;PLATO SAND 140X80 GRIS PERLA
81866852;8436561994564;PLATO SAND 140X80 GRIS PIZARRA
81866853;8436561994571;PLATO SAND 140X80 MARRON
81866854;8436561994588;PLATO SAND 140X80 BEIGE
81866855;8436561994595;PLATO SAND 150X80 BLANCO
81866856;8436561994601;PLATO SAND 150X80 NEGRO
81866857;8436561994618;PLATO SAND 150X80 GRIS PERLA
81866858;8436561994625;PLATO SAND 150X80 GRIS PIZARRA
81866859;8436561994632;PLATO SAND 150X80 MARRON
81866860;8436561994649;PLATO SAND 150X80 BEIGE
81866861;8436561994656;PLATO SAND 160X80 BLANCO
81866862;8436561994663;PLATO SAND 160X80 NEGRO
81866863;8436561994670;PLATO SAND 160X80 GRIS PERLA
81866864;8436561994687;PLATO SAND 160X80 GRIS PIZARRA
81866865;8436561994694;PLATO SAND 160X80 MARRON
81866866;8436561994700;PLATO SAND 160X80 BEIGE
81866867;8436561994717;PLATO SAND 180X80 BLANCO
81866868;8436561994724;PLATO SAND 180X80 NEGRO
81866869;8436561994731;PLATO SAND 180X80 GRIS PERLA
81866870;8436561994748;PLATO SAND 180X80 GRIS PIZARRA
81866871;8436561994755;PLATO SAND 180X80 MARRON
81866872;8436561994762;PLATO SAND 180X80 BEIGE
81866873;8436561994779;PLATO SAND 180X90 BLANCO
81866874;8436561994786;PLATO SAND 180X90 NEGRO
81866875;8436561994793;PLATO SAND 180X90 GRIS PERLA
81866876;8436561994809;PLATO SAND 180X90 GRIS PIZARRA
81866877;8436561994816;PLATO SAND 180X90 MARRON
81866878;8436561994823;PLATO SAND 180X90 BEIGE
81866879;8436561994830;PLATO SAND 120X90 BLANCO
81866880;8436561994847;PLATO SAND 120X90 NEGRO
81866881;8436561994854;PLATO SAND 120X90 GRIS PERLA
81866882;8436561994861;PLATO SAND 120X90 GRIS PIZARRA
81866883;8436561994878;PLATO SAND 120X90 MARRON
81866884;8436561994885;PLATO SAND 120X90 BEIGE
81866885;8436561994892;PLATO SAND 130X90 BLANCO
81866886;8436561994908;PLATO SAND 130X90 NEGRO
81866887;8436561994915;PLATO SAND 130X90 GRIS PERLA
81866888;8436561994922;PLATO SAND 130X90 GRIS PIZARRA
81866889;8436561994939;PLATO SAND 130X90 MARRON
81866890;8436561994946;PLATO SAND 130X90 BEIGE
81866891;8436561994953;PLATO SAND 140X90 BLANCO
81866892;8436561994960;PLATO SAND 140X90 NEGRO
81866893;8436561994977;PLATO SAND 140X90 GRIS PERLA
81866894;8436561994984;PLATO SAND 140X90 GRIS PIZARRA
81866895;8436561994991;PLATO SAND 140X90 MARRON
81866896;8436561995004;PLATO SAND 140X90 BEIGE
81866897;8436561995011;PLATO SAND 150X90 BLANCO
81866898;8436561995028;PLATO SAND 150X90 NEGRO
81866899;8436561995035;PLATO SAND 150X90 GRIS PERLA
81866900;8436561995042;PLATO SAND 150X90 GRIS PIZARRA
81866901;8436561995059;PLATO SAND 150X90 MARRON
81866902;8436561995066;PLATO SAND 150X90 BEIGE
81866903;8436561995073;PLATO SAND 160X90 BLANCO
81866904;8436561995080;PLATO SAND 160X90 NEGRO
81866905;8436561995097;PLATO SAND 160X90 GRIS PERLA
81866906;8436561995103;PLATO SAND 160X90 GRIS PIZARRA
81866907;8436561995110;PLATO SAND 160X90 MARRON
81866908;8436561995127;PLATO SAND 160X90 BEIGE
81866909;8436561995196;PLATO SAND 170X80 BLANCO
81866910;8436561995202;PLATO SAND 170X80 NEGRO
81866911;8436561995219;PLATO SAND 170X80 GRIS PERLA
81866912;8436561995226;PLATO SAND 170X80 GRIS PIZARRA
81866913;8436561995233;PLATO SAND 170X80 MARRON
81866914;8436561995189;PLATO SAND 170X80 BEIGE
81866915;8436561997114;PLATO SAND 170X90 BLANCO
81866916;8436561997121;PLATO SAND 170X90 NEGRO
81866917;8436561997138;PLATO SAND 170X90 GRIS PERLA
81866918;8436561997145;PLATO SAND 170X90 GRIS PIZARRA
81866919;8436561997152;PLATO SAND 170X90 MARRON
81866920;8436561995240;PLATO SAND 170X90 BEIGE
82077754;8436561991402;REJILLA SAND CON LOGO RAL 1019 540X90X2
82077755;8436561991419;REJILLA SAND CON LOGO RAL 9010 540X90X2
82077756;8436561991426;REJILLA SAND CON LOGO RAL 7047 540X90X2
82077757;8436561991433;REJILLA SAND CON LOGO RAL 7015 540X90X2
82077758;8436561991440;REJILLA SAND CON LOGO RAL 9005 540X90X2
82077759;8436561991457;REJILLA SAND CON LOGO INOX 540X90X2
82077761;8436561991303;VALVULA PLATO SAND (MODELO TAY)
18352943;8434033274411;PLATO MONTBLANC LISO 140X80
18353202;8434033275258;PLATO MED MONTBLANC 180X90 BLANCO
18353391;8434033274763;PLATO MONTBLANC LISO 160X80
18353482;8434033275166;PLATO MED MONTBLANC 120X80 BLANCO
18353720;8434033275197;PLATO MED MONTBLANC 140X90 BLANCO
18354035;8434033275180;PLATO MED MONTBLANC 140X80 BLANCO
18354364;8434033275210;PLATO MED MONTBLANC 150X90 BLANCO
18354441;8434033274046;PLATO MONTBLANC LISO 180X70
18354756;8434033275241;PLATO MED MONTBLANC 180X80 BLANCO
18355071;8434033274770;PLATO MONTBLANC LISO 160X90
18355386;8434033275159;PLATO MED MONTBLANC 160X90 BLANCO
18355701;8434033274039;PLATO MONTBLANC LISO 160X70
18355722;8434033274787;PLATO MONTBLANC LISO 180X80
18356030;8434033275173;PLATO MED MONTBLANC 120X90 BLANCO
18356205;8434033274794;PLATO MONTBLANC LISO 180X90
18356786;8434033274428;PLATO MONTBLANC LISO 140X90
18356842;8434033275227;PLATO MED MONTBLANC 160X80 BLANCO
18356912;8434033275203;PLATO MED MONTBLANC 150X80 BLANCO
18356961;8434033274084;PLATO MONTBLANC LISO 100X90
18356996;8434033275234;PLATO MED MONTBLANC 100X90 BLANCO
18357080;8434033274718;PLATO MONTBLANC LISO 150X90
18357325;8434033274077;PLATO MONTBLANC LISO 100X80
18357451;8434033273827;PLATO MONTBLANC LISO 100X70
18357626;8434033274817;PLATO MED MONTBLANC 100X80 BLANCO
18357640;8434033274404;PLATO MONTBLANC LISO 120X90
18357675;8434033274435;PLATO MONTBLANC LISO 150X80
18357766;8434033274398;PLATO MONTBLANC LISO 120X80
18357892;8434033273988;PLATO MONTBLANC LISO 120X70
18357913;8434033273995;PLATO MONTBLANC LISO140X70
18357976;8434033274015;PLATO MONTBLANC LISO 150X70
19395033;8435095471855;PLATO RESINA BAHIA100X70 BLANCO
81870633;8435095471688;PLATO RESINA BAHIA 90X70 ANTRACITA
81870634;8435095471824;PLATO RESINA BAHIA100X70 ANTRACITA
81870635;8435095423823;PLATO RESINA BAHIA 110X70 ANTRACITA
81870636;8435095472845;PLATO RESINA BAHIA 120X70 ANTRACITA
81870637;8435095425704;PLATO RESINA BAHIA 130X70 ANTRACITA
81870638;8435095472852;PLATO RESINA BAHIA 140X70 ANTRACITA
81870639;8435095425827;PLATO RESINA BAHIA 150X70 ANTRACITA
81870640;8435095426152;PLATO RESINA BAHIA 160X70 ANTRACITA
81870641;8435095471213;PLATO RESINA BAHIA 170X70 ANTRACITA
81870642;8435095471343;PLATO RESINA BAHIA 180X70 ANTRACITA
81870643;8435095471459;PLATO RESINA BAHIA 190X70 ANTRACITA
81870644;8435095471602;PLATO RESINA BAHIA 200X70 ANTRACITA
81870645;8435095471695;PLATO RESINA BAHIA 90X70 BLANCO
81870647;8435095425285;PLATO RESINA BAHIA 110X70 BLANCO
81871830;8435095472333;PLATO RESINA BAHIA 120X70 BLANCO
81871831;8435095425711;PLATO RESINA BAHIA 130X70 BLANCO
81871832;8435095472432;PLATO RESINA BAHIA 140X70 BLANCO
81871833;8435095425865;PLATO RESINA BAHIA 150X70 BLANCO
81871834;8435095471138;PLATO RESINA BAHIA 160X70 BLANCO
81871835;8435095471220;PLATO RESINA BAHIA 170X70 BLANCO
81871836;8435095471350;PLATO RESINA BAHIA 180X70 BLANCO
81871837;8435095471527;PLATO RESINA BAHIA 190X70 BLANCO
81871838;8435095471619;PLATO RESINA BAHIA 200X70 BLANCO
81871839;8435095471763;PLATO RESINA BAHIA 90X70 NEGRO
81871840;8435095471893;PLATO RESINA BAHIA100X70 NEGRO
81871841;8435095425520;PLATO RESINA BAHIA 110X70 NEGRO
81871842;8435095472371;PLATO RESINA BAHIA 120X70 NEGRO
81871843;8435095425735;PLATO RESINA BAHIA 130X70 NEGRO
81871844;8435095472456;PLATO RESINA BAHIA 140X70 NEGRO
81871845;8435095426138;PLATO RESINA BAHIA 150X70 NEGRO
81871846;8435095471190;PLATO RESINA BAHIA 160X70 NEGRO
81871847;8435095471329;PLATO RESINA BAHIA 170X70 NEGRO
81871848;8435095471398;PLATO RESINA BAHIA 180X70 NEGRO
81871849;8435095471589;PLATO RESINA BAHIA 190X70 NEGRO
81871850;8435095471664;PLATO RESINA BAHIA 200X70 NEGRO
81871851;8435095473095;PLATO RESINA BAHIA 90X70 RAL
81871852;8435095473149;PLATO RESINA BAHIA100X70 RAL
81871853;8435095471916;PLATO RESINA BAHIA 110X70 RAL
81871854;8435095471923;PLATO RESINA BAHIA 120X70 RAL
81871855;8435095472586;PLATO RESINA BAHIA 130X70 RAL
81871856;8435095472692;PLATO RESINA BAHIA 140X70 RAL
81871857;8435095472760;PLATO RESINA BAHIA 150X70 RAL
81871858;8435095472982;PLATO RESINA BAHIA 160X70 RAL
81871859;8435095473002;PLATO RESINA BAHIA 170X70 RAL
81871860;8435095473019;PLATO RESINA BAHIA 180X70 RAL
81871861;8435095473064;PLATO RESINA BAHIA 190X70 RAL
81871862;8435095473088;PLATO RESINA BAHIA 200X70 RAL
81977105;8435095476157;PLATO BAHIA 100X80 BLANCO
81977106;8435095474443;PLATO BAHIA 110X80 BLANCO
81977107;8435095474597;PLATO BAHIA 120X80 BLANCO
81977108;8435095474870;PLATO BAHIA 130X80 BLANCO
81977109;8435095475150;PLATO BAHIA 140X80 BLANCO
81977110;8435095475518;PLATO BAHIA 150X80 BLANCO
81977111;8435095475617;PLATO BAHIA 160X80 BLANCO
81977112;8435095475693;PLATO BAHIA 170X80 BLANCO
81977113;8435095475785;PLATO BAHIA 180X80 BLANCO
81977114;8435095475860;PLATO BAHIA 190X80 BLANCO
81977115;8435095475983;PLATO BAHIA 200X80 BLANCO
81977116;8435095476171;PLATO BAHIA 100X80 NEGRO
81977117;8435095474450;PLATO BAHIA 110X80 NEGRO
81977118;8435095474641;PLATO BAHIA 120X80 NEGRO
81977119;8435095474924;PLATO BAHIA 130X80 NEGRO
81977120;8435095475402;PLATO BAHIA 140X80 NEGRO
81977121;8435095475532;PLATO BAHIA 150X80 NEGRO
81977122;8435095475624;PLATO BAHIA 160X80 NEGRO
81977123;8435095475709;PLATO BAHIA 170X80 NEGRO
81977124;8435095475822;PLATO BAHIA 180X80 NEGRO
81977125;8435095475914;PLATO BAHIA 190X80 NEGRO
81977126;8435095475990;PLATO BAHIA 200X80 NEGRO
81977127;8435095476102;PLATO BAHIA 100X80 ANTRACITA
81977128;8435095474429;PLATO BAHIA 110X80 ANTRACITA
81977129;8435095474542;PLATO BAHIA 120X80 ANTRACITA
81977130;8435095474825;PLATO BAHIA 130X80 ANTRACITA
81977131;8435095475068;PLATO BAHIA 140X80 ANTRACITA
81977132;8435095475501;PLATO BAHIA 150X80 ANTRACITA
81977133;8435095475594;PLATO BAHIA 160X80 ANTRACITA
81977134;8435095475679;PLATO BAHIA 170X80 ANTRACITA
81977135;8435095475778;PLATO BAHIA 180X80 ANTRACITA
81977136;8435095475853;PLATO BAHIA 190X80 ANTRACITA
81977137;8435095475945;PLATO BAHIA 200X80 ANTRACITA
81977138;8435095476188;PLATO BAHIA 100X80 RAL
81977139;8435095474498;PLATO BAHIA 110X80 RAL
81977140;8435095474733;PLATO BAHIA 120X80 RAL
81977141;8435095475013;PLATO BAHIA 130X80 RAL
81977142;8435095475457;PLATO BAHIA 140X80 RAL
81977143;8435095475549;PLATO BAHIA 150X80 RAL
81977144;8435095475662;PLATO BAHIA 160X80 RAL
81977145;8435095475754;PLATO BAHIA 170X80 RAL
81977146;8435095475839;PLATO BAHIA 180X80 RAL
81977147;8435095475938;PLATO BAHIA 190X80 RAL
81977148;8435095476010;PLATO BAHIA 200X80 RAL
81266407;8435315539297;PLATO STONE 110X80 GEL COAT BLANCO
81266408;8435315539419;PLATO STONE 160X80 GEL COAT BLANCO
81266409;8435315543430;PLATO STONE 1/4 80X80 GELCOAT BL
81266410;8435315539389;PLATO STONE 100X90 GEL COAT BLANCO
81266411;8435315539204;PLATO STONE 1/4 90X90 GELCOAT BL
81266412;8435315539334;PLATO STONE 150X80 GEL COAT BLANCO
81266413;8435315539365;PLATO STONE 180X80 GEL COAT BLANCO
81266414;8435315539273;PLATO STONE 90X80 GEL COAT BLANCO
81266415;8435315540408;PLATO STONE 170X70 GEL COAT BLANCO
81266416;8435315539280;PLATO STONE 100X80 GEL COAT BLANCO
81266417;8435315539426;PLATO STONE 180X90 GEL COAT BLANCO
81266418;8435315539341;PLATO STONE 160X70 GEL COAT BLANCO
81266419;8435315539327;PLATO STONE 140X80 GEL COAT BLANCO
81266420;8435315539464;PLATO STONE 90X90 GEL COAT BLANCO
81266421;8435315539228;PLATO STONE 100X70 GEL COAT BLANCO
81266422;8435315539310;PLATO STONE 130X80 GEL COAT BLANCO
81266423;8435315539440;PLATO STONE 160X90 GEL COAT BLANCO
81266424;8435315539457;PLATO STONE 180X100 GEL COAT BLANCO
81266425;8435315539372;PLATO STONE 190X80 GEL COAT BLANCO
81266426;8435315539396;PLATO STONE 120X90 GEL COAT BLANCO
81266427;8435315539358;PLATO STONE 170X80 GEL COAT BLANCO
81266428;8435315539402;PLATO STONE 140X90 GEL COAT BLANCO
81266429;8435315539259;PLATO STONE 160X100 GEL COAT BLANCO
81266430;8435315539242;PLATO STONE 140X70 GEL COAT BLANCO
81266431;8435315539303;PLATO STONE 120X80 GEL COAT BLANCO
81266432;8435315539433;PLATO STONE 140X100 GEL COAT BLANCO
81266433;8435315543447;PLATO STONE 80X80 GEL COAT BLANCO
81266434;8435315539266;PLATO STONE 180X70 GEL COAT BLANCO
81266435;8435315539235;PLATO STONE 120X70 GEL COAT BLANCO
81266436;8435315539211;PLATO STONE 90X70 GEL COAT BLANCO
82169089;8435315550346;PLATO STONE MARCO 100X70 GEL COAT BL
82169090;8435315550322;PLATO STONE MARCO 120X70 GEL COAT BL
82169091;8435315550353;PLATO STONE MARCO 140X70 GEL COAT BL
82169092;8435315550452;PLATO STONE MARCO 160X70 GEL COAT BL
82169093;8435315550414;PLATO STONE MARCO 170X70 GEL COAT BL
82169094;8435315550575;PLATO STONE MARCO 180X70 GEL COAT BL
82169095;8435315550339;PLATO STONE MARCO 90X70 GEL COAT BL
82212781;8435315550360;PLATO STONE MARCO 100X80 GEL COAT BL
82212782;8435315550537;PLATO STONE MARCO 100X90 GEL COAT BL
82212783;8435315550513;PLATO STONE MARCO 110X80 GEL COAT BL
82212784;8435315550612;PLATO STONE MARCO 120X80 GEL COAT BL
82212785;8435315550391;PLATO STONE MARCO 120X90 GEL COAT BL
82212786;8435315550490;PLATO STONE MARCO 130X80 GEL COAT BL
82212787;8435315550582;PLATO STONE MARCO 140X100 GEL COAT BL
82212788;8435315550384;PLATO STONE MARCO 140X80 GEL COAT BL
82212789;8435315550438;PLATO STONE MARCO 140X90 GEL COAT BL
82212790;8435315550445;PLATO STONE MARCO 150X80 GEL COAT BL
82212791;8435315550605;PLATO STONE MARCO 160X100 GEL COAT BL
82212792;8435315550407;PLATO STONE MARCO 160X80 GEL COAT BL
82212793;8435315550506;PLATO STONE MARCO 160X90 GEL COAT BL
82212794;8435315550469;PLATO STONE MARCO 170X80 GEL COAT BL
82212795;8435315550599;PLATO STONE MARCO 180X100 GEL COAT BL
82212796;8435315550377;PLATO STONE MARCO 180X80 GEL COAT BL
82212797;8435315550520;PLATO STONE MARCO 180X90 GEL COAT BL
82212798;8435315550544;PLATO STONE MARCO 190X80 GEL COAT BL
82212799;8435315550421;PLATO STONE MARCO 80X80 GEL COAT BL
82212800;8435315550551;PLATO STONE MARCO 1/4 80X80 GEL COAT BL
82212801;8435315550476;PLATO STONE MARCO 90X80 GEL COAT BL
82212802;8435315550483;PLATO STONE MARCO 90X90 GEL COAT BL
82212803;8435315550568;PLATO STONE MARCO 1/4 90X90 GEL COAT BL
82010279;8435410537389;PLATO MAYA 100X80 BLANCO PIEDRA+VAL
82010280;8435410537396;PLATO MAYA 120X80 BLANCO PIEDRA+VAL
82010281;8435410537402;PLATO MAYA 140X80 BLANCO PIEDRA+VAL
82010282;8435410537419;PLATO MAYA 160X80 BLANCO PIEDRA+VAL
82010283;8435410537426;PLATO MAYA 170X80 BLANCO PIEDRA+VAL
82010284;8435410537433;PLATO MAYA 180X80 BLANCO PIEDRA+VAL
82010285;8435410537440;PLATO MAYA 120X90 BLANCO PIEDRA+VAL
82010286;8435410537457;PLATO MAYA 140X90 BLANCO PIEDRA+VAL
82010287;8435410537464;PLATO MAYA 160X90 BLANCO PIEDRA+VAL
82010288;8435410537471;PLATO MAYA 170X90 BLANCO PIEDRA+VAL
82010289;8435410537488;PLATO MAYA 180X90 BLANCO PIEDRA+VAL
82010290;8435410537495;PLATO MAYA 100X80 GRIS PIEDRA+VAL
82010291;8435410537501;PLATO MAYA 120X80 GRIS PIEDRA+VAL
82010292;8435410537518;PLATO MAYA 140X80 GRIS PIEDRA+VAL
82010293;8435410537525;PLATO MAYA 160X80 GRIS PIEDRA+VAL
82010294;8435410537532;PLATO MAYA 170X80 GRIS PIEDRA+VAL
82010295;8435410537549;PLATO MAYA 180X80 GRIS PIEDRA+VAL
82010296;8435410537556;PLATO MAYA 120X90 GRIS PIEDRA+VAL
82010297;8435410537563;PLATO MAYA 140X90 GRIS PIEDRA+VAL
82010298;8435410537570;PLATO MAYA 160X90 GRIS PIEDRA+VAL
82010299;8435410537587;PLATO MAYA 170X90 GRIS PIEDRA+VAL
82010300;8435410537594;PLATO MAYA 180X90 GRIS PIEDRA+VAL
82010302;8435410537617;PLATO MAYA 100X80 NEGRO PIEDRA+VAL
82010303;8435410537624;PLATO MAYA 120X80 NEGRO PIEDRA+VAL
82010304;8435410537631;PLATO MAYA 140X80 NEGRO PIEDRA+VAL
82010305;8435410537648;PLATO MAYA 160X80 NEGRO PIEDRA+VAL
82010306;8435410537655;PLATO MAYA 170X80 NEGRO PIEDRA+VAL
82010307;8435410537662;PLATO MAYA 180X80 NEGRO PIEDRA+VAL
82010308;8435410537679;PLATO MAYA 120X90 NEGRO PIEDRA+VAL
82010309;8435410537686;PLATO MAYA 140X90 NEGRO PIEDRA+VAL
82010310;8435410537693;PLATO MAYA 160X90 NEGRO PIEDRA+VAL
82010311;8435410537709;PLATO MAYA 170X90 NEGRO PIEDRA+VAL
82010312;8435410537716;PLATO MAYA 180X90 NEGRO PIEDRA+VAL
82097237;8435410537952;PLATO MAYA 100X70 BLANCO PIEDRA+VAL
82097238;8435410537969;PLATO MAYA 120X70 BLANCO PIEDRA+VAL
82097239;8435410537976;PLATO MAYA 140X70 BLANCO PIEDRA+VAL
82097240;8435410537983;PLATO MAYA 160X70 BLANCO PIEDRA+VAL
82097241;8435410537990;PLATO MAYA 170X70 BLANCO PIEDRA+VAL
82097242;8435410538003;PLATO MAYA 180X70 BLANCO PIEDRA+VAL
82097244;8435410538010;PLATO MAYA 100X70 GRIS PIEDRA+VAL
82097245;8435410538027;PLATO MAYA 120X70 GRIS PIEDRA+VAL
82097246;8435410538034;PLATO MAYA 140X70 GRIS PIEDRA+VAL
82097247;8435410538041;PLATO MAYA 160X70 GRIS PIEDRA+VAL
82097248;8435410538058;PLATO MAYA 170X70 GRIS PIEDRA+VAL
82097249;8435410538065;PLATO MAYA 180X70 GRIS PIEDRA+VAL
82097256;8435410538072;PLATO MAYA 100X70 NEGRO PIEDRA+VAL
82097257;8435410538089;.PLATO MAYA 120X70 NEGRO PIEDRA+VAL
82097258;8435410538096;PLATO MAYA 140X70 NEGRO PIEDRA+VAL
82097259;8435410538102;PLATO MAYA 160X70 NEGRO PIEDRA+VAL
82097260;8435410538119;PLATO MAYA 170X70 NEGRO PIEDRA+VAL
82097261;8435410538126;PLATO MAYA 180X70 NEGRO PIEDRA+VAL
81866921;8436561995257;PLATO PRINT CALACATA 120X70
81866922;8436561995264;PLATO PRINT CALACATA 130X70
81866923;8436561995271;PLATO PRINT CALACATA 140X70
81866924;8436561995288;PLATO PRINT CALACATA 150X70
81866925;8436561995295;PLATO PRINT CALACATA 160X70
81866926;8436561995301;PLATO PRINT CALACATA 170X70
81866927;8436561995318;PLATO PRINT CALACATA 180X70
81866928;8436561995325;PLATO PRINT MARBLE 120X70
81866929;8436561995332;PLATO PRINT MARBLE 130X70
81866930;8436561995349;PLATO PRINT MARBLE 140X70
81866931;8436561995356;PLATO PRINT MARBLE 150X70
81866932;8436561995363;PLATO PRINT MARBLE 160X70
81866933;8436561995370;PLATO PRINT MARBLE 170X70
81866934;8436561995387;PLATO PRINT MARBLE 180X70
81866935;8436561995394;PLATO PRINT STONE 120X70
81866936;8436561995400;PLATO PRINT STONE 130X70
81866937;8436561995417;PLATO PRINT STONE 140X70
81866938;8436561995424;PLATO PRINT STONE 150X70
81866939;8436561995431;PLATO PRINT STONE 160X70
81866940;8436561995448;PLATO PRINT STONE 170X70
81866941;8436561995455;PLATO PRINT STONE 180X70
81866942;8436561995462;PLATO PRINT CONCRETE 120X70
81866943;8436561995479;PLATO PRINT CONCRETE 130X70
81866944;8436561995486;PLATO PRINT CONCRETE 140X70
81866945;8436561995493;PLATO PRINT CONCRETE 150X70
81866946;8436561995509;PLATO PRINT CONCRETE 160X70
81866947;8436561995516;PLATO PRINT CONCRETE 170X70
81866948;8436561995523;PLATO PRINT CONCRETE 180X70
81866949;8436561995530;PLATO PRINT OXIDE 120X70
81866950;8436561995547;PLATO PRINT OXIDE 130X70
81866951;8436561995554;PLATO PRINT OXIDE 140X70
81866952;8436561995561;PLATO PRINT OXIDE 150X70
81866953;8436561995578;PLATO PRINT OXIDE 160X70
81866954;8436561995585;PLATO PRINT OXIDE 170X70
81866955;8436561995592;PLATO PRINT OXIDE 180X70
81866956;8436561995608;PLATO PRINT CEMENT 120X70
81866957;8436561995615;PLATO PRINT CEMENT 130X70
81866958;8436561995622;PLATO PRINT CEMENT 140X70
81866959;8436561995639;PLATO PRINT CEMENT 150X70
81866960;8436561995646;PLATO PRINT CEMENT 160X70
81866961;8436561995653;PLATO PRINT CEMENT 170X70
81866962;8436561995660;PLATO PRINT CEMENT 180X70
81866963;8436561995677;PLATO PRINT PYRAMID 120X70
81866964;8436561995684;PLATO PRINT PYRAMID 130X70
81866965;8436561995691;PLATO PRINT PYRAMID 140X70
81866966;8436561995707;PLATO PRINT PYRAMID 150X70
81866967;8436561995714;PLATO PRINT PYRAMID 160X70
81866968;8436561995721;PLATO PRINT PYRAMID 170X70
81866969;8436561995738;PLATO PRINT PYRAMID 180X70
81866970;8436561995745;PLATO PRINT LINES 120X70
81866971;8436561995752;PLATO PRINT LINES 130X70
81866972;8436561995769;PLATO PRINT LINES 140X70
81866973;8436561995776;PLATO PRINT LINES 150X70
81866974;8436561995783;PLATO PRINT LINES 160X70
81866975;8436561995790;PLATO PRINT LINES 170X70
81866976;8436561995806;PLATO PRINT LINES 180X70
81866977;8436561995813;PLATO PRINT MOSAIC 120X70
81866978;8436561995820;PLATO PRINT MOSAIC 130X70
81866979;8436561995837;PLATO PRINT MOSAIC 140X70
81866980;8436561995844;PLATO PRINT MOSAIC 150X70
81866981;8436561995851;PLATO PRINT MOSAIC 160X70
81866982;8436561995868;PLATO PRINT MOSAIC 170X70
81866983;8436561995875;PLATO PRINT MOSAIC 180X70
81866984;8436561995882;PLATO PRINT CALACATA 120X80
81866985;8436561995899;PLATO PRINT CALACATA 130X80
81866986;8436561995905;PLATO PRINT CALACATA 140X80
81866987;8436561995912;PLATO PRINT CALACATA 150X80
81866988;8436561995929;PLATO PRINT CALACATA 160X80
81866989;8436561995936;PLATO PRINT CALACATA 170X80
81866990;8436561995943;PLATO PRINT CALACATA 180X80
81866991;8436561995950;PLATO PRINT MARBLE 120X80
81866992;8436561995967;PLATO PRINT MARBLE 130X80
81866993;8436561995974;PLATO PRINT MARBLE 140X80
81866994;8436561995981;PLATO PRINT MARBLE 150X80
81866995;8436561995998;PLATO PRINT MARBLE 160X80
81866996;8436561996001;PLATO PRINT MARBLE 170X80
81866997;8436561996018;PLATO PRINT MARBLE 180X80
81866998;8436561996025;PLATO PRINT STONE 120X80
81866999;8436561996032;PLATO PRINT STONE 130X80
81867000;8436561995158;PLATO PRINT STONE 140X80
81867001;8436561996049;PLATO PRINT STONE 150X80
81867002;8436561996056;PLATO PRINT STONE 160X80
81867003;8436561996063;PLATO PRINT STONE 170X80
81867004;8436561996070;PLATO PRINT STONE 180X80
81867005;8436561996087;PLATO PRINT CONCRETE 120X80
81867006;8436561996094;PLATO PRINT CONCRETE 130X80
81867007;8436561996100;PLATO PRINT CONCRETE 140X80
81867008;8436561996117;PLATO PRINT CONCRETE 150X80
81867009;8436561996124;PLATO PRINT CONCRETE 160X80
81867010;8436561996131;PLATO PRINT CONCRETE 170X80
81867011;8436561996148;PLATO PRINT CONCRETE 180X80
81867012;8436561996155;PLATO PRINT OXIDE 120X80
81867013;8436561996162;PLATO PRINT OXIDE 130X80
81867014;8436561996179;PLATO PRINT OXIDE 140X80
81867015;8436561996186;PLATO PRINT OXIDE 150X80
81867016;8436561996193;PLATO PRINT OXIDE 160X80
81867017;8436561996209;PLATO PRINT OXIDE 170X80
81867018;8436561996216;PLATO PRINT OXIDE 180X80
81867019;8436561996223;PLATO PRINT CEMENT 120X80
81867020;8436561996230;PLATO PRINT CEMENT 130X80
81867021;8436561996247;PLATO PRINT CEMENT 140X80
81867022;8436561996254;PLATO PRINT CEMENT 150X80
81867023;8436561996261;PLATO PRINT CEMENT 160X80
81867024;8436561996278;PLATO PRINT CEMENT 170X80
81867025;8436561996285;PLATO PRINT CEMENT 180X80
81867026;8436561996292;PLATO PRINT PYRAMID 120X80
81867027;8436561996308;PLATO PRINT PYRAMID 130X80
81867028;8436561996315;PLATO PRINT PYRAMID 140X80
81867029;8436561996322;PLATO PRINT PYRAMID 150X80
81867030;8436561996339;PLATO PRINT PYRAMID 160X80
81867031;8436561996346;PLATO PRINT PYRAMID 170X80
81867032;8436561996353;PLATO PRINT PYRAMID 180X80
81867033;8436561996360;PLATO PRINT LINES 120X80
81867034;8436561996377;PLATO PRINT LINES 130X80
81867035;8436561996384;PLATO PRINT LINES 140X80
81867036;8436561996391;PLATO PRINT LINES 150X80
81867037;8436561996407;PLATO PRINT LINES 160X80
81867038;8436561996414;PLATO PRINT LINES 170X80
81867039;8436561996421;PLATO PRINT LINES 180X80
81867040;8436561996438;PLATO PRINT MOSAIC 120X80
81867041;8436561996445;PLATO PRINT MOSAIC 130X80
81867042;8436561996452;PLATO PRINT MOSAIC 140X80
81867043;8436561996469;PLATO PRINT MOSAIC 150X80
81867044;8436561996476;PLATO PRINT MOSAIC 160X80
81867045;8436561996483;PLATO PRINT MOSAIC 170X80
81867046;8436561996490;PLATO PRINT MOSAIC 180X80
81867047;8436561996506;PLATO PRINT CALACATA 120X90
81867048;8436561996513;PLATO PRINT CALACATA 130X90
81867049;8436561996520;PLATO PRINT CALACATA 140X90
81867050;8436561996537;PLATO PRINT CALACATA 150X90
81867051;8436561996544;PLATO PRINT CALACATA 160X90
81867052;8436561996551;PLATO PRINT CALACATA 170X90
81867053;8436561996568;PLATO PRINT CALACATA 180X90
81867054;8436561996575;PLATO PRINT MARBLE 120X90
81867055;8436561996582;PLATO PRINT MARBLE 130X90
81867056;8436561996599;PLATO PRINT MARBLE 140X90
81867057;8436561996605;PLATO PRINT MARBLE 150X90
81867058;8436561996612;PLATO PRINT MARBLE 160X90
81867059;8436561996629;PLATO PRINT MARBLE 170X90
81867060;8436561996636;PLATO PRINT MARBLE 180X90
81867061;8436561996643;PLATO PRINT STONE 120X90
81867062;8436561996650;PLATO PRINT STONE 130X90
81867063;8436561996667;PLATO PRINT STONE 140X90
81867064;8436561996674;PLATO PRINT STONE 150X90
81867065;8436561996681;PLATO PRINT STONE 160X90
81867066;8436561996698;PLATO PRINT STONE 170X90
81867067;8436561996704;PLATO PRINT STONE 180X90
81867068;8436561996711;PLATO PRINT CONCRETE 120X90
81867069;8436561996728;PLATO PRINT CONCRETE 130X90
81867070;8436561996735;PLATO PRINT CONCRETE 140X90
81867071;8436561996742;PLATO PRINT CONCRETE 150X90
81867072;8436561996759;PLATO PRINT CONCRETE 160X90
81867073;8436561996766;PLATO PRINT CONCRETE 170X90
81867074;8436561996773;PLATO PRINT CONCRETE 180X90
81867075;8436561996780;PLATO PRINT OXIDE 120X90
81867076;8436561996797;PLATO PRINT OXIDE 130X90
81867077;8436561996803;PLATO PRINT OXIDE 140X90
81867078;8436561996810;PLATO PRINT OXIDE 150X90
81867079;8436561996827;PLATO PRINT OXIDE 160X90
81867080;8436561996834;PLATO PRINT OXIDE 170X90
81867081;8436561996841;PLATO PRINT OXIDE 180X90
81867082;8436561996858;PLATO PRINT CEMENT 120X90
81867083;8436561996865;PLATO PRINT CEMENT 130X90
81867084;8436561996872;PLATO PRINT CEMENT 140X90
81867085;8436561996889;PLATO PRINT CEMENT 150X90
81867086;8436561996896;PLATO PRINT CEMENT 160X90
81867087;8436561996902;PLATO PRINT CEMENT 170X90
81867088;8436561996919;PLATO PRINT CEMENT 180X90
81867089;8436561996926;PLATO PRINT PYRAMID 120X90
81867090;8436561996933;PLATO PRINT PYRAMID 130X90
81867091;8436561996940;PLATO PRINT PYRAMID 140X90
81867092;8436561995165;PLATO PRINT PYRAMID 150X90
81867093;8436561995172;PLATO PRINT PYRAMID 160X90
81867094;8436561996957;PLATO PRINT PYRAMID 170X90
81867095;8436561996964;PLATO PRINT PYRAMID 180X90
81867096;8436561996971;PLATO PRINT LINES 120X90
81867097;8436561996988;PLATO PRINT LINES 130X90
81867098;8436561996995;PLATO PRINT LINES 140X90
81867099;8436561997008;PLATO PRINT LINES 150X90
81867100;8436561997015;PLATO PRINT LINES 160X90
81867101;8436561997022;PLATO PRINT LINES 170X90
81867102;8436561997039;PLATO PRINT LINES 180X90
81867103;8436561997046;PLATO PRINT MOSAIC 120X90
81867104;8436561997053;PLATO PRINT MOSAIC 130X90
81867105;8436561997060;PLATO PRINT MOSAIC 140X90
81867106;8436561997077;PLATO PRINT MOSAIC 150X90
81867107;8436561997084;PLATO PRINT MOSAIC 160X90
81867108;8436561997091;PLATO PRINT MOSAIC 170X90
81867109;8436561997107;PLATO PRINT MOSAIC 180X90
81950304;8436561997169;PLATO PRINT SEQUOIA 120X70
81950305;8436561997176;PLATO PRINT SEQUOIA 130X70
81950306;8436561997183;PLATO PRINT SEQUOIA 140X70
81950307;8436561997190;PLATO PRINT SEQUOIA 150X70
81950308;8436561997206;PLATO PRINT SEQUOIA 160X70
81950309;8436561997213;PLATO PRINT SEQUOIA 170X70
81950310;8436561997220;PLATO PRINT SEQUOIA 180X70
81950311;8436561997237;PLATO PRINT SEQUOIA 120X80
81950312;8436561997244;PLATO PRINT SEQUOIA 130X80
81950313;8436561997251;PLATO PRINT SEQUOIA 140X80
81950314;8436561997268;PLATO PRINT SEQUOIA 150X80
81950315;8436561997275;PLATO PRINT SEQUOIA 160X80
81950316;8436561997282;PLATO PRINT SEQUOIA 170X80
81950317;8436561997299;PLATO PRINT SEQUOIA 180X80
81950318;8436561997305;PLATO PRINT SEQUOIA 120X90
81950319;8436561997312;PLATO PRINT SEQUOIA 130X90
81950320;8436561997329;PLATO PRINT SEQUOIA 140X90
81950321;8436561997336;PLATO PRINT SEQUOIA 150X90
81950322;8436561997343;PLATO PRINT SEQUOIA 160X90
81950323;8436561997350;PLATO PRINT SEQUOIA 170X90
81950324;8436561997367;PLATO PRINT SEQUOIA 180X90
82016848;8436561997374;PLATO PRINT ALBERTA 120X70
82016849;8436561997381;PLATO PRINT ALBERTA 120X80
82016850;8436561997398;PLATO PRINT ALBERTA 120X90
82016851;8436561997404;PLATO PRINT ALBERTA 130X70
82016852;8436561997411;PLATO PRINT ALBERTA 130X80
82016853;8436561997428;PLATO PRINT ALBERTA 130X90
82016854;8436561997435;PLATO PRINT ALBERTA 140X70
82016855;8436561997442;PLATO PRINT ALBERTA 140X80
82016856;8436561997459;PLATO PRINT ALBERTA 140X90
82016857;8436561997480;PLATO PRINT ALBERTA 150X70
82016858;8436561997497;PLATO PRINT ALBERTA 150X80
82016859;8436561997503;PLATO PRINT ALBERTA 150X90
82016860;8436561997510;PLATO PRINT ALBERTA 160X70
82016861;8436561997527;PLATO PRINT ALBERTA 160X80
82016862;8436561997534;PLATO PRINT ALBERTA 160X90
82016863;8436561997541;PLATO PRINT ALBERTA 170X70
82016864;8436561997558;PLATO PRINT ALBERTA 170X80
82016865;8436561997565;PLATO PRINT ALBERTA 170X90
82016866;8436561997572;PLATO PRINT ALBERTA 180X703
82016867;8436561997589;PLATO PRINT ALBERTA 180X80
82016868;8436561997596;PLATO PRINT ALBERTA 180X90
82016869;8436561997602;PLATO PRINT COLORADO 120X70
82016870;8436561997619;PLATO PRINT COLORADO 120X80
82016871;8436561997626;PLATO PRINT COLORADO 120X90
82016872;8436561997633;PLATO PRINT COLORADO 130X70
82016873;8436561997640;PLATO PRINT COLORADO 130X80
82016874;8436561997657;PLATO PRINT COLORADO 130X90
82016875;8436561997664;PLATO PRINT COLORADO 140X70
82016876;8436561997671;PLATO PRINT COLORADO 140X80
82016877;8436561997688;PLATO PRINT COLORADO140X90
82016878;8436561997695;PLATO PRINT COLORADO 150X70
82016879;8436561997701;PLATO PRINT COLORADO 150X80
82016880;8436561997718;PLATO PRINT COLORADO 150X90
82016881;8436561997725;PLATO PRINT COLORADO 160X70
82016882;8436561997732;PLATO PRINT COLORADO 160X80
82016883;8436561997749;PLATO PRINT COLORADO 160X90
82016884;8436561997756;PLATO PRINT COLORADO 170X70
82016885;8436561997763;PLATO PRINT COLORADO 170X80
82016886;8436561997770;PLATO PRINT COLORADO 170X90
82016887;8436561997787;PLATO PRINT COLORADO 180X70
82016888;8436561997794;PLATO PRINT COLORADO 180X80
82016889;8436561997800;PLATO PRINT COLORADO 180X90
82016890;8436561997466;PLATO PRINT CAJUN CAJUN 120X70
82016891;8436561997473;PLATO PRINT CAJUN CAJUN 120X80
82016892;8436561997817;PLATO PRINT CAJUN CAJUN 120X90
82016893;8436561997824;PLATO PRINT CAJUN CAJUN 130X70
82016894;8436561997831;PLATO PRINT CAJUN CAJUN 130X80
82016895;8436561997848;PLATO PRINT CAJUN CAJUN 130X90
82016896;8436561997855;PLATO PRINT CAJUN CAJUN 140X70
82016897;8436561997862;PLATO PRINT CAJUN CAJUN 140X80
82016898;8436561997879;PLATO PRINT CAJUN CAJUN 140X90
82016899;8436561997886;PLATO PRINT CAJUN CAJUN 150X70
82016900;8436561997893;PLATO PRINT CAJUN CAJUN 150X80
82016901;8436561997909;PLATO PRINT CAJUN CAJUN 150X90
82016902;8436561997916;PLATO PRINT CAJUN CAJUN 160X70
82016903;8436561997923;PLATO PRINT CAJUN CAJUN 160X80
82016904;8436561997930;PLATO PRINT CAJUN CAJUN 160X90
82016905;8436561997947;PLATO PRINT CAJUN CAJUN 170X70
82016906;8436561997954;PLATO PRINT CAJUN CAJUN 170X80
82016907;8436561997961;PLATO PRINT CAJUN CAJUN 170X90
82016908;8436561997978;PLATO PRINT CAJUN CAJUN 180X70
82016909;8436561997985;PLATO PRINT CAJUN CAJUN 180X80
82016910;8436561997992;PLATO PRINT CAJUN CAJUN 180X90
82016911;8436561998005;PLATO PRINT ATLANTIC 120X70
82016912;8436561998012;PLATO PRINT ATLANTIC 120X80
82016913;8436561998029;PLATO PRINT ATLANTIC 120X90
82016914;8436561998036;PLATO PRINT ATLANTIC 130X70
82016915;8436561998043;PLATO PRINT ATLANTIC 130X80
82016916;8436561998050;PLATO PRINT ATLANTIC 130X90
82016917;8436561998067;PLATO PRINT ATLANTIC 140X70
82016918;8436561998074;PLATO PRINT ATLANTIC 140X80
82016919;8436561998081;PLATO PRINT ATLANTIC 140X90
82016920;8436561998098;PLATO PRINT ATLANTIC 150X70
82016921;8436561998104;PLATO PRINT ATLANTIC 150X80
82016922;8436561998111;PLATO PRINT ATLANTIC 150X90
82016923;8436561998128;PLATO PRINT ATLANTIC 160X70
82016924;8436561998135;PLATO PRINT ATLANTIC 160X80
82016925;8436561998142;PLATO PRINT ATLANTIC 160X90
82016926;8436561998159;PLATO PRINT ATLANTIC 170X70
82016927;8436561998166;PLATO PRINT ATLANTIC 170X80
82016928;8436561998173;PLATO PRINT ATLANTIC 170X90
82016929;8436561998180;PLATO PRINT ATLANTIC 180X70
82016930;8436561998197;PLATO PRINT ATLANTIC 180X80
82016931;8436561998203;PLATO PRINT ATLANTIC 180X90
82016932;8436561991464;PLATO PRINT SURFACE CEMENT 120X70
82016933;8436561991471;PLATO PRINT SURFACE CEMENT 120X80
82016934;8436561991488;PLATO PRINT SURFACE CEMENT 120X90
82016935;8436561991495;PLATO PRINT SURFACE CEMENT 130X70
82016936;8436561991518;PLATO PRINT SURFACE CEMENT 130X80
82016937;8436561991525;PLATO PRINT SURFACE CEMENT 130X90
82016938;8436561991532;PLATO PRINT SURFACE CEMENT 140X70
82016939;8436561991549;PLATO PRINT SURFACE CEMENT 140X80
82016940;8436561991587;PLATO PRINT SURFACE CEMENT 140X90
82016941;8436561991594;PLATO PRINT SURFACE CEMENT 150X70
82016942;8436561991600;PLATO PRINT SURFACE CEMENT 150X80
82016943;8436561991617;PLATO PRINT SURFACE CEMENT 150X90
82016944;8436561991624;PLATO PRINT SURFACE CEMENT 160X70
82016945;8436561991631;PLATO PRINT SURFACE CEMENT 160X80
82016946;8436561991709;PLATO PRINT SURFACE CEMENT 160X90
82016947;8436561991716;PLATO PRINT SURFACE CEMENT 170X70
82016948;8436561991730;PLATO PRINT SURFACE CEMENT 170X80
82016949;8436561991747;PLATO PRINT SURFACE CEMENT 170X90
82016950;8436561991808;PLATO PRINT SURFACE CEMENT 180X70
82016951;8436561992607;PLATO PRINT SURFACE CEMENT 180X80
82016952;8436561993161;PLATO PRINT SURFACE CEMENT 180X90
82016953;8436561993413;PLATO PRINT SURFACE CALACATA 120X70
82016954;8436561993451;PLATO PRINT SURFACE CALACATA 120X80
82016955;8436561993499;PLATO PRINT SURFACE CALACATA 120X90
82016956;8436561993536;PLATO PRINT SURFACE CALACATA 130X70
82016957;8436561993574;PLATO PRINT SURFACE CALACATA 130X80
82016958;8436561993611;PLATO PRINT SURFACE CALACATA 130X90
82016959;8436561993659;PLATO PRINT SURFACE CALACATA 140X70
82016960;8436561993666;PLATO PRINT SURFACE CALACATA 140X80
82016961;8436561993673;PLATO PRINT SURFACE CALACATA 140X90
82016962;8436561993680;PLATO PRINT SURFACE CALACATA 150X70
82016963;8436561993697;PLATO PRINT SURFACE CALACATA 150X80
82016964;8436561993703;PLATO PRINT SURFACE CALACATA 150X90
82016965;8436561993710;PLATO PRINT SURFACE CALACATA 160X70
82016966;8436561993727;PLATO PRINT SURFACE CALACATA 160X80
82016967;8436561993734;PLATO PRINT SURFACE CALACATA 160X90
82016968;8436561993741;PLATO PRINT SURFACE CALACATA 170X70
82016969;8436561993758;PLATO PRINT SURFACE CALACATA 170X80
82016970;8436561993765;PLATO PRINT SURFACE CALACATA 170X90
82016971;8436561993772;PLATO PRINT SURFACE CALACATA 180X70
82016972;8436561993888;PLATO PRINT SURFACE CALACATA 180X80
82016973;8436561993895;PLATO PRINT SURFACE CALACATA 180X90
82016974;8436561993901;PLATO PRINT SURFACE STONE 120X70
82016975;8436561993918;PLATO PRINT SURFACE STONE 120X80
82016976;8436561993925;PLATO PRINT SURFACE STONE 120X90
82016977;8436561993932;PLATO PRINT SURFACE STONE 130X70
82016978;8436561993949;PLATO PRINT SURFACE STONE 130X80
82016979;8436561993956;PLATO PRINT SURFACE STONE 130X90
82016980;8436561993963;PLATO PRINT SURFACE STONE 140X70
82016981;8436561993970;PLATO PRINT SURFACE STONE 140X80
82016982;8436561993987;PLATO PRINT SURFACE STONE 140X90
82016983;8436561993994;PLATO PRINT SURFACE STONE 150X70
82016984;8436561994007;PLATO PRINT SURFACE STONE 150X80
82016985;8436561998210;PLATO PRINT SURFACE STONE 150X90
82016986;8436561998227;PLATO PRINT SURFACE STONE 160X70
82016987;8436561998234;PLATO PRINT SURFACE STONE 160X80
82016988;8436561998241;PLATO PRINT SURFACE STONE 160X90
82016989;8436561998258;PLATO PRINT SURFACE STONE 170X70
82016990;8436561998265;PLATO PRINT SURFACE STONE 170X80
82016991;8436561998272;PLATO PRINT SURFACE STONE 170X90
82016992;8436561998289;PLATO PRINT SURFACE STONE 180X70
82016993;8436561998296;PLATO PRINT SURFACE STONE 180X80
82016994;8436561998302;PLATO PRINT SURFACE STONE 180X90
82016995;8436561993789;PLATO PRINT SURFACE PYRAMID 120X70
82016996;8436561993796;PLATO PRINT SURFACE PYRAMID 120X80
82016997;8436561993802;PLATO PRINT SURFACE PYRAMID 120X90
82016998;8436561993819;PLATO PRINT SURFACE PYRAMID 130X70
82016999;8436561993826;PLATO PRINT SURFACE PYRAMID 130X80
82017000;8436561993833;PLATO PRINT SURFACE PYRAMID 130X90
82017001;8436561993840;PLATO PRINT SURFACE PYRAMID 140X70
82017002;8436561993857;PLATO PRINT SURFACE PYRAMID 140X80
82017003;8436561993864;PLATO PRINT SURFACE PYRAMID 140X90
82017004;8436561993871;PLATO PRINT SURFACE PYRAMID 150X70
82017005;8436561998319;PLATO PRINT SURFACE PYRAMID 150X80
82017006;8436561998326;PLATO PRINT SURFACE PYRAMID 150X90
82017007;8436561998333;PLATO PRINT SURFACE PYRAMID 160X70
82017008;8436561998340;PLATO PRINT SURFACE PYRAMID 160X80
82017009;8436561998357;PLATO PRINT SURFACE PYRAMID 160X90
82017010;8436561998364;PLATO PRINT SURFACE PYRAMID 170X70
82017011;8436561998371;PLATO PRINT SURFACE PYRAMID 170X80
82017012;8436561998388;PLATO PRINT SURFACE PYRAMID 170X90
82017013;8436561998395;PLATO PRINT SURFACE PYRAMID 180X70
82017014;8436561998401;PLATO PRINT SURFACE PYRAMID 180X80
82017015;8436561998418;PLATO PRINT SURFACE PYRAMID 180X90
82017016;8436561998425;PLATO PRINT SURFACE LINES 120X70
82017017;8436561998432;PLATO PRINT SURFACE LINES 120X80
82017018;8436561998449;PLATO PRINT SURFACE LINES 120X90
82017019;8436561998456;PLATO PRINT SURFACE LINES 130X70
82017020;8436561998463;PLATO PRINT SURFACE LINES 130X80
82017021;8436561998470;PLATO PRINT SURFACE LINES 130X90
82017022;8436561998487;PLATO PRINT SURFACE LINES 140X70
82017023;8436561998494;PLATO PRINT SURFACE LINES 140X80
82017024;8436561998500;PLATO PRINT SURFACE LINES 140X90
82017025;8436561998517;PLATO PRINT SURFACE LINES 150X70
82017026;8436561998524;PLATO PRINT SURFACE LINES 150X80
82017027;8436561998531;PLATO PRINT SURFACE LINES 150X90
82017028;8436561998548;PLATO PRINT SURFACE LINES 160X70
82017029;8436561998555;PLATO PRINT SURFACE LINES 160X80
82017030;8436561998562;PLATO PRINT SURFACE LINES 160X90
82017031;8436561998579;PLATO PRINT SURFACE LINES 170X70
82017032;8436561998586;PLATO PRINT SURFACE LINES 170X80
82017033;8436561998593;PLATO PRINT SURFACE LINES 170X90
82017034;8436561998609;PLATO PRINT SURFACE LINES 180X70
82017035;8436561998616;PLATO PRINT SURFACE LINES 180X80
82017036;8436561998623;PLATO PRINT SURFACE LINES 180X90
82017037;8436561998630;PLATO PRINT SURFACE SEQUOIA 120X70
82017038;8436561998647;PLATO PRINT SURFACE SEQUOIA 120X80
82017039;8436561998654;PLATO PRINT SURFACE SEQUOIA 120X90
82017040;8436561998661;PLATO PRINT SURFACE SEQUOIA 130X70
82017041;8436561998678;PLATO PRINT SURFACE SEQUOIA 130X80
82017042;8436561998685;PLATO PRINT SURFACE SEQUOIA 130X90
82017043;8436561998692;PLATO PRINT SURFACE SEQUOIA 140X70
82017044;8436561998708;PLATO PRINT SURFACE SEQUOIA 140X80
82017045;8436561998715;PLATO PRINT SURFACE SEQUOIA 140X90
82017046;8436561998722;PLATO PRINT SURFACE SEQUOIA 150X70
82017047;8436561998739;PLATO PRINT SURFACE SEQUOIA 150X80
82017048;8436561998746;PLATO PRINT SURFACE SEQUOIA 150X90
82017049;8436561998753;PLATO PRINT SURFACE SEQUOIA 160X70
82017050;8436561998760;PLATO PRINT SURFACE SEQUOIA 160X80
82017051;8436561998777;PLATO PRINT SURFACE SEQUOIA 160X90
82017052;8436561998784;PLATO PRINT SURFACE SEQUOIA 170X70
82017053;8436561998791;PLATO PRINT SURFACE SEQUOIA 170X80
82017054;8436561998807;PLATO PRINT SURFACE SEQUOIA 170X90
82017055;8436561998814;PLATO PRINT SURFACE SEQUOIA 180X70
82017056;8436561998821;PLATO PRINT SURFACE SEQUOIA 180X80
82017057;8436561998838;PLATO PRINT SURFACE SEQUOIA 180X90
82017058;8436561998845;PLATO PRINT SURFACE ATLANTIC 120X70
82017059;8436561998852;PLATO PRINT SURFACE ATLANTIC 120X80
82017060;8436561998869;PLATO PRINT SURFACE ATLANTIC 120X90
82017061;8436561998876;PLATO PRINT SURFACE ATLANTIC 130X70
82017062;8436561998883;PLATO PRINT SURFACE ATLANTIC 130X80
82017063;8436561998890;PLATO PRINT SURFACE ATLANTIC 130X90
82017064;8436561998906;PLATO PRINT SURFACE ATLANTIC 140X70
82017065;8436561998913;PLATO PRINT SURFACE ATLANTIC 140X80
82017066;8436561998920;PLATO PRINT SURFACE ATLANTIC 140X90
82017067;8436561998937;PLATO PRINT SURFACE ATLANTIC 150X70
82017068;8436561998944;PLATO PRINT SURFACE ATLANTIC 150X80
82017069;8436561998951;PLATO PRINT SURFACE ATLANTIC 150X90
82017070;8436561998968;PLATO PRINT SURFACE ATLANTIC 160X70
82017071;8436561998975;PLATO PRINT SURFACE ATLANTIC 160X80
82017072;8436561998982;PLATO PRINT SURFACE ATLANTIC 160X90
82017073;8436561998999;PLATO PRINT SURFACE ATLANTIC 170X70
82017074;8436561999002;PLATO PRINT SURFACE ATLANTIC 170X80
82017075;8436561999019;PLATO PRINT SURFACE ATLANTIC 170X90
82017076;8436561999026;PLATO PRINT SURFACE ATLANTIC 180X70
82017077;8436561999033;PLATO PRINT SURFACE ATLANTIC 180X80
82017078;8436561999040;PLATO PRINT SURFACE ATLANTIC 180X90
82017079;8436561999057;PLATO PRINT SURFACE ALBERTA 120X70
82017080;8436561999064;PLATO PRINT SURFACE ALBERTA 120X80
82017081;8436561999071;PLATO PRINT SURFACE ALBERTA 120X90
82017082;8436561999088;PLATO PRINT SURFACE ALBERTA 130X70
82017083;8436561999095;PLATO PRINT SURFACE ALBERTA 130X80
82017084;8436561999101;PLATO PRINT SURFACE ALBERTA 130X90
82017085;8436561999118;PLATO PRINT SURFACE ALBERTA 140X70
82017086;8436561999125;PLATO PRINT SURFACE ALBERTA 140X80
82017087;8436561999132;PLATO PRINT SURFACE ALBERTA 140X90
82017088;8436561999149;PLATO PRINT SURFACE ALBERTA 150X70
82017089;8436561999156;PLATO PRINT SURFACE ALBERTA 150X80
82017090;8436561999163;PLATO PRINT SURFACE ALBERTA 150X90
82017091;8436561999170;PLATO PRINT SURFACE ALBERTA 160X70
82017092;8436561999187;PLATO PRINT SURFACE ALBERTA 160X80
82017093;8436561999194;PLATO PRINT SURFACE ALBERTA 160X90
82017094;8436561999200;PLATO PRINT SURFACE ALBERTA 170X70
82017095;8436561999217;PLATO PRINT SURFACE ALBERTA 170X80
82017096;8436561999224;PLATO PRINT SURFACE ALBERTA 170X90
82017097;8436561999231;PLATO PRINT SURFACE ALBERTA 180X70
82017098;8436561999248;PLATO PRINT SURFACE ALBERTA 180X80
82017099;8436561999255;PLATO PRINT SURFACE ALBERTA 180X90
82017100;8436561999262;PLATO PRINT SURFACE MOSAIC 120X70
82017101;8436561999279;PLATO PRINT SURFACE MOSAIC 120X80
82017102;8436561999286;PLATO PRINT SURFACE MOSAIC 120X90
82017103;8436561999293;PLATO PRINT SURFACE MOSAIC 130X70
82017104;8436561999309;PLATO PRINT SURFACE MOSAIC 130X80
82017105;8436561999316;PLATO PRINT SURFACE MOSAIC 130X90
82017106;8436561999323;PLATO PRINT SURFACE MOSAIC 140X70
82017107;8436561999330;PLATO PRINT SURFACE MOSAIC 140X80
82017108;8436561999347;PLATO PRINT SURFACE MOSAIC 140X90
82017109;8436561999354;PLATO PRINT SURFACE MOSAIC 150X70
82017110;8436561999361;PLATO PRINT SURFACE MOSAIC 150X80
82017111;8436561999378;PLATO PRINT SURFACE MOSAIC 150X90
82017112;8436561999385;PLATO PRINT SURFACE MOSAIC 160X70
82017113;8436561999392;PLATO PRINT SURFACE MOSAIC 160X80
82017114;8436561999408;PLATO PRINT SURFACE MOSAIC 160X90
82017115;8436561999415;PLATO PRINT SURFACE MOSAIC 170X70
82017116;8436561999422;PLATO PRINT SURFACE MOSAIC 170X80
82017117;8436561999439;PLATO PRINT SURFACE MOSAIC 170X90
82017118;8436561999446;PLATO PRINT SURFACE MOSAIC 180X70
82017119;8436561999453;PLATO PRINT SURFACE MOSAIC 180X80
82017120;8436561999460;PLATO PRINT SURFACE MOSAIC 180X90
82017121;8436561999477;PLATO PRINT SURFACE MARBLE 120X70
82017122;8436561999484;PLATO PRINT SURFACE MARBLE 120X80
82017123;8436561999491;PLATO PRINT SURFACE MARBLE 120X90
82017124;8436561999507;PLATO PRINT SURFACE MARBLE 130X70
82017125;8436561999514;PLATO PRINT SURFACE MARBLE 130X80
82017126;8436561999521;PLATO PRINT SURFACE MARBLE 130X90
82017127;8436561999538;PLATO PRINT SURFACE MARBLE 140X70
82017128;8436561999545;PLATO PRINT SURFACE MARBLE 140X80
82017129;8436561999552;PLATO PRINT SURFACE MARBLE 140X90
82017130;8436561999569;PLATO PRINT SURFACE MARBLE 150X70
82017131;8436561999576;PLATO PRINT SURFACE MARBLE 150X80
82017132;8436561999583;PLATO PRINT SURFACE MARBLE 150X90
82017133;8436561999590;PLATO PRINT SURFACE MARBLE 160X70
82017134;8436561999606;PLATO PRINT SURFACE MARBLE 160X80
82017135;8436561999613;PLATO PRINT SURFACE MARBLE 160X90
82017136;8436561999620;PLATO PRINT SURFACE MARBLE 170X70
82017137;8436561999637;PLATO PRINT SURFACE MARBLE 170X80
82017138;8436561999644;PLATO PRINT SURFACE MARBLE 170X90
82017139;8436561999651;PLATO PRINT SURFACE MARBLE 180X70
82017140;8436561999668;PLATO PRINT SURFACE MARBLE 180X80
82017141;8436561999675;PLATO PRINT SURFACE MARBLE 180X90
82017142;8436561999682;PLATO PRINT SURFACE OXIDE 120X70
82017143;8436561999699;PLATO PRINT SURFACE OXIDE 120X80
82017144;8436561999705;PLATO PRINT SURFACE OXIDE 120X90
82017145;8436561999712;PLATO PRINT SURFACE OXIDE 130X70
82017146;8436561999729;PLATO PRINT SURFACE OXIDE 130X80
82017147;8436561999736;PLATO PRINT SURFACE OXIDE 130X90
82017148;8436561999743;PLATO PRINT SURFACE OXIDE 140X70
82017149;8436561999750;PLATO PRINT SURFACE OXIDE 140X80
82017150;8436561999767;PLATO PRINT SURFACE OXIDE 140X90
82017151;8436561999774;PLATO PRINT SURFACE OXIDE 150X70
82017152;8436561999781;PLATO PRINT SURFACE OXIDE 150X80X33CM
82017153;8436561999798;PLATO PRINT SURFACE OXIDE 150X90
82017154;8436561999804;PLATO PRINT SURFACE OXIDE 160X70
82017155;8436561999811;PLATO PRINT SURFACE OXIDE 160X80
82017156;8436561999828;PLATO PRINT SURFACE OXIDE 160X90
82017157;8436561999835;PLATO PRINT SURFACE OXIDE 170X70
82017158;8436561999842;PLATO PRINT SURFACE OXIDE 170X80
82017159;8436561999859;PLATO PRINT SURFACE OXIDE 170X90
82017160;8436561999866;PLATO PRINT SURFACE OXIDE 180X70
82017161;8436561999873;PLATO PRINT SURFACE OXIDE 180X80
82017162;8436561999880;PLATO PRINT SURFACE OXIDE 180X90
82017163;8436561999897;PLATO PRINT SURFACE COLORADO 120X70
82017164;8436561999903;PLATO PRINT SURFACE COLORADO 120X80
82017165;8436561999910;PLATO PRINT SURFACE COLORADO 120X90
82017166;8436561999927;PLATO PRINT SURFACE COLORADO 130X70
82017167;8436561999934;PLATO PRINT SURFACE COLORADO 130X80
82017168;8436561999941;PLATO PRINT SURFACE COLORADO 130X90
82017169;8436561999958;PLATO PRINT SURFACE COLORADO 140X70
82017170;8436561999965;PLATO PRINT SURFACE COLORADO 140X80
82017171;8436561999972;PLATO PRINT SURFACE COLORADO 140X90
82017172;8436561999989;PLATO PRINT SURFACE COLORADO 150X70
82017173;8436561999996;PLATO PRINT SURFACE COLORADO 150X80X3M
82017174;8436580790000;PLATO PRINT SURFACE COLORADO 150X90
82017175;8436580790017;PLATO PRINT SURFACE COLORADO 160X70
82017176;8436580790024;PLATO PRINT SURFACE COLORADO 160X80
82017177;8436580790031;PLATO PRINT SURFACE COLORADO 160X90
82017178;8436580790048;PLATO PRINT SURFACE COLORADO 170X70
82017179;8436580790055;PLATO PRINT SURFACE COLORADO 170X80
82017180;8436580790062;PLATO PRINT SURFACE COLORADO 170X90
82017181;8436580790079;PLATO PRINT SURFACE COLORADO 180X70
82017182;8436580790086;PLATO PRINT SURFACE COLORADO 180X80
82017183;8436580790093;PLATO PRINT SURFACE COLORADO 180X90
82017184;8436580790109;PLATO PRINT SURFACE CAJUN 120X70
82017185;8436580790116;PLATO PRINT SURFACE CAJUN 120X80
82017186;8436580790123;PLATO PRINT SURFACE CAJUN 120X90
82017187;8436580790130;PLATO PRINT SURFACE CAJUN 130X70
82017188;8436580790147;PLATO PRINT SURFACE CAJUN 130X80
82017189;8436580790154;PLATO PRINT SURFACE CAJUN 130X90
82017190;8436580790161;PLATO PRINT SURFACE CAJUN 140X70
82017191;8436580790178;PLATO PRINT SURFACE CAJUN 140X80
82017192;8436580790185;PLATO PRINT SURFACE CAJUN 140X90
82017193;8436580790192;PLATO PRINT SURFACE CAJUN 150X70
82017194;8436580790208;PLATO PRINT SURFACE CAJUN 150X80
82017195;8436580790215;PLATO PRINT SURFACE CAJUN 150X90
82017196;8436580790222;PLATO PRINT SURFACE CAJUN 160X70
82017197;8436580790239;PLATO PRINT SURFACE CAJUN 160X80
82017198;8436580790246;PLATO PRINT SURFACE CAJUN 160X90
82017199;8436580790253;PLATO PRINT SURFACE CAJUN 170X70
82017200;8436580790260;PLATO PRINT SURFACE CAJUN 170X80
82017201;8436580790277;PLATO PRINT SURFACE CAJUN 170X90
82017202;8436580790284;PLATO PRINT SURFACE CAJUN 180X70
82017203;8436580790291;PLATO PRINT SURFACE CAJUN 180X80
82017204;8436580790307;PLATO PRINT SURFACE CAJUN 180X90
82017205;8436580790314;PLATO PRINT SURFACE CONCRETE 120X70
82017206;8436580790321;PLATO PRINT SURFACE CONCRETE 120X80
82017207;8436580790338;PLATO PRINT SURFACE CONCRETE 120X90
82017208;8436580790345;PLATO PRINT SURFACE CONCRETE 130X70
82017209;8436580790352;PLATO PRINT SURFACE CONCRETE 130X80
82017210;8436580790369;PLATO PRINT SURFACE CONCRETE 130X90
82017211;8436580790376;PLATO PRINT SURFACE CONCRETE 140X70
82017212;8436580790383;PLATO PRINT SURFACE CONCRETE 140X80
82017213;8436580790390;PLATO PRINT SURFACE CONCRETE 140X90
82017214;8436580790406;PLATO PRINT SURFACE CONCRETE 150X70
82017215;8436580790413;PLATO PRINT SURFACE CONCRETE 150X80
82017216;8436580790420;PLATO PRINT SURFACE CONCRETE 150X90
82017217;8436580790437;PLATO PRINT SURFACE CONCRETE 160X70
82017218;8436580790444;PLATO PRINT SURFACE CONCRETE 160X80
82017219;8436580790451;PLATO PRINT SURFACE CONCRETE 160X90
82017220;8436580790468;PLATO PRINT SURFACE CONCRETE 170X70
82017221;8436580790475;PLATO PRINT SURFACE CONCRETE 170X80
82017222;8436580790482;PLATO PRINT SURFACE CONCRETE 170X90
82017223;8436580790499;PLATO PRINT SURFACE CONCRETE 180X70
82017224;8436580790505;PLATO PRINT SURFACE CONCRETE 180X80
82017225;8436580790512;PLATO PRINT SURFACE CONCRETE 180X90
82017226;8436580790529;PANEL PRINT FRONTAL CALACATA 70X70X1
82017227;8436580790536;PANEL PRINT FRONTAL CALACATA 140X70X1
82017228;8436580790543;PANEL PRINT FRONTAL CALACATA 180X70X1
82017229;8436580790550;PANEL PRINT FRONTAL STONE 70X70X1
82017230;8436580790567;PANEL PRINT FRONTAL STONE 140X70X1
82017231;8436580790574;PANEL PRINT FRONTAL STONE 180X70X1
82017232;8436580790581;PANEL PRINT FRONTAL PYRAMID 70X70X1
82017233;8436580790598;PANEL PRINT FRONTAL PYRAMID 140X70X1
82017234;8436580790604;PANEL PRINT FRONTAL PYRAMID 180X70X1
82017235;8436580790611;PANEL PRINT FRONTAL LINES 70X70X1
82017236;8436580790628;PANEL PRINT FRONTAL LINES 140X70X1
82017237;8436580790635;PANEL PRINT FRONTAL LINES 180X70X1
82017238;8436580790642;PANEL PRINT FRONTAL CEMENT 70X70X1
82017239;8436580790659;PANEL PRINT FRONTAL CEMENT 140X70X1
82017240;8436580790666;PANEL PRINT FRONTAL CEMENT 180X70X1
82017241;8436580790673;PANEL PRINT FRONTAL SEQUOIA 70X70X1
82017242;8436580790680;PANEL PRINT FRONTAL SEQUOIA 140X70X1
82017243;8436580790697;PANEL PRINT FRONTAL SEQUOIA 180X70X1
82017244;8436580790703;PANEL PRINT FRONTAL ATLANTIC 70X70X1
82017245;8436580790710;PANEL PRINT FRONTAL ATLANTIC 140X70X1
82017246;8436580790727;PANEL PRINT FRONTAL ATLANTIC 180X70X1
82017247;8436580790734;PANEL PRINT FRONTAL ALBERTA 70X70X1
82017248;8436580790741;PANEL PRINT FRONTAL ALBERTA 140X70X1
82017249;8436580790758;PANEL PRINT FRONTAL ALBERTA 180X70X1
82017250;8436580790765;PANEL PRINT FRONTAL MOSAIC 70X70X1
82017251;8436580790772;PANEL PRINT FRONTAL MOSAIC 140X70X1
82017252;8436580790789;PANEL PRINT FRONTAL MOSAIC 180X70X1
82017253;8436580790796;PANEL PRINT FRONTAL MABLE 70X70X1
82017254;8436580790802;PANEL PRINT FRONTAL MARBLE 140X70X1
82017255;8436580790819;PANEL PRINT FRONTAL MARBLE 180X70X1
82017256;8436580790826;PANEL PRINT FRONTAL OXIDE 70X70X1
82017257;8436580790833;PANEL PRINT FRONTAL OXIDE 140X70X1
82017258;8436580790840;PANEL PRINT FRONTAL OXIDE 180X70X1
82017259;8436580790857;PANEL PRINT FRONTAL COLORADO 70X70X1
82017260;8436580790864;PANEL PRINT FRONTAL COLORADO 140X70X1
82017261;8436580790871;PANEL PRINT FRONTAL COLORADO 180X70X1
82017262;8436580790888;PANEL PRINT FRONTAL CAJUN 70X70X1
82017263;8436580790895;PANEL PRINT FRONTAL CAJUN 140X70X1
82017264;8436580790901;PANEL PRINT FRONTAL CAJUN 180X70X1
82017265;8436580790918;PANEL PRINT FRONTAL CONCRETE 70X70X1
82017267;8436580790925;PANEL PRINT FRONTAL CONCRETE 140X70X1
82017269;8436580790932;PANEL PRINT FRONTAL CONCRETE 180X70X1
82226158;8435530705941;PLATO SKY STONE 80X80 BL + VALV
82226159;8435530706696;PLATO SKY LISO 90X90 BL + VALV
82226160;8435530706702;PLATO SKY STONE 90X90 BL + VALV
82226161;8435530707082;PLATO SKY STONE 95X95 BL + VALV
82226162;8435530707457;PLATO SKY LISO 100X100 BL + VALV
82226163;8435530707464;PLATO SKY STONE 100X100 BL + VALV
82226170;8435530710518;PLATO SKY LISO 80X80 AN + VALV
82226171;8435530710525;PLATO SKY STONE 80X80 AN + VALV
82226172;8435530711270;PLATO SKY LISO 90X90 AN + VALV
82226173;8435530711287;PLATO SKY STONE 90X90 AN + VALV
82226174;8435530712031;PLATO SKY LISO 100X100 AN + VALV
82226175;8435530712048;PLATO SKY STONE 100X100 AN + VALV
82226185;8435530715094;PLATO SKY LISO 80X80 PE + VALV
82226186;8435530715100;PLATO SKY STONE 80X80 PE + VALV
82226187;8435530715476;PLATO SKY LISO 85X85 PE + VALV
82226188;8435530715483;PLATO SKY STONE 85X85 PE + VALV
82226189;8435530715858;PLATO SKY LISO 90X90 PE + VALV
82226190;8435530715865;PLATO SKY STONE 90X90 PE + VALV
82226191;8435530716237;PLATO SKY LISO 95X95 PE + VALV
82226192;8435530716244;PLATO SKY STONE 95X95 PE + VALV
82226193;8435530716619;PLATO SKY LISO 100X100 PE + VALV
82226194;8435530716626;PLATO SKY STONE 100X100 PE + VALV
82226204;8435530720050;PLATO SKY LISO 85X85 CR + VALV
82226205;8435530720067;PLATO SKY STONE 85X85 CR + VALV
82226206;8435530720432;PLATO SKY LISO 90X90 CR + VALV
82226207;8435530720449;PLATO SKY STONE 90X90 CR + VALV
82226208;8435530720814;PLATO SKY LISO 95X95 CR + VALV
82226209;8435530720821;PLATO SKY STONE 95X95 CR + VALV
82226210;8435530721194;PLATO SKY LISO 100X100 CR + VALV
82226211;8435530721200;PLATO SKY STONE 100X100 CR + VALV
82226463;8435530705378;PLATO SKY LISO 100X70 BL + VALV
82226464;8435530705385;PLATO SKY STONE 100X70 BL + VALV
82226465;8435530705392;PLATO SKY LISO 105X70 BL + VALV
82226466;8435530705408;PLATO SKY STONE 105X70 BL + VALV
82226467;8435530705415;PLATO SKY LISO 110X70 BL + VALV
82226468;8435530705422;PLATO SKY STONE 110X70 BL + VALV
82226469;8435530705439;PLATO SKY LISO 115X70 BL + VALV
82226470;8435530705446;PLATO SKY STONE 115X70 BL + VALV
82226471;8435530705453;PLATO SKY LISO 120X70 BL + VALV
82226472;8435530705460;PLATO SKY STONE 120X70 BL + VALV
82226474;8435530705477;PLATO SKY LISO 130X70 BL + VALV
82226475;8435530705484;PLATO SKY STONE 130X70 BL + VALV
82226476;8435530705491;PLATO SKY LISO 140X70 BL + VALV
82226477;8435530705507;PLATO SKY STONE 140X70 BL + VALV
82226478;8435530705514;PLATO SKY LISO 150X70 BL + VALV
82226479;8435530705521;PLATO SKY STONE 150X70 BL + VALV
82226480;8435530705538;PLATO SKY LISO 160X70 BL + VALV
82226481;8435530705545;PLATO SKY STONE 160X70 BL + VALV
82226482;8435530705552;PLATO SKY LISO 170X70 BL + VALV
82226483;8435530705569;PLATO SKY STONE 170X70 BL + VALV
82226484;8435530705576;PLATO SKY LISO 180X70 BL + VALV
82226485;8435530705583;PLATO SKY STONE 180X70 BL + VALV
82226486;8435530705590;PLATO SKY LISO 190X70 BL + VALV
82226487;8435530705606;PLATO SKY STONE 190X70 BL + VALV
82226488;8435530705613;PLATO SKY LISO 200X70 BL + VALV
82226489;8435530705620;PLATO SKY STONE 200X70 BL + VALV
82226490;8435530705637;PLATO SKY LISO 210X70 BL + VALV
82226491;8435530705644;PLATO SKY STONE 210X70 BL + VALV
82226492;8435530705651;PLATO SKY LISO 100X75 BL + VALV
82226493;8435530705668;PLATO SKY STONE 100X75 BL + VALV
82226494;8435530705675;PLATO SKY LISO 105X75 BL + VALV
82226495;8435530705682;PLATO SKY STONE 105X75 BL + VALV
82226496;8435530705699;PLATO SKY LISO 110X75 BL + VALV
82226497;8435530705705;PLATO SKY STONE 110X75 BL + VALV
82226498;8435530705712;PLATO SKY LISO 115X75 BL + VALV
82226499;8435530705729;PLATO SKY STONE 115X75 BL + VALV
82226500;8435530705736;PLATO SKY LISO 120X75 BL + VALV
82226501;8435530705743;PLATO SKY STONE 120X75 BL + VALV
82226502;8435530705750;PLATO SKY LISO 130X75 BL + VALV
82226503;8435530705767;PLATO SKY STONE 130X75 BL + VALV
82226504;8435530705774;PLATO SKY LISO 140X75 BL + VALV
82226505;8435530705781;PLATO SKY STONE 140X75 BL + VALV
82226506;8435530705798;PLATO SKY LISO 150X75 BL + VALV
82226507;8435530705804;PLATO SKY STONE 150X75 BL + VALV
82226508;8435530705811;PLATO SKY LISO 160X75 BL + VALV
82226509;8435530705828;PLATO SKY STONE 160X75 BL + VALV
82226510;8435530705835;PLATO SKY LISO 170X75 BL + VALV
82226511;8435530705842;PLATO SKY STONE 170X75 BL + VALV
82226512;8435530705859;PLATO SKY LISO 180X75 BL + VALV
82226513;8435530705866;PLATO SKY STONE 180X75 BL + VALV
82226514;8435530705873;PLATO SKY LISO 190X75 BL + VALV
82226515;8435530705880;PLATO SKY STONE 190X75 BL + VALV
82226516;8435530705897;PLATO SKY LISO 200X75 BL + VALV
82226517;8435530705903;PLATO SKY STONE 200X75 BL + VALV
82226518;8435530705910;PLATO SKY LISO 210X75 BL + VALV
82226519;8435530705927;PLATO SKY STONE 210X75 BL + VALV
82226520;8435530705934;PLATO SKY LISO 80X80 BL + VALV
82226521;8435530705958;PLATO SKY LISO 85X80 BL + VALV
82226522;8435530705965;PLATO SKY STONE 85X80 BL + VALV
82226523;8435530705972;PLATO SKY LISO 90X80 BL + VALV
82226524;8435530705989;PLATO SKY STONE 90X80 BL + VALV
82226525;8435530705996;PLATO SKY LISO 95X80 BL + VALV
82226526;8435530706009;PLATO SKY STONE 95X80 BL + VALV
82226527;8435530706016;PLATO SKY LISO 100X80 BL + VALV
82226528;8435530706023;PLATO SKY STONE 100X80 BL + VALV
82226529;8435530706030;PLATO SKY LISO 105X80 BL + VALV
82226530;8435530706047;PLATO SKY STONE 105X80 BL + VALV
82226531;8435530706054;PLATO SKY LISO 110X80 BL + VALV
82226532;8435530706061;PLATO SKY STONE 110X80 BL + VALV
82226533;8435530706078;PLATO SKY LISO 115X80 BL + VALV
82226534;8435530706085;PLATO SKY STONE 115X80 BL + VALV
82226535;8435530706092;PLATO SKY LISO 120X80 BL + VALV
82226536;8435530706108;PLATO SKY STONE 120X80 BL + VALV
82226537;8435530706115;PLATO SKY LISO 130X80 BL + VALV
82226538;8435530706122;PLATO SKY STONE 130X80 BL + VALV
82226539;8435530706139;PLATO SKY LISO 140X80 BL + VALV
82226540;8435530706146;PLATO SKY STONE 140X80 BL + VALV
82226541;8435530706153;PLATO SKY LISO 150X80 BL + VALV
82226542;8435530706160;PLATO SKY STONE 150X80 BL + VALV
82226543;8435530706177;PLATO SKY LISO 160X80 BL + VALV
82226544;8435530706184;PLATO SKY STONE 160X80 BL + VALV
82226545;8435530706191;PLATO SKY LISO 170X80 BL + VALV
82226546;8435530706207;PLATO SKY STONE 170X80 BL + VALV
82226547;8435530706214;PLATO SKY LISO 180X80 BL + VALV
82226548;8435530706221;PLATO SKY STONE 180X80 BL + VALV
82226549;8435530706238;PLATO SKY LISO 190X80 BL + VALV
82226550;8435530706245;PLATO SKY STONE 190X80 BL + VALV
82226551;8435530706252;PLATO SKY LISO 200X80 BL + VALV
82226552;8435530706269;PLATO SKY STONE 200X80 BL + VALV
82226553;8435530706276;PLATO SKY LISO 210X80 BL + VALV
82226554;8435530706283;PLATO SKY STONE 210X80 BL + VALV
82226555;8435530706290;PLATO SKY LISO 80X85 BL + VALV
82226556;8435530706306;PLATO SKY STONE 80X85 BL + VALV
82226557;8435530706313;PLATO SKY LISO 85X85 BL + VALV
82226558;8435530706320;PLATO SKY STONE 85X85 BL + VALV
82226559;8435530706337;PLATO SKY LISO 90X85 BL + VALV
82226560;8435530706344;PLATO SKY STONE 90X85 BL + VALV
82226561;8435530706351;PLATO SKY LISO 95X85 BL + VALV
82226562;8435530706368;PLATO SKY STONE 95X85 BL + VALV
82226563;8435530706375;PLATO SKY LISO 100X85 BL + VALV
82226564;8435530706382;PLATO SKY STONE 100X85 BL + VALV
82226565;8435530706399;PLATO SKY LISO 105X85 BL + VALV
82226566;8435530706405;PLATO SKY STONE 105X85 BL + VALV
82226567;8435530706412;PLATO SKY LISO 110X85 BL + VALV
82226568;8435530706429;PLATO SKY STONE 110X85 BL + VALV
82226569;8435530706436;PLATO SKY LISO 115X85 BL + VALV
82226570;8435530706443;PLATO SKY STONE 115X85 BL + VALV
82226571;8435530706450;PLATO SKY LISO 120X85 BL + VALV
82226572;8435530706467;PLATO SKY STONE 120X85 BL + VALV
82226573;8435530706474;PLATO SKY LISO 130X85 BL + VALV
82226574;8435530706481;PLATO SKY STONE 130X85 BL + VALV
82226575;8435530706498;PLATO SKY LISO 140X85 BL + VALV
82226577;8435530706504;PLATO SKY STONE 140X85 BL + VALV
82226578;8435530706511;PLATO SKY LISO 150X85 BL + VALV
82226579;8435530706528;PLATO SKY STONE 150X85 BL + VALV
82226580;8435530706535;PLATO SKY LISO 160X85 BL + VALV
82226582;8435530706559;PLATO SKY LISO 170X85 BL + VALV
82226584;8435530706573;PLATO SKY LISO 180X85 BL + VALV
82226586;8435530706597;PLATO SKY LISO 190X85 BL + VALV
82226588;8435530706610;PLATO SKY LISO 200X85 BL + VALV
82226590;8435530706634;PLATO SKY LISO 210X85 BL + VALV
82226592;8435530706658;PLATO SKY LISO 80X90 BL + VALV
82226593;8435530706665;PLATO SKY STONE 80X90 BL + VALV
82226594;8435530706672;PLATO SKY LISO 85X90 BL + VALV
82226595;8435530706689;PLATO SKY STONE 85X90 BL + VALV
82226596;8435530706719;PLATO SKY LISO 95X90 BL + VALV
82226597;8435530706726;PLATO SKY STONE 95X90 BL + VALV
82226598;8435530706733;PLATO SKY LISO 100X90 BL + VALV
82226599;8435530706740;PLATO SKY STONE 100X90 BL + VALV
82226600;8435530706757;PLATO SKY LISO 105X90 BL + VALV
82226601;8435530706764;PLATO SKY STONE 105X90 BL + VALV
82226602;8435530706771;PLATO SKY LISO 110X90 BL + VALV
82226603;8435530706788;PLATO SKY STONE 110X90 BL + VALV
82226604;8435530706795;PLATO SKY LISO 115X90 BL + VALV
82226605;8435530706801;PLATO SKY STONE 115X90 BL + VALV
82226606;8435530706818;PLATO SKY LISO 120X90 BL + VALV
82226607;8435530706825;PLATO SKY STONE 120X90 BL + VALV
82226608;8435530706832;PLATO SKY LISO 130X90 BL + VALV
82226610;8435530706849;PLATO SKY STONE 130X90 BL + VALV
82226613;8435530706856;PLATO SKY LISO 140X90 BL + VALV
82226615;8435530706863;PLATO SKY STONE 140X90 BL + VALV
82226616;8435530706870;PLATO SKY LISO 150X90 BL + VALV
82226617;8435530706887;PLATO SKY STONE 150X90 BL + VALV
82226619;8435530706894;PLATO SKY LISO 160X90 BL + VALV
82226620;8435530706900;PLATO SKY STONE 160X90 BL + VALV
82226623;8435530706917;PLATO SKY LISO 170X90 BL + VALV
82226625;8435530706924;PLATO SKY STONE 170X90 BL + VALV
82226627;8435530706931;PLATO SKY LISO 180X90 BL + VALV
82226629;8435530706948;PLATO SKY STONE 180X90 BL + VALV
82226630;8435530706955;PLATO SKY LISO 190X90 BL + VALV
82226632;8435530706962;PLATO SKY STONE 190X90 BL + VALV
82226634;8435530706979;PLATO SKY LISO 200X90 BL + VALV
82226636;8435530706986;PLATO SKY STONE 200X90 BL + VALV
82226638;8435530706993;PLATO SKY LISO 210X90 BL + VALV
82226640;8435530707006;PLATO SKY STONE 210X90 BL + VALV
82226642;8435530707013;PLATO SKY LISO 80X95 BL + VALV
82226644;8435530707020;PLATO SKY STONE 80X95 BL + VALV
82226646;8435530707037;PLATO SKY LISO 85X95 BL + VALV
82226647;8435530707044;PLATO SKY STONE 85X95 BL + VALV
82226648;8435530707051;PLATO SKY LISO 90X95 BL + VALV
82226649;8435530707068;PLATO SKY STONE 90X95 BL + VALV
82226650;8435530707075;PLATO SKY LISO 95X95 BL + VALV
82226651;8435530707099;PLATO SKY LISO 100X95 BL + VALV
82226652;8435530707105;PLATO SKY STONE 100X95 BL + VALV
82226653;8435530707112;PLATO SKY LISO 105X95 BL + VALV
82226654;8435530707129;PLATO SKY STONE 105X95 BL + VALV
82226655;8435530707136;PLATO SKY LISO 110X95 BL + VALV
82226656;8435530707143;PLATO SKY STONE 110X95 BL + VALV
82226657;8435530707150;PLATO SKY LISO 115X95 BL + VALV
82226658;8435530707167;PLATO SKY STONE 115X95 BL + VALV
82226659;8435530707174;PLATO SKY LISO 120X95 BL + VALV
82226660;8435530707181;PLATO SKY STONE 120X95 BL + VALV
82226661;8435530707198;PLATO SKY LISO 130X95 BL + VALV
82226662;8435530707204;PLATO SKY STONE 130X95 BL + VALV
82226663;8435530707211;PLATO SKY LISO 140X95 BL + VALV
82226664;8435530707228;PLATO SKY STONE 140X95 BL + VALV
82226665;8435530707235;PLATO SKY LISO 150X95 BL + VALV
82226666;8435530707242;PLATO SKY STONE 150X95 BL + VALV
82226667;8435530707259;PLATO SKY LISO 160X95 BL + VALV
82226668;8435530707266;PLATO SKY STONE 160X95 BL + VALV
82226669;8435530707273;PLATO SKY LISO 170X95 BL + VALV
82226670;8435530707280;PLATO SKY STONE 170X95 BL + VALV
82226671;8435530707297;PLATO SKY LISO 180X95 BL + VALV
82226672;8435530707303;PLATO SKY STONE 180X95 BL + VALV
82226673;8435530707310;PLATO SKY LISO 190X95 BL + VALV
82226674;8435530707327;PLATO SKY STONE 190X95 BL + VALV
82226675;8435530707334;PLATO SKY LISO 200X95 BL + VALV
82226676;8435530707341;PLATO SKY STONE 200X95 BL + VALV
82226677;8435530707358;PLATO SKY LISO 210X95 BL + VALV
82226678;8435530707365;PLATO SKY STONE 210X95 BL + VALV
82226679;8435530707372;PLATO SKY LISO 80X100 BL + VALV
82226680;8435530707389;PLATO SKY STONE 80X100 BL + VALV
82226681;8435530707396;PLATO SKY LISO 85X100 BL + VALV
82226682;8435530707402;PLATO SKY STONE 85X100 BL + VALV
82226683;8435530707419;PLATO SKY LISO 90X100 BL + VALV
82226684;8435530707426;PLATO SKY STONE 90X100 BL + VALV
82226685;8435530707433;PLATO SKY LISO 95X100 BL + VALV
82226686;8435530707440;PLATO SKY STONE 95X100 BL + VALV
82226687;8435530707471;PLATO SKY LISO 105X100 BL + VALV
82226688;8435530707488;PLATO SKY STONE 105X100 BL + VALV
82226689;8435530707495;PLATO SKY LISO 110X100 BL + VALV
82226690;8435530707501;PLATO SKY STONE 110X100 BL + VALV
82226691;8435530707518;PLATO SKY LISO 115X100 BL + VALV
82226692;8435530707525;PLATO SKY STONE 115X100 BL + VALV
82226693;8435530707532;PLATO SKY LISO 120X100 BL + VALV
82226694;8435530707549;PLATO SKY STONE 120X100 BL + VALV
82226695;8435530707556;PLATO SKY LISO 130X100 BL + VALV
82226696;8435530707563;PLATO SKY STONE 130X100 BL + VALV
82226697;8435530707570;PLATO SKY LISO 140X100 BL + VALV
82226698;8435530707587;PLATO SKY STONE 140X100 BL + VALV
82226699;8435530707594;PLATO SKY LISO 150X100 BL + VALV
82226700;8435530707600;PLATO SKY STONE 150X100 BL + VALV
82226701;8435530707617;PLATO SKY LISO 160X100 BL + VALV
82226702;8435530707624;PLATO SKY STONE 160X100 BL + VALV
82226703;8435530707631;PLATO SKY LISO 170X100 BL + VALV
82226704;8435530707648;PLATO SKY STONE 170X100 BL + VALV
82226705;8435530707655;PLATO SKY LISO 180X100 BL + VALV
82226706;8435530707662;PLATO SKY STONE 180X100 BL + VALV
82226707;8435530707679;PLATO SKY LISO 190X100 BL + VALV
82226708;8435530707686;PLATO SKY STONE 190X100 BL + VALV
82226709;8435530707693;PLATO SKY LISO 200X100 BL + VALV
82226710;8435530707709;PLATO SKY STONE 200X100 BL + VALV
82226711;8435530707716;PLATO SKY LISO 210X100 BL + VALV
82226712;8435530707723;PLATO SKY STONE 210X100 BL + VALV
82227061;8435530709956;PLATO SKY LISO 100X70 AN + VALV
82227062;8435530709963;PLATO SKY STONE 100X70 AN + VALV
82227063;8435530709970;PLATO SKY LISO 105X70 AN + VALV
82227064;8435530709987;PLATO SKY STONE 105X70 AN + VALV
82227065;8435530709994;PLATO SKY LISO 110X70 AN + VALV
82227066;8435530710006;PLATO SKY STONE 110X70 AN + VALV
82227067;8435530710013;PLATO SKY LISO 115X70 AN + VALV
82227068;8435530710020;PLATO SKY STONE 115X70 AN + VALV
82227069;8435530710037;PLATO SKY LISO 120X70 AN + VALV
82227070;8435530710044;PLATO SKY STONE 120X70 AN + VALV
82227071;8435530710051;PLATO SKY LISO 130X70 AN + VALV
82227072;8435530710068;PLATO SKY STONE 130X70 AN + VALV
82227073;8435530710075;PLATO SKY LISO 140X70 AN + VALV
82227074;8435530710082;PLATO SKY STONE 140X70 AN + VALV
82227075;8435530710099;PLATO SKY LISO 150X70 AN + VALV
82227076;8435530710105;PLATO SKY STONE 150X70 AN + VALV
82227077;8435530710112;PLATO SKY LISO 160X70 AN + VALV
82227078;8435530710129;PLATO SKY STONE 160X70 AN + VALV
82227079;8435530710136;PLATO SKY LISO 170X70 AN + VALV
82227080;8435530710143;PLATO SKY STONE 170X70 AN + VALV
82227081;8435530710150;PLATO SKY LISO 180X70 AN + VALV
82227082;8435530710167;PLATO SKY STONE 180X70 AN + VALV
82227083;8435530710174;PLATO SKY LISO 190X70 AN + VALV
82227084;8435530710181;PLATO SKY STONE 190X70 AN + VALV
82227085;8435530710198;PLATO SKY LISO 200X70 AN + VALV
82227086;8435530710204;PLATO SKY STONE 200X70 AN + VALV
82227087;8435530710211;PLATO SKY LISO 210X70 AN + VALV
82227088;8435530710228;PLATO SKY STONE 210X70 AN + VALV
82227089;8435530710235;PLATO SKY LISO 100X75 AN + VALV
82227090;8435530710242;PLATO SKY STONE 100X75 AN + VALV
82227091;8435530710259;PLATO SKY LISO 105X75 AN + VALV
82227092;8435530710266;PLATO SKY STONE 105X75 AN + VALV
82227093;8435530710273;PLATO SKY LISO 110X75 AN + VALV
82227094;8435530710280;PLATO SKY STONE 110X75 AN + VALV
82227095;8435530710297;PLATO SKY LISO 115X75 AN + VALV
82227096;8435530710303;PLATO SKY STONE 115X75 AN + VALV
82227097;8435530710310;PLATO SKY LISO 120X75 AN + VALV
82227098;8435530710327;PLATO SKY STONE 120X75 AN + VALV
82227099;8435530710334;PLATO SKY LISO 130X75 AN + VALV
82227100;8435530710341;PLATO SKY STONE 130X75 AN + VALV
82227101;8435530710358;PLATO SKY LISO 140X75 AN + VALV
82227102;8435530710365;PLATO SKY STONE 140X75 AN + VALV
82227103;8435530710372;PLATO SKY LISO 150X75 AN + VALV
82227104;8435530710389;PLATO SKY STONE 150X75 AN + VALV
82227105;8435530710396;PLATO SKY LISO 160X75 AN + VALV
82227106;8435530710402;PLATO SKY STONE 160X75 AN + VALV
82227107;8435530710419;PLATO SKY LISO 170X75 AN + VALV
82227108;8435530710426;PLATO SKY STONE 170X75 AN + VALV
82227109;8435530710433;PLATO SKY LISO 180X75 AN + VALV
82227110;8435530710440;PLATO SKY STONE 180X75 AN + VALV
82227111;8435530710457;PLATO SKY LISO 190X75 AN + VALV
82227112;8435530710464;PLATO SKY STONE 190X75 AN + VALV
82227113;8435530710471;PLATO SKY LISO 200X75 AN + VALV
82227114;8435530710488;PLATO SKY STONE 200X75 AN + VALV
82227115;8435530710495;PLATO SKY LISO 210X75 AN + VALV
82227116;8435530710501;PLATO SKY STONE 210X75 AN + VALV
82227117;8435530710532;PLATO SKY LISO 85X80 AN + VALV
82227118;8435530710549;PLATO SKY STONE 85X80 AN + VALV
82227119;8435530710556;PLATO SKY LISO 90X80 AN + VALV
82227121;8435530710563;PLATO SKY STONE 90X80 AN + VALV
82227122;8435530710570;PLATO SKY LISO 95X80 AN + VALV
82227135;8435530710587;PLATO SKY STONE 95X80 AN + VALV
82227149;8435530710594;PLATO SKY LISO 100X80 AN + VALV
82227157;8435530710600;PLATO SKY STONE 100X80 AN + VALV
82227158;8435530710617;PLATO SKY LISO 105X80 AN + VALV
82227159;8435530710624;PLATO SKY STONE 105X80 AN + VALV
82227160;8435530710631;PLATO SKY LISO 110X80 AN + VALV
82227167;8435530710648;PLATO SKY STONE 110X80 AN + VALV
82227185;8435530710655;PLATO SKY LISO 115X80 AN + VALV
82227195;8435530710662;PLATO SKY STONE 115X80 AN + VALV
82227196;8435530710679;PLATO SKY LISO 120X80 AN + VALV
82227197;8435530710686;PLATO SKY STONE 120X80 AN + VALV
82227198;8435530710693;PLATO SKY LISO 130X80 AN + VALV
82227199;8435530710709;PLATO SKY STONE 130X80 AN + VALV
82227200;8435530710716;PLATO SKY LISO 140X80 AN + VALV
82227201;8435530710723;PLATO SKY STONE 140X80 AN + VALV
82227202;8435530710730;PLATO SKY LISO 150X80 AN + VALV
82227203;8435530710747;PLATO SKY STONE 150X80 AN + VALV
82227204;8435530710754;PLATO SKY LISO 160X80 AN + VALV
82227205;8435530710761;PLATO SKY STONE 160X80 AN + VALV
82227206;8435530710778;PLATO SKY LISO 170X80 AN + VALV
82227207;8435530710785;PLATO SKY STONE 170X80 AN + VALV
82227208;8435530710792;PLATO SKY LISO 180X80 AN + VALV
82227209;8435530710808;PLATO SKY STONE 180X80 AN + VALV
82227210;8435530710815;PLATO SKY LISO 190X80 AN + VALV
82227214;8435530710822;PLATO SKY STONE 190X80 AN + VALV
82227230;8435530710839;PLATO SKY LISO 200X80 AN + VALV
82227245;8435530710846;PLATO SKY STONE 200X80 AN + VALV
82227248;8435530710853;PLATO SKY LISO 210X80 AN + VALV
82227249;8435530710860;PLATO SKY STONE 210X80 AN + VALV
82227250;8435530710877;PLATO SKY LISO 80X85 AN + VALV
82227251;8435530710884;PLATO SKY STONE 80X85 AN + VALV
82227252;8435530710891;PLATO SKY LISO 85X85 AN + VALV
82227253;8435530710907;PLATO SKY STONE 85X85 AN + VALV
82227254;8435530710914;PLATO SKY LISO 90X85 AN + VALV
82227255;8435530710921;PLATO SKY STONE 90X85 AN + VALV
82227256;8435530710938;PLATO SKY LISO 95X85 AN + VALV
82227257;8435530710945;PLATO SKY STONE 95X85 AN + VALV
82227258;8435530710952;PLATO SKY LISO 100X85 AN + VALV
82227259;8435530710969;PLATO SKY STONE 100X85 AN + VALV
82227260;8435530710976;PLATO SKY LISO 105X85 AN + VALV
82227261;8435530710983;PLATO SKY STONE 105X85 AN + VALV
82227262;8435530710990;PLATO SKY LISO 110X85 AN + VALV
82227263;8435530711003;PLATO SKY STONE 110X85 AN + VALV
82227264;8435530711010;PLATO SKY LISO 115X85 AN + VALV
82227265;8435530711027;PLATO SKY STONE 115X85 AN + VALV
82227266;8435530711034;PLATO SKY LISO 120X85 AN + VALV
82227267;8435530711041;PLATO SKY STONE 120X85 AN + VALV
82227268;8435530711058;PLATO SKY LISO 130X85 AN + VALV
82227269;8435530711065;PLATO SKY STONE 130X85 AN + VALV
82227270;8435530711072;PLATO SKY LISO 140X85 AN + VALV
82227271;8435530711089;PLATO SKY STONE 140X85 AN + VALV
82227272;8435530711096;PLATO SKY LISO 150X85 AN + VALV
82227273;8435530711102;PLATO SKY STONE 150X85 AN + VALV
82227274;8435530711119;PLATO SKY LISO 160X85 AN + VALV
82227276;8435530711133;PLATO SKY LISO 170X85 AN + VALV
82227278;8435530711157;PLATO SKY LISO 180X85 AN + VALV
82227280;8435530711171;PLATO SKY LISO 190X85 AN + VALV
82227282;8435530711195;PLATO SKY LISO 200X85 AN + VALV
82227284;8435530711218;PLATO SKY LISO 210X85 AN + VALV
82227286;8435530711232;PLATO SKY LISO 80X90 AN + VALV
82227287;8435530711249;PLATO SKY STONE 80X90 AN + VALV
82227288;8435530711256;PLATO SKY LISO 85X90 AN + VALV
82227289;8435530711263;PLATO SKY STONE 85X90 AN + VALV
82227290;8435530711294;PLATO SKY LISO 95X90 AN + VALV
82227291;8435530711300;PLATO SKY STONE 95X90 AN + VALV
82227292;8435530711317;PLATO SKY LISO 100X90 AN + VALV
82227293;8435530711324;PLATO SKY STONE 100X90 AN + VALV
82227294;8435530711331;PLATO SKY LISO 105X90 AN + VALV
82227295;8435530711348;PLATO SKY STONE 105X90 AN + VALV
82227296;8435530711355;PLATO SKY LISO 110X90 AN + VALV
82227297;8435530711362;PLATO SKY STONE 110X90 AN + VALV
82227298;8435530711379;PLATO SKY LISO 115X90 AN + VALV
82227299;8435530711386;PLATO SKY STONE 115X90 AN + VALV
82227300;8435530711393;PLATO SKY LISO 120X90 AN + VALV
82227301;8435530711409;PLATO SKY STONE 120X90 AN + VALV
82227302;8435530711416;PLATO SKY LISO 130X90 AN + VALV
82227303;8435530711423;PLATO SKY STONE 130X90 AN + VALV
82227304;8435530711430;PLATO SKY LISO 140X90 AN + VALV
82227305;8435530711447;PLATO SKY STONE 140X90 AN + VALV
82227306;8435530711454;PLATO SKY LISO 150X90 AN + VALV
82227307;8435530711461;PLATO SKY STONE 150X90 AN + VALV
82227308;8435530711478;PLATO SKY LISO 160X90 AN + VALV
82227309;8435530711485;PLATO SKY STONE 160X90 AN + VALV
82227311;8435530711492;PLATO SKY LISO 170X90 AN + VALV
82227312;8435530711508;PLATO SKY STONE 170X90 AN + VALV
82227313;8435530711515;PLATO SKY LISO 180X90 AN + VALV
82227314;8435530711522;PLATO SKY STONE 180X90 AN + VALV
82227315;8435530711539;PLATO SKY LISO 190X90 AN + VALV
82227316;8435530711546;PLATO SKY STONE 190X90 AN + VALV
82227317;8435530711553;PLATO SKY LISO 200X90 AN + VALV
82227318;8435530711560;PLATO SKY STONE 200X90 AN + VALV
82227319;8435530711577;PLATO SKY LISO 210X90 AN + VALV
82227320;8435530711584;PLATO SKY STONE 210X90 AN + VALV
82227321;8435530711591;PLATO SKY LISO 80X95 AN + VALV
82227322;8435530711607;PLATO SKY STONE 80X95 AN + VALV
82227323;8435530711614;PLATO SKY LISO 85X95 AN + VALV
82227324;8435530711621;PLATO SKY STONE 85X95 AN + VALV
82227325;8435530711638;PLATO SKY LISO 90X95 AN + VALV
82227326;8435530711645;PLATO SKY STONE 90X95 AN + VALV
82227327;8435530711652;PLATO SKY LISO 95X95 AN + VALV
82227328;8435530711669;PLATO SKY STONE 95X95 AN + VALV
82227329;8435530711676;PLATO SKY LISO 100X95 AN + VALV
82227330;8435530711683;PLATO SKY STONE 100X95 AN + VALV
82227331;8435530711690;PLATO SKY LISO 105X95 AN + VALV
82227332;8435530711706;PLATO SKY STONE 105X95 AN + VALV
82227333;8435530711713;PLATO SKY LISO 110X95 AN + VALV
82227334;8435530711720;PLATO SKY STONE 110X95 AN + VALV
82227335;8435530711737;PLATO SKY LISO 115X95 AN + VALV
82227336;8435530711744;PLATO SKY STONE 115X95 AN + VALV
82227337;8435530711751;PLATO SKY LISO 120X95 AN + VALV
82227338;8435530711768;PLATO SKY STONE 120X95 AN + VALV
82227339;8435530711775;PLATO SKY LISO 130X95 AN + VALV
82227340;8435530711782;PLATO SKY STONE 130X95 AN + VALV
82227341;8435530711799;PLATO SKY LISO 140X95 AN + VALV
82227342;8435530711805;PLATO SKY STONE 140X95 AN + VALV
82227343;8435530711812;PLATO SKY LISO 150X95 AN + VALV
82227344;8435530711829;PLATO SKY STONE 150X95 AN + VALV
82227345;8435530711836;PLATO SKY LISO 160X95 AN + VALV
82227346;8435530711843;PLATO SKY STONE 160X95 AN + VALV
82227347;8435530711850;PLATO SKY LISO 170X95 AN + VALV
82227348;8435530711867;PLATO SKY STONE 170X95 AN + VALV
82227349;8435530711874;PLATO SKY LISO 180X95 AN + VALV
82227350;8435530711881;PLATO SKY STONE 180X95 AN + VALV
82227351;8435530711898;PLATO SKY LISO 190X95 AN + VALV
82227352;8435530711904;PLATO SKY STONE 190X95 AN + VALV
82227353;8435530711911;PLATO SKY LISO 200X95 AN + VALV
82227354;8435530711928;PLATO SKY STONE 200X95 AN + VALV
82227355;8435530711935;PLATO SKY LISO 210X95 AN + VALV
82227356;8435530711942;PLATO SKY STONE 210X95 AN + VALV
82227357;8435530711959;PLATO SKY LISO 80X100 AN + VALV
82227358;8435530711966;PLATO SKY STONE 80X100 AN + VALV
82227359;8435530711973;PLATO SKY LISO 85X100 AN + VALV
82227360;8435530711980;PLATO SKY STONE 85X100 AN + VALV
82227361;8435530711997;PLATO SKY LISO 90X100 AN + VALV
82227362;8435530712000;PLATO SKY STONE 90X100 AN + VALV
82227363;8435530712017;PLATO SKY LISO 95X100 AN + VALV
82227364;8435530712024;PLATO SKY STONE 95X100 AN + VALV
82227365;8435530712055;PLATO SKY LISO 105X100 AN + VALV
82227366;8435530712062;PLATO SKY STONE 105X100 AN + VALV
82227367;8435530712079;PLATO SKY LISO 110X100 AN + VALV
82227368;8435530712086;PLATO SKY STONE 110X100 AN + VALV
82227369;8435530712093;PLATO SKY LISO 115X100 AN + VALV
82227370;8435530712109;PLATO SKY STONE 115X100 AN + VALV
82227371;8435530712116;PLATO SKY LISO 120X100 AN + VALV
82227372;8435530712123;PLATO SKY STONE 120X100 AN + VALV
82227373;8435530712130;PLATO SKY LISO 130X100 AN + VALV
82227374;8435530712147;PLATO SKY STONE 130X100 AN + VALV
82227375;8435530712154;PLATO SKY LISO 140X100 AN + VALV
82227376;8435530712161;PLATO SKY STONE 140X100 AN + VALV
82227377;8435530712178;PLATO SKY LISO 150X100 AN + VALV
82227379;8435530712185;PLATO SKY STONE 150X100 AN + VALV
82227380;8435530712192;PLATO SKY LISO 160X100 AN + VALV
82227381;8435530712208;PLATO SKY STONE 160X100 AN + VALV
82227382;8435530712215;PLATO SKY LISO 170X100 AN + VALV
82227383;8435530712222;PLATO SKY STONE 170X100 AN + VALV
82227384;8435530712239;PLATO SKY LISO 180X100 AN + VALV
82227385;8435530712246;PLATO SKY STONE 180X100 AN + VALV
82227386;8435530712253;PLATO SKY LISO 190X100 AN + VALV
82227387;8435530712260;PLATO SKY STONE 190X100 AN + VALV
82227388;8435530712277;PLATO SKY LISO 200X100 AN + VALV
82227389;8435530712284;PLATO SKY STONE 200X100 AN + VALV
82227390;8435530712291;PLATO SKY LISO 210X100 AN + VALV
82227391;8435530712307;PLATO SKY STONE 210X100 AN + VALV
82227656;8435530714530;PLATO SKY LISO 100X70 PE + VALV
82227658;8435530714547;PLATO SKY STONE 100X70 PE + VALV
82227660;8435530714554;PLATO SKY LISO 105X70 PE + VALV
82227661;8435530714561;PLATO SKY STONE 105X70 PE + VALV
82227663;8435530714578;PLATO SKY LISO 110X70 PE + VALV
82227665;8435530714585;PLATO SKY STONE 110X70 PE + VALV
82227667;8435530714592;PLATO SKY LISO 115X70 PE + VALV
82227669;8435530714608;PLATO SKY STONE 115X70 PE + VALV
82227671;8435530714615;PLATO SKY LISO 120X70 PE + VALV
82227672;8435530714622;PLATO SKY STONE 120X70 PE + VALV
82227673;8435530714639;PLATO SKY LISO 130X70 PE + VALV
82227674;8435530714646;PLATO SKY STONE 130X70 PE + VALV
82227676;8435530714653;PLATO SKY LISO 140X70 PE + VALV
82227678;8435530714660;PLATO SKY STONE 140X70 PE + VALV
82227680;8435530714677;PLATO SKY LISO 150X70 PE + VALV
82227682;8435530714684;PLATO SKY STONE 150X70 PE + VALV
82227684;8435530714691;PLATO SKY LISO 160X70 PE + VALV
82227686;8435530714707;PLATO SKY STONE 160X70 PE + VALV
82227687;8435530714714;PLATO SKY LISO 170X70 PE + VALV
82227689;8435530714721;PLATO SKY STONE 170X70 PE + VALV
82227691;8435530714738;PLATO SKY LISO 180X70 PE + VALV
82227693;8435530714745;PLATO SKY STONE 180X70 PE + VALV
82227695;8435530714752;PLATO SKY LISO 190X70 PE + VALV
82227697;8435530714769;PLATO SKY STONE 190X70 PE + VALV
82227699;8435530714776;PLATO SKY LISO 200X70 PE + VALV
82227701;8435530714783;PLATO SKY STONE 200X70 PE + VALV
82227703;8435530714790;PLATO SKY LISO 210X70 PE + VALV
82227705;8435530714806;PLATO SKY STONE 210X70 PE + VALV
82227706;8435530714813;PLATO SKY LISO 100X75 PE + VALV
82227708;8435530714820;PLATO SKY STONE 100X75 PE + VALV
82227710;8435530714837;PLATO SKY LISO 105X75 PE + VALV
82227712;8435530714844;PLATO SKY STONE 105X75 PE + VALV
82227719;8435530714851;PLATO SKY LISO 110X75 PE + VALV
82227721;8435530714868;PLATO SKY STONE 110X75 PE + VALV
82227723;8435530714875;PLATO SKY LISO 115X75 PE + VALV
82227725;8435530714882;PLATO SKY STONE 115X75 PE + VALV
82227727;8435530714899;PLATO SKY LISO 120X75 PE + VALV
82227729;8435530714905;PLATO SKY STONE 120X75 PE + VALV
82227730;8435530714912;PLATO SKY LISO 130X75 PE + VALV
82227732;8435530714929;PLATO SKY STONE 130X75 PE + VALV
82227734;8435530714936;PLATO SKY LISO 140X75 PE + VALV
82227736;8435530714943;PLATO SKY STONE 140X75 PE + VALV
82227738;8435530714950;PLATO SKY LISO 150X75 PE + VALV
82227740;8435530714967;PLATO SKY STONE 150X75 PE + VALV
82227742;8435530714974;PLATO SKY LISO 160X75 PE + VALV
82227744;8435530714981;PLATO SKY STONE 160X75 PE + VALV
82227746;8435530714998;PLATO SKY LISO 170X75 PE + VALV
82227748;8435530715001;PLATO SKY STONE 170X75 PE + VALV
82227749;8435530715018;PLATO SKY LISO 180X75 PE + VALV
82227750;8435530715025;PLATO SKY STONE 180X75 PE + VALV
82227751;8435530715032;PLATO SKY LISO 190X75 PE + VALV
82227752;8435530715049;PLATO SKY STONE 190X75 PE + VALV
82227753;8435530715056;PLATO SKY LISO 200X75 PE + VALV
82227754;8435530715063;PLATO SKY STONE 200X75 PE + VALV
82227755;8435530715070;PLATO SKY LISO 210X75 PE + VALV
82227756;8435530715087;PLATO SKY STONE 210X75 PE + VALV
82227757;8435530715117;PLATO SKY LISO 85X80 PE + VALV
82227758;8435530715124;PLATO SKY STONE 85X80 PE + VALV
82227760;8435530715131;PLATO SKY LISO 90X80 PE + VALV
82227763;8435530715148;PLATO SKY STONE 90X80 PE + VALV
82227764;8435530715155;PLATO SKY LISO 95X80 PE + VALV
82227767;8435530715162;PLATO SKY STONE 95X80 PE + VALV
82227770;8435530715179;PLATO SKY LISO 100X80 PE + VALV
82227772;8435530715186;PLATO SKY STONE 100X80 PE + VALV
82227774;8435530715193;PLATO SKY LISO 105X80 PE + VALV
82227776;8435530715209;PLATO SKY STONE 105X80 PE + VALV
82227778;8435530715216;PLATO SKY LISO 110X80 PE + VALV
82227780;8435530715223;PLATO SKY STONE 110X80 PE + VALV
82227782;8435530715230;PLATO SKY LISO 115X80 PE + VALV
82227784;8435530715247;PLATO SKY STONE 115X80 PE + VALV
82227786;8435530715254;PLATO SKY LISO 120X80 PE + VALV
82227788;8435530715261;PLATO SKY STONE 120X80 PE + VALV
82227790;8435530715278;PLATO SKY LISO 130X80 PE + VALV
82227792;8435530715285;PLATO SKY STONE 130X80 PE + VALV
82227794;8435530715292;PLATO SKY LISO 140X80 PE + VALV
82227796;8435530715308;PLATO SKY STONE 140X80 PE + VALV
82227798;8435530715315;PLATO SKY LISO 150X80 PE + VALV
82227800;8435530715322;PLATO SKY STONE 150X80 PE + VALV
82227802;8435530715339;PLATO SKY LISO 160X80 PE + VALV
82227804;8435530715346;PLATO SKY STONE 160X80 PE + VALV
82227806;8435530715353;PLATO SKY LISO 170X80 PE + VALV
82227808;8435530715360;PLATO SKY STONE 170X80 PE + VALV
82227810;8435530715377;PLATO SKY LISO 180X80 PE + VALV
82227812;8435530715384;PLATO SKY STONE 180X80 PE + VALV
82227814;8435530715391;PLATO SKY LISO 190X80 PE + VALV
82227816;8435530715407;PLATO SKY STONE 190X80 PE + VALV
82227818;8435530715414;PLATO SKY LISO 200X80 PE + VALV
82227821;8435530715421;PLATO SKY STONE 200X80 PE + VALV
82227823;8435530715438;PLATO SKY LISO 210X80 PE + VALV
82227825;8435530715445;PLATO SKY STONE 210X80 PE + VALV
82227827;8435530715452;PLATO SKY LISO 80X85 PE + VALV
82227829;8435530715469;PLATO SKY STONE 80X85 PE + VALV
82227831;8435530715490;PLATO SKY LISO 90X85 PE + VALV
82227833;8435530715506;PLATO SKY STONE 90X85 PE + VALV
82227835;8435530715513;PLATO SKY LISO 95X85 PE + VALV
82227837;8435530715520;PLATO SKY STONE 95X85 PE + VALV
82227838;8435530715537;PLATO SKY LISO 100X85 PE + VALV
82227840;8435530715544;PLATO SKY STONE 100X85 PE + VALV
82227843;8435530715551;PLATO SKY LISO 105X85 PE + VALV
82227845;8435530715568;PLATO SKY STONE 105X85 PE + VALV
82227847;8435530715575;PLATO SKY LISO 110X85 PE + VALV
82227849;8435530715582;PLATO SKY STONE 110X85 PE + VALV
82227851;8435530715599;PLATO SKY LISO 115X85 PE + VALV
82227853;8435530715605;PLATO SKY STONE 115X85 PE + VALV
82227855;8435530715612;PLATO SKY LISO 120X85 PE + VALV
82227857;8435530715629;PLATO SKY STONE 120X85 PE + VALV
82227858;8435530715636;PLATO SKY LISO 130X85 PE + VALV
82227860;8435530715643;PLATO SKY STONE 130X85 PE + VALV
82227862;8435530715650;PLATO SKY LISO 140X85 PE + VALV
82227865;8435530715667;PLATO SKY STONE 140X85 PE + VALV
82227867;8435530715674;PLATO SKY LISO 150X85 PE + VALV
82227869;8435530715681;PLATO SKY STONE 150X85 PE + VALV
82227870;8435530715698;PLATO SKY LISO 160X85 PE + VALV
82227874;8435530715711;PLATO SKY LISO 170X85 PE + VALV
82227878;8435530715735;PLATO SKY LISO 180X85 PE + VALV
82227882;8435530715759;PLATO SKY LISO 190X85 PE + VALV
82227886;8435530715773;PLATO SKY LISO 200X85 PE + VALV
82227890;8435530715797;PLATO SKY LISO 210X85 PE + VALV
82227894;8435530715810;PLATO SKY LISO 80X90 PE + VALV
82227896;8435530715827;PLATO SKY STONE 80X90 PE + VALV
82227897;8435530715834;PLATO SKY LISO 85X90 PE + VALV
82227899;8435530715841;PLATO SKY STONE 85X90 PE + VALV
82227901;8435530715872;PLATO SKY LISO 95X90 PE + VALV
82227904;8435530715889;PLATO SKY STONE 95X90 PE + VALV
82227906;8435530715896;PLATO SKY LISO 100X90 PE + VALV
82227908;8435530715902;PLATO SKY STONE 100X90 PE + VALV
82227909;8435530715919;PLATO SKY LISO 105X90 PE + VALV
82227911;8435530715926;PLATO SKY STONE 105X90 PE + VALV
82227913;8435530715933;PLATO SKY LISO 110X90 PE + VALV
82227915;8435530715940;PLATO SKY STONE 110X90 PE + VALV
82227917;8435530715957;PLATO SKY LISO 115X90 PE + VALV
82227919;8435530715964;PLATO SKY STONE 115X90 PE + VALV
82227920;8435530715971;PLATO SKY LISO 120X90 PE + VALV
82227923;8435530715988;PLATO SKY STONE 120X90 PE + VALV
82227925;8435530715995;PLATO SKY LISO 130X90 PE + VALV
82227927;8435530716008;PLATO SKY STONE 130X90 PE + VALV
82227929;8435530716015;PLATO SKY LISO 140X90 PE + VALV
82227931;8435530716022;PLATO SKY STONE 140X90 PE + VALV
82227933;8435530716039;PLATO SKY LISO 150X90 PE + VALV
82227935;8435530716046;PLATO SKY STONE 150X90 PE + VALV
82227937;8435530716053;PLATO SKY LISO 160X90 PE + VALV
82227938;8435530716060;PLATO SKY STONE 160X90 PE + VALV
82227940;8435530716077;PLATO SKY LISO 170X90 PE + VALV
82227943;8435530716084;PLATO SKY STONE 170X90 PE + VALV
82227945;8435530716091;PLATO SKY LISO 180X90 PE + VALV
82227947;8435530716107;PLATO SKY STONE 180X90 PE + VALV
82227949;8435530716114;PLATO SKY LISO 190X90 PE + VALV
82227951;8435530716121;PLATO SKY STONE 190X90 PE + VALV
82227952;8435530716138;PLATO SKY LISO 200X90 PE + VALV
82227954;8435530716145;PLATO SKY STONE 200X90 PE + VALV
82227956;8435530716152;PLATO SKY LISO 210X90 PE + VALV
82227958;8435530716169;PLATO SKY STONE 210X90 PE + VALV
82227960;8435530716176;PLATO SKY LISO 80X95 PE + VALV
82227964;8435530716183;PLATO SKY STONE 80X95 PE + VALV
82227966;8435530716190;PLATO SKY LISO 85X95 PE + VALV
82227968;8435530716206;PLATO SKY STONE 85X95 PE + VALV
82227970;8435530716213;PLATO SKY LISO 90X95 PE + VALV
82227972;8435530716220;PLATO SKY STONE 90X95 PE + VALV
82227974;8435530716251;PLATO SKY LISO 100X95 PE + VALV
82227976;8435530716268;PLATO SKY STONE 100X95 PE + VALV
82227978;8435530716275;PLATO SKY LISO 105X95 PE + VALV
82227979;8435530716282;PLATO SKY STONE 105X95 PE + VALV
82227982;8435530716299;PLATO SKY LISO 110X95 PE + VALV
82227984;8435530716305;PLATO SKY STONE 110X95 PE + VALV
82227985;8435530716312;PLATO SKY LISO 115X95 PE + VALV
82227987;8435530716329;PLATO SKY STONE 115X95 PE + VALV
82227993;8435530716336;PLATO SKY LISO 120X95 PE + VALV
82227995;8435530716343;PLATO SKY STONE 120X95 PE + VALV
82227997;8435530716350;PLATO SKY LISO 130X95 PE + VALV
82227999;8435530716367;PLATO SKY STONE 130X95 PE + VALV
82228001;8435530716374;PLATO SKY LISO 140X95 PE + VALV
82228002;8435530716381;PLATO SKY STONE 140X95 PE + VALV
82228004;8435530716398;PLATO SKY LISO 150X95 PE + VALV
82228006;8435530716404;PLATO SKY STONE 150X95 PE + VALV
82228009;8435530716411;PLATO SKY LISO 160X95 PE + VALV
82228011;8435530716428;PLATO SKY STONE 160X95 PE + VALV
82228013;8435530716435;PLATO SKY LISO 170X95 PE + VALV
82228015;8435530716442;PLATO SKY STONE 170X95 PE + VALV
82228017;8435530716459;PLATO SKY LISO 180X95 PE + VALV
82228019;8435530716466;PLATO SKY STONE 180X95 PE + VALV
82228021;8435530716473;PLATO SKY LISO 190X95 PE + VALV
82228022;8435530716480;PLATO SKY STONE 190X95 PE + VALV
82228024;8435530716497;PLATO SKY LISO 200X95 PE + VALV
82228026;8435530716503;PLATO SKY STONE 200X95 PE + VALV
82228028;8435530716510;PLATO SKY LISO 210X95 PE + VALV
82228031;8435530716527;PLATO SKY STONE 210X95 PE + VALV
82228034;8435530716534;PLATO SKY LISO 80X100 PE + VALV
82228037;8435530716541;PLATO SKY STONE 80X100 PE + VALV
82228040;8435530716558;PLATO SKY LISO 85X100 PE + VALV
82228043;8435530716565;PLATO SKY STONE 85X100 PE + VALV
82228046;8435530716572;PLATO SKY LISO 90X100 PE + VALV
82228049;8435530716589;PLATO SKY STONE 90X100 PE + VALV
82228052;8435530716596;PLATO SKY LISO 95X100 PE + VALV
82228055;8435530716602;PLATO SKY STONE 95X100 PE + VALV
82228058;8435530716633;PLATO SKY LISO 105X100 PE + VALV
82228061;8435530716640;PLATO SKY STONE 105X100 PE + VALV
82228065;8435530716657;PLATO SKY LISO 110X100 PE + VALV
82228068;8435530716664;PLATO SKY STONE 110X100 PE + VALV
82228071;8435530716671;PLATO SKY LISO 115X100 PE + VALV
82228075;8435530716688;PLATO SKY STONE 115X100 PE + VALV
82228078;8435530716695;PLATO SKY LISO 120X100 PE + VALV
82228081;8435530716701;PLATO SKY STONE 120X100 PE + VALV
82228085;8435530716718;PLATO SKY LISO 130X100 PE + VALV
82228088;8435530716725;PLATO SKY STONE 130X100 PE + VALV
82228090;8435530716732;PLATO SKY LISO 140X100 PE + VALV
82228093;8435530716749;PLATO SKY STONE 140X100 PE + VALV
82228096;8435530716756;PLATO SKY LISO 150X100 PE + VALV
82228099;8435530716763;PLATO SKY STONE 150X100 PE + VALV
82228102;8435530716770;PLATO SKY LISO 160X100 PE + VALV
82228105;8435530716787;PLATO SKY STONE 160X100 PE + VALV
82228109;8435530716794;PLATO SKY LISO 170X100 PE + VALV
82228112;8435530716800;PLATO SKY STONE 170X100 PE + VALV
82228114;8435530716817;PLATO SKY LISO 180X100 PE + VALV
82228117;8435530716824;PLATO SKY STONE 180X100 PE + VALV
82228121;8435530716831;PLATO SKY LISO 190X100 PE + VALV
82228124;8435530716848;PLATO SKY STONE 190X100 PE + VALV
82228127;8435530716855;PLATO SKY LISO 200X100 PE + VALV
82228130;8435530716862;PLATO SKY STONE 200X100 PE + VALV
82228133;8435530716879;PLATO SKY LISO 210X100 PE + VALV
82228137;8435530716886;PLATO SKY STONE 210X100 PE + VALV
82228577;8435530719115;PLATO SKY LISO 100X70 CR + VALV
82228578;8435530719122;PLATO SKY STONE 100X70 CR + VALV
82228579;8435530719139;PLATO SKY LISO 105X70 CR + VALV
82228580;8435530719146;PLATO SKY STONE 105X70 CR + VALV
82228581;8435530719153;PLATO SKY LISO 110X70 CR + VALV
82228582;8435530719160;PLATO SKY STONE 110X70 CR + VALV
82228583;8435530719177;PLATO SKY LISO 115X70 CR + VALV
82228584;8435530719184;PLATO SKY STONE 115X70 CR + VALV
82228585;8435530719191;PLATO SKY LISO 120X70 CR + VALV
82228586;8435530719207;PLATO SKY STONE 120X70 CR + VALV
82228587;8435530719214;PLATO SKY LISO 130X70 CR + VALV
82228588;8435530719221;PLATO SKY STONE 130X70 CR + VALV
82228589;8435530719238;PLATO SKY LISO 140X70 CR + VALV
82228590;8435530719245;PLATO SKY STONE 140X70 CR + VALV
82228591;8435530719252;PLATO SKY LISO 150X70 CR + VALV
82228592;8435530719269;PLATO SKY STONE 150X70 CR + VALV
82228593;8435530719276;PLATO SKY LISO 160X70 CR + VALV
82228594;8435530719283;PLATO SKY STONE 160X70 CR + VALV
82228595;8435530719290;PLATO SKY LISO 170X70 CR + VALV
82228596;8435530719306;PLATO SKY STONE 170X70 CR + VALV
82228597;8435530719313;PLATO SKY LISO 180X70 CR + VALV
82228598;8435530719320;PLATO SKY STONE 180X70 CR + VALV
82228599;8435530719337;PLATO SKY LISO 190X70 CR + VALV
82228600;8435530719344;PLATO SKY STONE 190X70 CR + VALV
82228601;8435530719351;PLATO SKY LISO 200X70 CR + VALV
82228602;8435530719368;PLATO SKY STONE 200X70 CR + VALV
82228603;8435530719375;PLATO SKY LISO 210X70 CR + VALV
82228604;8435530719382;PLATO SKY STONE 210X70 CR + VALV
82228605;8435530719399;PLATO SKY LISO 100X75 CR + VALV
82228606;8435530719405;PLATO SKY STONE 100X75 CR + VALV
82228607;8435530719412;PLATO SKY LISO 105X75 CR + VALV
82228608;8435530719429;PLATO SKY STONE 105X75 CR + VALV
82228609;8435530719436;PLATO SKY LISO 110X75 CR + VALV
82228610;8435530719443;PLATO SKY STONE 110X75 CR + VALV
82228611;8435530719450;PLATO SKY LISO 115X75 CR + VALV
82228612;8435530719467;PLATO SKY STONE 115X75 CR + VALV
82228613;8435530719474;PLATO SKY LISO 120X75 CR + VALV
82228614;8435530719481;PLATO SKY STONE 120X75 CR + VALV
82228615;8435530719498;PLATO SKY LISO 130X75 CR + VALV
82228616;8435530719504;PLATO SKY STONE 130X75 CR + VALV
82228617;8435530719511;PLATO SKY LISO 140X75 CR + VALV
82228618;8435530719528;PLATO SKY STONE 140X75 CR + VALV
82228619;8435530719535;PLATO SKY LISO 150X75 CR + VALV
82228620;8435530719542;PLATO SKY STONE 150X75 CR + VALV
82228621;8435530719559;PLATO SKY LISO 160X75 CR + VALV
82228622;8435530719566;PLATO SKY STONE 160X75 CR + VALV
82228623;8435530719573;PLATO SKY LISO 170X75 CR + VALV
82228624;8435530719580;PLATO SKY STONE 170X75 CR + VALV
82228625;8435530719597;PLATO SKY LISO 180X75 CR + VALV
82228626;8435530719603;PLATO SKY STONE 180X75 CR + VALV
82228627;8435530719610;PLATO SKY LISO 190X75 CR + VALV
82228628;8435530719627;PLATO SKY STONE 190X75 CR + VALV
82228629;8435530719634;PLATO SKY LISO 200X75 CR + VALV
82228630;8435530719641;PLATO SKY STONE 200X75 CR + VALV
82228631;8435530719658;PLATO SKY LISO 210X75 CR + VALV
82228632;8435530719665;PLATO SKY STONE 210X75 CR + VALV
82228633;8435530719672;PLATO SKY LISO 80X80 CR + VALV
82228634;8435530719689;PLATO SKY STONE 80X80 CR + VALV
82228635;8435530719696;PLATO SKY LISO 85X80 CR + VALV
82228636;8435530719702;PLATO SKY STONE 85X80 CR + VALV
82228637;8435530719719;PLATO SKY LISO 90X80 CR + VALV
82228638;8435530719726;PLATO SKY STONE 90X80 CR + VALV
82228639;8435530719733;PLATO SKY LISO 95X80 CR + VALV
82228640;8435530719740;PLATO SKY STONE 95X80 CR + VALV
82228641;8435530719757;PLATO SKY LISO 100X80 CR + VALV
82228643;8435530719764;PLATO SKY STONE 100X80 CR + VALV
82228644;8435530719771;PLATO SKY LISO 105X80 CR + VALV
82228645;8435530719788;PLATO SKY STONE 105X80 CR + VALV
82228646;8435530719795;PLATO SKY LISO 110X80 CR + VALV
82228647;8435530719801;PLATO SKY STONE 110X80 CR + VALV
82228648;8435530719818;PLATO SKY LISO 115X80 CR + VALV
82228649;8435530719825;PLATO SKY STONE 115X80 CR + VALV
82228650;8435530719832;PLATO SKY LISO 120X80 CR + VALV
82228651;8435530719849;PLATO SKY STONE 120X80 CR + VALV
82228652;8435530719856;PLATO SKY LISO 130X80 CR + VALV
82228653;8435530719863;PLATO SKY STONE 130X80 CR + VALV
82228654;8435530719870;PLATO SKY LISO 140X80 CR + VALV
82228655;8435530719887;PLATO SKY STONE 140X80 CR + VALV
82228656;8435530719894;PLATO SKY LISO 150X80 CR + VALV
82228657;8435530719900;PLATO SKY STONE 150X80 CR + VALV
82228658;8435530719917;PLATO SKY LISO 160X80 CR + VALV
82228659;8435530719924;PLATO SKY STONE 160X80 CR + VALV
82228660;8435530719931;PLATO SKY LISO 170X80 CR + VALV
82228661;8435530719948;PLATO SKY STONE 170X80 CR + VALV
82228662;8435530719955;PLATO SKY LISO 180X80 CR + VALV
82228663;8435530719962;PLATO SKY STONE 180X80 CR + VALV
82228664;8435530719979;PLATO SKY LISO 190X80 CR + VALV
82228665;8435530719986;PLATO SKY STONE 190X80 CR + VALV
82228666;8435530719993;PLATO SKY LISO 200X80 CR + VALV
82228667;8435530720005;PLATO SKY STONE 200X80 CR + VALV
82228668;8435530720012;PLATO SKY LISO 210X80 CR + VALV
82228669;8435530720029;PLATO SKY STONE 210X80 CR + VALV
82228670;8435530720036;PLATO SKY LISO 80X85 CR + VALV
82228671;8435530720043;PLATO SKY STONE 80X85 CR + VALV
82228672;8435530720074;PLATO SKY LISO 90X85 CR + VALV
82228673;8435530720081;PLATO SKY STONE 90X85 CR + VALV
82228674;8435530720098;PLATO SKY LISO 95X85 CR + VALV
82228675;8435530720104;PLATO SKY STONE 95X85 CR + VALV
82228676;8435530720111;PLATO SKY LISO 100X85 CR + VALV
82228677;8435530720128;PLATO SKY STONE 100X85 CR + VALV
82228678;8435530720135;PLATO SKY LISO 105X85 CR + VALV
82228679;8435530720142;PLATO SKY STONE 105X85 CR + VALV
82228680;8435530720159;PLATO SKY LISO 110X85 CR + VALV
82228681;8435530720166;PLATO SKY STONE 110X85 CR + VALV
82228682;8435530720173;PLATO SKY LISO 115X85 CR + VALV
82228683;8435530720180;PLATO SKY STONE 115X85 CR + VALV
82228684;8435530720197;PLATO SKY LISO 120X85 CR + VALV
82228685;8435530720203;PLATO SKY STONE 120X85 CR + VALV
82228686;8435530720210;PLATO SKY LISO 130X85 CR + VALV
82228687;8435530720227;PLATO SKY STONE 130X85 CR + VALV
82228688;8435530720234;PLATO SKY LISO 140X85 CR + VALV
82228689;8435530720241;PLATO SKY STONE 140X85 CR + VALV
82228690;8435530720258;PLATO SKY LISO 150X85 CR + VALV
82228691;8435530720265;PLATO SKY STONE 150X85 CR + VALV
82228692;8435530720272;PLATO SKY LISO 160X85 CR + VALV
82228694;8435530720296;PLATO SKY LISO 170X85 CR + VALV
82228696;8435530720319;PLATO SKY LISO 180X85 CR + VALV
82228698;8435530720333;PLATO SKY LISO 190X85 CR + VALV
82228700;8435530720357;PLATO SKY LISO 200X85 CR + VALV
82228702;8435530720371;PLATO SKY LISO 210X85 CR + VALV
82228704;8435530720395;PLATO SKY LISO 80X90 CR + VALV
82228705;8435530720401;PLATO SKY STONE 80X90 CR + VALV
82228706;8435530720418;PLATO SKY LISO 85X90 CR + VALV
82228707;8435530720425;PLATO SKY STONE 85X90 CR + VALV
82228708;8435530720456;PLATO SKY LISO 95X90 CR + VALV
82228709;8435530720463;PLATO SKY STONE 95X90 CR + VALV
82228710;8435530720470;PLATO SKY LISO 100X90 CR + VALV
82228711;8435530720487;PLATO SKY STONE 100X90 CR + VALV
82228712;8435530720494;PLATO SKY LISO 105X90 CR + VALV
82228713;8435530720500;PLATO SKY STONE 105X90 CR + VALV
82228714;8435530720517;PLATO SKY LISO 110X90 CR + VALV
82228715;8435530720524;PLATO SKY STONE 110X90 CR + VALV
82228716;8435530720531;PLATO SKY LISO 115X90 CR + VALV
82228717;8435530720548;PLATO SKY STONE 115X90 CR + VALV
82228718;8435530720555;PLATO SKY LISO 120X90 CR + VALV
82228719;8435530720562;PLATO SKY STONE 120X90 CR + VALV
82228720;8435530720579;PLATO SKY LISO 130X90 CR + VALV
82228721;8435530720586;PLATO SKY STONE 130X90 CR + VALV
82228722;8435530720593;PLATO SKY LISO 140X90 CR + VALV
82228723;8435530720609;PLATO SKY STONE 140X90 CR + VALV
82228724;8435530720616;PLATO SKY LISO 150X90 CR + VALV
82228725;8435530720623;PLATO SKY STONE 150X90 CR + VALV
82228726;8435530720630;PLATO SKY LISO 160X90 CR + VALV
82228727;8435530720647;PLATO SKY STONE 160X90 CR + VALV
82228728;8435530720654;PLATO SKY LISO 170X90 CR + VALV
82228729;8435530720661;PLATO SKY STONE 170X90 CR + VALV
82228730;8435530720678;PLATO SKY LISO 180X90 CR + VALV
82228731;8435530720685;PLATO SKY STONE 180X90 CR + VALV
82228732;8435530720692;PLATO SKY LISO 190X90 CR + VALV
82228733;8435530720708;PLATO SKY STONE 190X90 CR + VALV
82228734;8435530720715;PLATO SKY LISO 200X90 CR + VALV
82228735;8435530720722;PLATO SKY STONE 200X90 CR + VALV
82228736;8435530720739;PLATO SKY LISO 210X90 CR + VALV
82228737;8435530720746;PLATO SKY STONE 210X90 CR + VALV
82228738;8435530720753;PLATO SKY LISO 80X95 CR + VALV
82228739;8435530720760;PLATO SKY STONE 80X95 CR + VALV
82228740;8435530720777;PLATO SKY LISO 85X95 CR + VALV
82228741;8435530720784;PLATO SKY STONE 85X95 CR + VALV
82228742;8435530720791;PLATO SKY LISO 90X95 CR + VALV
82228743;8435530720807;PLATO SKY STONE 90X95 CR + VALV
82228744;8435530720838;PLATO SKY LISO 100X95 CR + VALV
82228745;8435530720845;PLATO SKY STONE 100X95 CR + VALV
82228746;8435530720852;PLATO SKY LISO 105X95 CR + VALV
82228747;8435530720869;PLATO SKY STONE 105X95 CR + VALV
82228748;8435530720876;PLATO SKY LISO 110X95 CR + VALV
82228749;8435530720883;PLATO SKY STONE 110X95 CR + VALV
82228750;8435530720890;PLATO SKY LISO 115X95 CR + VALV
82228751;8435530720906;PLATO SKY STONE 115X95 CR + VALV
82228752;8435530720913;PLATO SKY LISO 120X95 CR + VALV
82228753;8435530720920;PLATO SKY STONE 120X95 CR + VALV
82228754;8435530720937;PLATO SKY LISO 130X95 CR + VALV
82228755;8435530720944;PLATO SKY STONE 130X95 CR + VALV
82228756;8435530720951;PLATO SKY LISO 140X95 CR + VALV
82228757;8435530720968;PLATO SKY STONE 140X95 CR + VALV
82228758;8435530720975;PLATO SKY LISO 150X95 CR + VALV
82228759;8435530720982;PLATO SKY STONE 150X95 CR + VALV
82228760;8435530720999;PLATO SKY LISO 160X95 CR + VALV
82228761;8435530721002;PLATO SKY STONE 160X95 CR + VALV
82228762;8435530721019;PLATO SKY LISO 170X95 CR + VALV
82228763;8435530721026;PLATO SKY STONE 170X95 CR + VALV
82228764;8435530721033;PLATO SKY LISO 180X95 CR + VALV
82228765;8435530721040;PLATO SKY STONE 180X95 CR + VALV
82228766;8435530721057;PLATO SKY LISO 190X95 CR + VALV
82228767;8435530721064;PLATO SKY STONE 190X95 CR + VALV
82228768;8435530721071;PLATO SKY LISO 200X95 CR + VALV
82228769;8435530721088;PLATO SKY STONE 200X95 CR + VALV
82228770;8435530721095;PLATO SKY LISO 210X95 CR + VALV
82228771;8435530721101;PLATO SKY STONE 210X95 CR + VALV
82228773;8435530721118;PLATO SKY LISO 80X100 CR + VALV
82228774;8435530721125;PLATO SKY STONE 80X100 CR + VALV
82228775;8435530721132;PLATO SKY LISO 85X100 CR + VALV
82228776;8435530721149;PLATO SKY STONE 85X100 CR + VALV
82228777;8435530721156;PLATO SKY LISO 90X100 CR + VALV
82228778;8435530721163;PLATO SKY STONE 90X100 CR + VALV
82228779;8435530721170;PLATO SKY LISO 95X100 CR + VALV
82228780;8435530721187;PLATO SKY STONE 95X100 CR + VALV
82228781;8435530721217;PLATO SKY LISO 105X100 CR + VALV
82228782;8435530721224;PLATO SKY STONE 105X100 CR + VALV
82228783;8435530721231;PLATO SKY LISO 110X100 CR + VALV
82228784;8435530721248;PLATO SKY STONE 110X100 CR + VALV
82228785;8435530721255;PLATO SKY LISO 115X100 CR + VALV
82228786;8435530721262;PLATO SKY STONE 115X100 CR + VALV
82228787;8435530721279;PLATO SKY LISO 120X100 CR + VALV
82228788;8435530721286;PLATO SKY STONE 120X100 CR + VALV
82228790;8435530721293;PLATO SKY LISO 130X100 CR + VALV
82228792;8435530721309;PLATO SKY STONE 130X100 CR + VALV
82228793;8435530721316;PLATO SKY LISO 140X100 CR + VALV
82228794;8435530721323;PLATO SKY STONE 140X100 CR + VALV
82228795;8435530721330;PLATO SKY LISO 150X100 CR + VALV
82228796;8435530721347;PLATO SKY STONE 150X100 CR + VALV
82228797;8435530721354;PLATO SKY LISO 160X100 CR + VALV
82228798;8435530721361;PLATO SKY STONE 160X100 CR + VALV
82228799;8435530721378;PLATO SKY LISO 170X100 CR + VALV
82228800;8435530721385;PLATO SKY STONE 170X100 CR + VALV
82228801;8435530721392;PLATO SKY LISO 180X100 CR + VALV
82228802;8435530721408;PLATO SKY STONE 180X100 CR + VALV
82228803;8435530721415;PLATO SKY LISO 190X100 CR + VALV
82228804;8435530721422;PLATO SKY STONE 190X100 CR + VALV
82228805;8435530721439;PLATO SKY LISO 200X100 CR + VALV
82228806;8435530721446;PLATO SKY STONE 200X100 CR + VALV
82228807;8435530721453;PLATO SKY LISO 210X100 CR + VALV
82228808;8435530721460;PLATO SKY STONE 210X100 CR + VALV
82226154;8435530705200;PLATO HEBE STONE 100X100 BL + VALV
82226166;8435530709789;PLATO HEBE STONE 100X100 AN + VALV
82226181;8435530714363;PLATO HEBE STONE 100X100 PE + VALV
82226200;8435530718941;PLATO HEBE STONE 100X100 CR + VALV
82226347;8435530704364;PLATO HEBE STONE 100X70 BL + VALV
82226348;8435530704371;PLATO HEBE STONE 105X70 BL + VALV
82226349;8435530704388;PLATO HEBE STONE 110X70 BL + VALV
82226350;8435530704395;PLATO HEBE STONE 115X70 BL + VALV
82226351;8435530704401;PLATO HEBE STONE 120X70 BL + VALV
82226352;8435530704418;PLATO HEBE STONE 130X70 BL + VALV
82226353;8435530704425;PLATO HEBE STONE 140X70 BL + VALV
82226354;8435530704432;PLATO HEBE STONE 150X70 BL + VALV
82226355;8435530704449;PLATO HEBE STONE 160X70 BL + VALV
82226356;8435530704456;PLATO HEBE STONE 170X70 BL + VALV
82226357;8435530704463;PLATO HEBE STONE 180X70 BL + VALV
82226358;8435530704470;PLATO HEBE STONE 190X70 BL + VALV
82226359;8435530704487;PLATO HEBE STONE 200X70 BL + VALV
82226360;8435530704494;PLATO HEBE STONE 210X70 BL + VALV
82226375;8435530704647;PLATO HEBE STONE 100X80 BL + VALV
82226376;8435530704654;PLATO HEBE STONE 105X80 BL + VALV
82226377;8435530704661;PLATO HEBE STONE 110X80 BL + VALV
82226378;8435530704678;PLATO HEBE STONE 115X80 BL + VALV
82226379;8435530704685;PLATO HEBE STONE 120X80 BL + VALV
82226380;8435530704692;PLATO HEBE STONE 130X80 BL + VALV
82226381;8435530704708;PLATO HEBE STONE 140X80 BL + VALV
82226382;8435530704715;PLATO HEBE STONE 150X80 BL + VALV
82226383;8435530704722;PLATO HEBE STONE 160X80 BL + VALV
82226385;8435530704739;PLATO HEBE STONE 170X80 BL + VALV
82226386;8435530704746;PLATO HEBE STONE 180X80 BL + VALV
82226387;8435530704753;PLATO HEBE STONE 190X80 BL + VALV
82226388;8435530704760;PLATO HEBE STONE 200X80 BL + VALV
82226389;8435530704777;PLATO HEBE STONE 210X80 BL + VALV
82226404;8435530704920;PLATO HEBE STONE 100X90 BL + VALV
82226422;8435530704937;PLATO HEBE STONE 105X90 BL + VALV
82226423;8435530704944;PLATO HEBE STONE 110X90 BL + VALV
82226424;8435530704951;PLATO HEBE STONE 115X90 BL + VALV
82226425;8435530704968;PLATO HEBE STONE 120X90 BL + VALV
82226426;8435530704975;PLATO HEBE STONE 130X90 BL + VALV
82226427;8435530704982;PLATO HEBE STONE 140X90 BL + VALV
82226428;8435530704999;PLATO HEBE STONE 150X90 BL + VALV
82226429;8435530705002;PLATO HEBE STONE 160X90 BL + VALV
82226430;8435530705019;PLATO HEBE STONE 170X90 BL + VALV
82226431;8435530705026;PLATO HEBE STONE 180X90 BL + VALV
82226432;8435530705033;PLATO HEBE STONE 190X90 BL + VALV
82226433;8435530705040;PLATO HEBE STONE 200X90 BL + VALV
82226434;8435530705057;PLATO HEBE STONE 210X90 BL + VALV
82226449;8435530705217;PLATO HEBE STONE 105X100 BL + VALV
82226450;8435530705224;PLATO HEBE STONE 110X100 BL + VALV
82226451;8435530705231;PLATO HEBE STONE 115X100 BL + VALV
82226453;8435530705248;PLATO HEBE STONE 120X100 BL + VALV
82226454;8435530705255;PLATO HEBE STONE 130X100 BL + VALV
82226455;8435530705262;PLATO HEBE STONE 140X100 BL + VALV
82226456;8435530705279;PLATO HEBE STONE 150X100 BL + VALV
82226457;8435530705286;PLATO HEBE STONE 160X100 BL + VALV
82226458;8435530705293;PLATO HEBE STONE 170X100 BL + VALV
82226459;8435530705309;PLATO HEBE STONE 180X100 BL + VALV
82226460;8435530705316;PLATO HEBE STONE 190X100 BL + VALV
82226461;8435530705323;PLATO HEBE STONE 200X100 BL + VALV
82226462;8435530705330;PLATO HEBE STONE 210X100 BL + VALV
82226846;8435530708942;PLATO HEBE STONE 100X70 AN + VALV
82226847;8435530708959;PLATO HEBE STONE 105X70 AN + VALV
82226848;8435530708966;PLATO HEBE STONE 110X70 AN + VALV
82226849;8435530708973;PLATO HEBE STONE 115X70 AN + VALV
82226850;8435530708980;PLATO HEBE STONE 120X70 AN + VALV
82226851;8435530708997;PLATO HEBE STONE 130X70 AN + VALV
82226852;8435530709000;PLATO HEBE STONE 140X70 AN + VALV
82226853;8435530709017;PLATO HEBE STONE 150X70 AN + VALV
82226854;8435530709024;PLATO HEBE STONE 160X70 AN + VALV
82226855;8435530709031;PLATO HEBE STONE 170X70 AN + VALV
82226856;8435530709048;PLATO HEBE STONE 180X70 AN + VALV
82226857;8435530709055;PLATO HEBE STONE 190X70 AN + VALV
82226858;8435530709062;PLATO HEBE STONE 200X70 AN + VALV
82226859;8435530709079;PLATO HEBE STONE 210X70 AN + VALV
82226874;8435530709222;PLATO HEBE STONE 100X80 AN + VALV
82226875;8435530709239;PLATO HEBE STONE 105X80 AN + VALV
82226876;8435530709246;PLATO HEBE STONE 110X80 AN + VALV
82226877;8435530709253;PLATO HEBE STONE 115X80 AN + VALV
82226878;8435530709260;PLATO HEBE STONE 120X80 AN + VALV
82226879;8435530709277;PLATO HEBE STONE 130X80 AN + VALV
82226880;8435530709284;PLATO HEBE STONE 140X80 AN + VALV
82226881;8435530709291;PLATO HEBE STONE 150X80 AN + VALV
82226882;8435530709307;PLATO HEBE STONE 160X80 AN + VALV
82226883;8435530709314;PLATO HEBE STONE 170X80 AN + VALV
82226884;8435530709321;PLATO HEBE STONE 180X80 AN + VALV
82226885;8435530709338;PLATO HEBE STONE 190X80 AN + VALV
82226886;8435530709345;PLATO HEBE STONE 200X80 AN + VALV
82226887;8435530709352;PLATO HEBE STONE 210X80 AN + VALV
82226958;8435530709505;PLATO HEBE STONE 100X90 AN + VALV
82226969;8435530709512;PLATO HEBE STONE 105X90 AN + VALV
82226979;8435530709529;PLATO HEBE STONE 110X90 AN + VALV
82226989;8435530709536;PLATO HEBE STONE 115X90 AN + VALV
82226998;8435530709543;PLATO HEBE STONE 120X90 AN + VALV
82227008;8435530709550;PLATO HEBE STONE 130X90 AN + VALV
82227017;8435530709567;PLATO HEBE STONE 140X90 AN + VALV
82227026;8435530709574;PLATO HEBE STONE 150X90 AN + VALV
82227027;8435530709581;PLATO HEBE STONE 160X90 AN + VALV
82227028;8435530709598;PLATO HEBE STONE 170X90 AN + VALV
82227029;8435530709604;PLATO HEBE STONE 180X90 AN + VALV
82227030;8435530709611;PLATO HEBE STONE 190X90 AN + VALV
82227031;8435530709628;PLATO HEBE STONE 200X90 AN + VALV
82227032;8435530709635;PLATO HEBE STONE 210X90 AN + VALV
82227047;8435530709796;PLATO HEBE STONE 105X100 AN + VALV
82227048;8435530709802;PLATO HEBE STONE 110X100 AN + VALV
82227049;8435530709819;PLATO HEBE STONE 115X100 AN + VALV
82227050;8435530709826;PLATO HEBE STONE 120X100 AN + VALV
82227051;8435530709833;PLATO HEBE STONE 130X100 AN + VALV
82227052;8435530709840;PLATO HEBE STONE 140X100 AN + VALV
82227053;8435530709857;PLATO HEBE STONE 150X100 AN + VALV
82227054;8435530709864;PLATO HEBE STONE 160X100 AN + VALV
82227055;8435530709871;PLATO HEBE STONE 170X100 AN + VALV
82227056;8435530709888;PLATO HEBE STONE 180X100 AN + VALV
82227057;8435530709895;PLATO HEBE STONE 190X100 AN + VALV
82227059;8435530709901;PLATO HEBE STONE 200X100 AN + VALV
82227060;8435530709918;PLATO HEBE STONE 210X100 AN + VALV
82227514;8435530713526;PLATO HEBE STONE 100X70 PE + VALV
82227515;8435530713533;PLATO HEBE STONE 105X70 PE + VALV
82227516;8435530713540;PLATO HEBE STONE 110X70 PE + VALV
82227517;8435530713557;PLATO HEBE STONE 115X70 PE + VALV
82227518;8435530713564;PLATO HEBE STONE 120X70 PE + VALV
82227519;8435530713571;PLATO HEBE STONE 130X70 PE + VALV
82227520;8435530713588;PLATO HEBE STONE 140X70 PE + VALV
82227521;8435530713595;PLATO HEBE STONE 150X70 PE + VALV
82227522;8435530713601;PLATO HEBE STONE 160X70 PE + VALV
82227523;8435530713618;PLATO HEBE STONE 170X70 PE + VALV
82227524;8435530713625;PLATO HEBE STONE 180X70 PE + VALV
82227525;8435530713632;PLATO HEBE STONE 190X70 PE + VALV
82227526;8435530713649;PLATO HEBE STONE 200X70 PE + VALV
82227527;8435530713656;PLATO HEBE STONE 210X70 PE + VALV
82227542;8435530713809;PLATO HEBE STONE 100X80 PE + VALV
82227543;8435530713816;PLATO HEBE STONE 105X80 PE + VALV
82227544;8435530713823;PLATO HEBE STONE 110X80 PE + VALV
82227545;8435530713830;PLATO HEBE STONE 115X80 PE + VALV
82227546;8435530713847;PLATO HEBE STONE 120X80 PE + VALV
82227547;8435530713854;PLATO HEBE STONE 130X80 PE + VALV
82227548;8435530713861;PLATO HEBE STONE 140X80 PE + VALV
82227549;8435530713878;PLATO HEBE STONE 150X80 PE + VALV
82227550;8435530713885;PLATO HEBE STONE 160X80 PE + VALV
82227551;8435530713892;PLATO HEBE STONE 170X80 PE + VALV
82227552;8435530713908;PLATO HEBE STONE 180X80 PE + VALV
82227553;8435530713915;PLATO HEBE STONE 190X80 PE + VALV
82227554;8435530713922;PLATO HEBE STONE 200X80 PE + VALV
82227555;8435530713939;PLATO HEBE STONE 210X80 PE + VALV
82227577;8435530714080;PLATO HEBE STONE 100X90 PE + VALV
82227579;8435530714097;PLATO HEBE STONE 105X90 PE + VALV
82227581;8435530714103;PLATO HEBE STONE 110X90 PE + VALV
82227583;8435530714110;PLATO HEBE STONE 115X90 PE + VALV
82227584;8435530714127;PLATO HEBE STONE 120X90 PE + VALV
82227586;8435530714134;PLATO HEBE STONE 130X90 PE + VALV
82227588;8435530714141;PLATO HEBE STONE 140X90 PE + VALV
82227590;8435530714158;PLATO HEBE STONE 150X90 PE + VALV
82227592;8435530714165;PLATO HEBE STONE 160X90 PE + VALV
82227594;8435530714172;PLATO HEBE STONE 170X90 PE + VALV
82227596;8435530714189;PLATO HEBE STONE 180X90 PE + VALV
82227598;8435530714196;PLATO HEBE STONE 190X90 PE + VALV
82227600;8435530714202;PLATO HEBE STONE 200X90 PE + VALV
82227602;8435530714219;PLATO HEBE STONE 210X90 PE + VALV
82227630;8435530714370;PLATO HEBE STONE 105X100 PE + VALV
82227632;8435530714387;PLATO HEBE STONE 110X100 PE + VALV
82227634;8435530714394;PLATO HEBE STONE 115X100 PE + VALV
82227636;8435530714400;PLATO HEBE STONE 120X100 PE + VALV
82227638;8435530714417;PLATO HEBE STONE 130X100 PE + VALV
82227640;8435530714424;PLATO HEBE STONE 140X100 PE + VALV
82227642;8435530714431;PLATO HEBE STONE 150X100 PE + VALV
82227644;8435530714448;PLATO HEBE STONE 160X100 PE + VALV
82227646;8435530714455;PLATO HEBE STONE 170X100 PE + VALV
82227648;8435530714462;PLATO HEBE STONE 180X100 PE + VALV
82227650;8435530714479;PLATO HEBE STONE 190X100 PE + VALV
82227652;8435530714486;PLATO HEBE STONE 200X100 PE + VALV
82227654;8435530714493;PLATO HEBE STONE 210X100 PE + VALV
82228455;8435530718101;PLATO HEBE STONE 100X70 CR + VALV
82228457;8435530718118;PLATO HEBE STONE 105X70 CR + VALV
82228459;8435530718125;PLATO HEBE STONE 110X70 CR + VALV
82228461;8435530718132;PLATO HEBE STONE 115X70 CR + VALV
82228463;8435530718149;PLATO HEBE STONE 120X70 CR + VALV
82228465;8435530718156;PLATO HEBE STONE 130X70 CR + VALV
82228468;8435530718163;PLATO HEBE STONE 140X70 CR + VALV
82228470;8435530718170;PLATO HEBE STONE 150X70 CR + VALV
82228472;8435530718187;PLATO HEBE STONE 160X70 CR + VALV
82228474;8435530718194;PLATO HEBE STONE 170X70 CR + VALV
82228476;8435530718200;PLATO HEBE STONE 180X70 CR + VALV
82228478;8435530718217;PLATO HEBE STONE 190X70 CR + VALV
82228480;8435530718224;PLATO HEBE STONE 200X70 CR + VALV
82228482;8435530718231;PLATO HEBE STONE 210X70 CR + VALV
82228508;8435530718385;PLATO HEBE STONE 100X80 CR + VALV
82228509;8435530718392;PLATO HEBE STONE 105X80 CR + VALV
82228510;8435530718408;PLATO HEBE STONE 110X80 CR + VALV
82228511;8435530718415;PLATO HEBE STONE 115X80 CR + VALV
82228512;8435530718422;PLATO HEBE STONE 120X80 CR + VALV
82228513;8435530718439;PLATO HEBE STONE 130X80 CR + VALV
82228514;8435530718446;PLATO HEBE STONE 140X80 CR + VALV
82228515;8435530718453;PLATO HEBE STONE 150X80 CR + VALV
82228516;8435530718460;PLATO HEBE STONE 160X80 CR + VALV
82228517;8435530718477;PLATO HEBE STONE 170X80 CR + VALV
82228518;8435530718484;PLATO HEBE STONE 180X80 CR + VALV
82228519;8435530718491;PLATO HEBE STONE 190X80 CR + VALV
82228520;8435530718507;PLATO HEBE STONE 200X80 CR + VALV
82228521;8435530718514;PLATO HEBE STONE 210X80 CR + VALV
82228536;8435530718668;PLATO HEBE STONE 100X90 CR + VALV
82228537;8435530718675;PLATO HEBE STONE 105X90 CR + VALV
82228538;8435530718682;PLATO HEBE STONE 110X90 CR + VALV
82228539;8435530718699;PLATO HEBE STONE 115X90 CR + VALV
82228540;8435530718705;PLATO HEBE STONE 120X90 CR + VALV
82228541;8435530718712;PLATO HEBE STONE 130X90 CR + VALV
82228542;8435530718729;PLATO HEBE STONE 140X90 CR + VALV
82228543;8435530718736;PLATO HEBE STONE 150X90 CR + VALV
82228544;8435530718743;PLATO HEBE STONE 160X90 CR + VALV
82228545;8435530718750;PLATO HEBE STONE 170X90 CR + VALV
82228546;8435530718767;PLATO HEBE STONE 180X90 CR + VALV
82228547;8435530718774;PLATO HEBE STONE 190X90 CR + VALV
82228548;8435530718781;PLATO HEBE STONE 200X90 CR + VALV
82228549;8435530718798;PLATO HEBE STONE 210X90 CR + VALV
82228564;8435530718958;PLATO HEBE STONE 105X100 CR + VALV
82228565;8435530718965;PLATO HEBE STONE 110X100 CR + VALV
82228566;8435530718972;PLATO HEBE STONE 115X100 CR + VALV
82228567;8435530718989;PLATO HEBE STONE 120X100 CR + VALV
82228568;8435530718996;PLATO HEBE STONE 130X100 CR + VALV
82228569;8435530719009;PLATO HEBE STONE 140X100 CR + VALV
82228570;8435530719016;PLATO HEBE STONE 150X100 CR + VALV
82228571;8435530719023;PLATO HEBE STONE 160X100 CR + VALV
82228572;8435530719030;PLATO HEBE STONE 170X100 CR + VALV
82228573;8435530719047;PLATO HEBE STONE 180X100 CR + VALV
82228574;8435530719054;PLATO HEBE STONE 190X100 CR + VALV
82228575;8435530719061;PLATO HEBE STONE 200X100 CR + VALV
82228576;8435530719078;PLATO HEBE STONE 210X100 CR + VALV
82226155;8435530705347;PLATO CURVE STONE 1/4C 80 BL + VALV
82226156;8435530705354;PLATO CURVE STONE 1/4C 90 BL + VALV
82226157;8435530705361;PLATO CURVE STONE 1/4C 100 BL + VALV
82226167;8435530709925;PLATO CURVE STONE 1/4C 80 AN + VALV
82226168;8435530709932;PLATO CURVE STONE 1/4C 90 AN + VALV
82226169;8435530709949;PLATO CURVE STONE 1/4C 100 AN + VALV
82226182;8435530714509;PLATO CURVE STONE 1/4C 80 PE + VALV
82226183;8435530714516;PLATO CURVE STONE 1/4C 90 PE + VALV
82226184;8435530714523;PLATO CURVE STONE 1/4C 100 PE + VALV
82226201;8435530719085;PLATO CURVE STONE 1/4C 80 CR + VALV
82226202;8435530719092;PLATO CURVE STONE 1/4C 90 CR + VALV
82226203;8435530719108;PLATO CURVE STONE 1/4C 100 CR + VALV
81908268;8435524700228;PLATO IMAGE LAMAS 100X70 GRIS
81908270;8435524700235;PLATO IMAGE LAMAS 140X70 GRIS
81908271;8435524700242;PLATO IMAGE LAMAS 160X70 GRIS
81908272;8435524700259;PLATO IMAGE RIVER 100X70 PIEDRAS
81908273;8435524700266;PLATO IMAGE RIVER 120X70 PIEDRAS
81908274;8435524700273;PLATO IMAGE RIVER 140X70 PIEDRAS
81908275;8435524700280;PLATO IMAGE RIVER 160X70 PIEDRAS
81908281;8435524700389;PLATO IMAGE HIDRA 120X70 AZUL
81908285;8435524700365;PLATO IMAGE PATCHWORK 120X70 GRIS
81908287;8435524700358;PLATO IMAGE PATCHWORK 160X70 GRIS
81908289;8435524700303;PLATO IMAGE PATCHWORK COLOR 120X70
81908290;8435524700310;PLATO IMAGE PATCHWORK COLOR 140X70
81908291;8435524700327;PLATO IMAGE PATCHWORK COLOR 160X70
81978650;8435524700006;PLATO IMAGE LAMAS 120X80 GRIS
81978652;8435524700051;PLATO IMAGE LAMAS 160X80 GRIS
81978653;8435524700105;PLATO IMAGE LAMAS 90X120 GRIS
81978655;8435524700792;PLATO IMAGE LAMAS 90X160 GRIS
81978656;8435524700044;PLATO IMAGE RIVER 120X80 PIEDRAS
81978657;8435524700747;PLATO IMAGE RIVER 140X80 PIEDRAS
81978658;8435524700099;PLATO IMAGE RIVER 160X80 PIEDRAS
81978659;8435524700143;PLATO IMAGE RIVER 120X90 PIEDRAS
81978660;8435524700198;PLATO IMAGE RIVER 140X90 PIEDRAS
81978661;8435524700808;PLATO IMAGE RIVER 160X90 PIEDRAS
81978677;8435524700129;PLATO IMAGE PATCHWORK 120X90 GRIS
81978678;8435524700174;PLATO IMAGE PATCHWORK 140X90 GRIS
81978679;8435524700778;PLATO IMAGE PATCHWORK 160X90 GRIS
81978681;8435524700709;PLATO IMAGE PATCHWORK COLOR 140X80
81978683;8435524700112;PLATO IMAGE PATCHWORK COLOR 120X90
81978684;8435524700167;PLATO IMAGE PATCHWORK COLOR 140X90
81978685;8435524700761;PLATO IMAGE PATCHWORK COLOR 160X90
82248272;8435524701089;PLATO RESINA IMAGE BEACH 100X70 BLANCO
82248273;8435524701140;PLATO RESINA IMAGE BEACH 120X70 BLANCO
82248274;8435524701287;PLATO RESINA IMAGE BEACH 140X70 BLANCO
82248275;8435524701768;PLATO RESINA IMAGE BEACH 160X70 BLANCO
82248276;8435524702239;PLATO RESINA IMAGE BEACH 120X80 BLANCO
82248277;8435524702253;PLATO RESINA IMAGE BEACH 140X80 BLANCO
82248278;8435524702277;PLATO RESINA IMAGE BEACH 160X80 BLANCO
82248279;8435524702284;PLATO RESINA IMAGE BEACH 120X90 BLANCO
82248280;8435524702307;PLATO RESINA IMAGE BEACH 140X90 BLANCO
82248281;8435524702321;PLATO RESINA IMAGE BEACH 160X90 BLANCO
82248282;8435524701119;PLATO RESINA IMAGE OXIDO 120X70 BLANCO
82248283;8435524701270;PLATO RESINA IMAGE OXIDO 140X70 BLANCO
82248284;8435524701751;PLATO RESINA IMAGE OXIDO 160X70 BLANCO
82248285;8435524702222;PLATO RESINA IMAGE OXIDO 120X80 BLANCO
82248286;8435524702246;PLATO RESINA IMAGE OXIDO 140X80 BLANCO
82248287;8435524702260;PLATO RESINA IMAGE OXIDO 160X80 BLANCO
82248288;8435524701843;PLATO RESINA IMAGE OXIDO 120X90 BLANCO
82248289;8435524702291;PLATO RESINA IMAGE OXIDO 140X90 BLANCO
82248290;8435524702314;PLATO RESINA IMAGE OXIDO 160X90 BLANCO
17757341;8435095426015;PLATO DCH ACRIL EVOLUTION 1/4C 80X80
17757355;8435095426046;PLATO DCH ACRIL EVOLUTION 1/4C 90X90
17757362;8435095435086;PLATO DCH ACRIL EVOLUTION 70X70
17757376;8435095426022;PLATO DCH ACRIL EVOLUTION 80X80
17757383;8435095426053;PLATO DCH ACRIL EVOLUTION 90X90
17757390;8435095425889;PLATO DCH ACRIL EVOLUTION 70X90
17757404;8435095425902;PLATO DCH ACRIL EVOLUTION 70X100
17757411;8435095425926;PLATO DCH ACRIL EVOLUTION 70X120
17757425;8435095425964;PLATO DCH ACRIL EVOLUTION 70X140
17757432;8435095426077;PLATO DCH ACRIL EVOLUTION 70X150
17757446;8435095435048;PLATO DCH ACRIL EVOLUTION 70X160
17757453;8435095435055;PLATO DCH ACRIL EVOLUTION 70X170
17757460;8435095435062;PLATO DCH ACRIL EVOLUTION 70X180
17757474;8435095426107;PLATO DCH ACRIL EVOLUTION 80X100
17757481;8435095425995;PLATO DCH ACRIL EVOLUTION 80X120
17757495;8435095426114;PLATO DCH ACRIL EVOLUTION 80X140
18664471;;VALVULA D90 PLATO EVOLUTION ROSCADA
18349093;8435095472302;"""PLATO BOSTON 170X70 SIN VALVULA BLANCO"""
18349100;8435095472005;"""PLATO BOSTON 120X70 SIN VALVULA BLANCO"""
18349114;8435095472197;"""PLATO BOSTON 160X70 SIN VALVULA BLANCO"""
18349121;8435095472142;"""PLATO BOSTON 140X70 SIN VALVULA NEGRO"""
18349135;8435095472326;"""PLATO BOSTON 170X70 SIN VALVULA NEGRO"""
18349142;8435095471978;"""PLATO BOSTON 100X70 SIN VALVULA BLANCO"""
18349156;8435095471992;"""PLATO BOSTON 100X70 SIN VALVULA NEGRO"""
18349163;8435095472241;"""PLATO BOSTON 160X70 SIN VALVULA NEGRO"""
18349170;8435095472043;"""PLATO BOSTON 120X70 SIN VALVULA NEGRO"""
18349184;8435095472098;"""PLATO BOSTON 140X70 SIN VALVULA BLANCO"""
19992350;8435095473224;"""PLATO BOSTON 100X70 SIN VALVULA CACAO"""
19992371;8435095474344;"""PLATO BOSTON 170X80 SIN VALVULA BLANCO"""
19992616;8435095473170;"""PLATO BOSTON 90X70 SIN VALVULA NEGRO"""
19992686;8435095473392;"""PLATO BOSTON 90X70 SIN VALVULA CACAO"""
19992770;8435095473163;"""PLATO BOSTON 90X70 SIN VALVULA BLANCO"""
19992882;8435095474122;"""PLATO BOSTON 100X80 SIN VALVULA CACAO"""
19992952;8435095473248;"""PLATO BOSTON 120X70 SIN VALVULA CACAO"""
19993043;8435095474139;"""PLATO BOSTON 100X80 SIN VALVULA NEGRO"""
19993092;8435095474108;"""PLATO BOSTON 100X80 SIN VALVULA BLANCO"""
19993134;8435095473965;"""PLATO BOSTON 160X80 SIN VALVULA NEGRO"""
19993183;8435095474207;"""PLATO BOSTON 120X80 SIN VALVULA CACAO"""
19993190;8435095474283;"""PLATO BOSTON 140X80 SIN VALVULA CACAO"""
19993204;8435095474184;"""PLATO BOSTON 120X80 SIN VALVULA BLANCO"""
19993260;8435095474214;"""PLATO BOSTON 120X80 SIN VALVULA NEGRO"""
19993281;8435095473910;"""PLATO BOSTON 160X80 SIN VALVULA BLANCO"""
19993330;8435095474269;"""PLATO BOSTON 140X80 SIN VALVULA BLANCO"""
19993365;8435095474375;"""PLATO BOSTON 170X80 SIN VALVULA NEGRO"""
19993421;8435095474290;"""PLATO BOSTON 140X80 SIN VALVULA NEGRO"""
16872233;8436549934667;PLATO KIOTO CREMA PVP/M2 VAL+REJ+CTE
16872240;8436549934674;PLATO KIOTO BLANCO PVP/M2 VAL+REJ+CTE
16872282;8436549934681;PLATO KIOTO CHOCO PVP/M2 VAL+REJ+CTE
16872310;8436549934698;PLATO KIOTO NEGRO PVP/M2 VAL+REJ+CTE
16872331;8436549934704;PLATO KIOTO GRIS PVP/M2 VAL+REJ+CTE
18769744;8436549939037;PLATO KIOTO CALACATTA PVP/M2 VAL+REJ+CTE
18769751;8436549939044;PLATO KIOTO PIZARRA PVP/M2 VAL+REJ+CTE
19520340;8435410505159;PLATO KIOTO BL VERONA PVP/M2 VAL+REJ+CTE
19646725;8435410512959;PLATO DCH PIEDRA KIOTO 100X70 BL
19646746;8435410512973;PLATO DCH PIEDRA KIOTO 120X70 BL
19646753;8435410512997;PLATO DCH PIEDRA KIOTO 140X70 BL
19646760;8435410513017;PLATO DCH PIEDRA KIOTO 160X70 BL
81870558;8435410505494;PLATO KIOTO GRIS POLAR PVP/M2 VAL+REJ+CT
81908809;8435410534975;PLATO KIOTO COFFEE PVP/M2 VAL+REJ+CTE
81908814;8435410535026;PLATO KIOTO PORTORO PVP/M2 VAL+REJ+CTE
82476160;8435410548309;PLATO KIOTO 100X70 BLANCO V/DESPLAZADA
82476161;8435410548385;PLATO KIOTO 100X70 CREMA V/DESPLAZADA
82476162;8435410548460;PLATO KIOTO 100X70 CHOCO V/DESPLAZADA
82476163;8435410548545;PLATO KIOTO 100X70 GRIS V/DESPLAZADA
82476164;8435410548620;PLATO KIOTO 100X70 NEGRO V/DESPLAZADA
82476165;8435410549184;PLATO KIOTO 100X70 BLANCO V/CENTRAL
82476166;8435410549269;PLATO KIOTO 100X70 CREMA V/CENTRAL
82476167;8435410549344;PLATO KIOTO 100X70 CHOCOLATE V/CENTRAL
82476168;8435410549429;PLATO KIOTO 100X70 GRIS V/CENTRAL
82476169;8435410549597;PLATO KIOTO 120X70 CALACATA V/CENTRAL
82476170;8435410549672;PLATO KIOTO 120X70 VERONA V/CENTRAL
82476171;8435410549757;PLATO KIOTO 120X70 GRIS POLAR V/CENTRAL
82476172;8435410549832;PLATO KIOTO 120X70 PORTORO V/CENTRAL
82476173;8435410549917;PLATO KIOTO 120X70 COFE V/CENTRAL
82476174;8435410549436;PLATO KIOTO 120X70 GRIS V/CENTRAL
82476175;8435410549511;PLATO KIOTO 120X70 NEGRO V/CENTRAL
82476176;8435410548743;PLATO KIOTO 100X80 CALACATA V/DESPLAZADA
82476177;8435410548828;PLATO KIOTO 100X80 VERONA V/DESPLAZADA
82476178;8435410548903;PLATO KIOTO 100X80 GRIS POLAR V/DESPLAZA
82476179;8435410549504;PLATO KIOTO 100X70 NEGRO V/CENTRAL
82476180;8435410549900;PLATO KIOTO 100X70 COFE V/CENTRAL
82476181;8435410549986;PLATO KIOTO 100X70 NEGRO MARQ V/CENTRAL
82476182;8435410548347;PLATO KIOTO 100X80 BLANCO V/DESPLAZADA
82476183;8435410549993;PLATO KIOTO 120X70 NEGRO MARQ V/CENTRAL
82476184;8435410548989;PLATO KIOTO 100X80 PORTORO V/DESPLAZADA
82476185;8435410549061;PLATO KIOTO 100X80 COFE V/DESPLAZADA
82476186;8435410549146;PLATO KIOTO 100X80 NEGRO MARQ V/DESPLAZA
82476187;8435410549627;PLATO KIOTO 100X80 CALACATA V/CENTRAL
82476188;8435410549702;PLATO KIOTO 100X80 VERONA V/CENTRAL
82476189;8435410549788;PLATO KIOTO 100X80 GRIS POLAR V/CENTRAL
82476190;8435410548705;PLATO KIOTO 100X70 CALACATA V/DESPLAZADA
82476191;8435410548422;PLATO KIOTO 100X80 CREMA V/DESPLAZADA
82476192;8435410548507;PLATO KIOTO 100X80 CHOCO V/DESPLAZADA
82476193;8435410548583;PLATO KIOTO 100X80 GRIS V/DESPLAZADA
82476194;8435410548354;PLATO KIOTO 120X80 BLANCO V/DESPLAZADA
82476195;8435410549863;PLATO KIOTO 100X80 PORTORO V/CENTRAL
82476196;8435410549948;PLATO KIOTO 100X80 COFE V/CENTRAL
82476197;8435410550029;PLATO KIOTO 100X80 NEGRO MARQ V/CENTRAL
82476198;8435410548712;PLATO KIOTO 120X70 CALACATA V/DESPLAZADA
82476199;8435410548798;PLATO KIOTO 120X70 VERONA V/DESPLAZADA
82476200;8435410548873;PLATO KIOTO 120X70 GRIS POLAR V/DESPLAZA
82476201;8435410548781;PLATO KIOTO 100X70 VERONA V/DESPLAZADA
82476202;8435410548668;PLATO KIOTO 100X80 NEGRO V/DESPLAZADA
82476203;8435410549221;PLATO KIOTO 100X80 BLANCO V/CENTRAL
82476204;8435410549306;PLATO KIOTO 100X80 CREMA V/CENTRAL
82476205;8435410548439;PLATO KIOTO 120X80 CREMA V/DESPLAZADA
82476206;8435410548958;PLATO KIOTO 120X70 PORTORO V/DESPLAZADA
82476207;8435410549030;PLATO KIOTO 120X70 COFE V/DESPLAZADA
82476208;8435410549115;PLATO KIOTO 120X70 NEGRO MARQ V/DESPLAZA
82476209;8435410548866;PLATO KIOTO 100X70 GRIS POLAR V/DESPLAZA
82476210;8435410548941;PLATO KIOTO 100X70 PORTORO V/DESPLAZADA
82476211;8435410549023;PLATO KIOTO 100X70 COFE V/DESPLAZADA
82476212;8435410549108;PLATO KIOTO 100X70 NEGRO MARQ V/DESPLAZA
82476213;8435410549382;PLATO KIOTO 100X80 CHOCOLATE V/CENTRAL
82476214;8435410549467;PLATO KIOTO 100X80 GRIS V/CENTRAL
82476215;8435410549542;PLATO KIOTO 100X80 NEGRO V/CENTRAL
82476216;8435410548514;PLATO KIOTO 120X80 CHOCO V/DESPLAZADA
82476217;8435410549580;PLATO KIOTO 100X70 CALACATA V/CENTRAL
82476218;8435410549665;PLATO KIOTO 100X70 VERONA V/CENTRAL
82476219;8435410549740;PLATO KIOTO 100X70 GRIS POLAR V/CENTRAL
82476220;8435410549825;PLATO KIOTO 100X70 PORTORO V/CENTRAL
82476221;8435410548644;PLATO KIOTO 140X70 NEGRO V/DESPLAZADA
82476222;8435410549207;PLATO KIOTO 140X70 BLANCO V/CENTRAL
82476223;8435410549283;PLATO KIOTO 140X70 CREMA V/CENTRAL
82476224;8435410548316;PLATO KIOTO 120X70 BLANCO V/DESPLAZADA
82476225;8435410548392;PLATO KIOTO 120X70 CREMA V/DESPLAZADA
82476226;8435410548477;PLATO KIOTO 120X70 CHOCO V/DESPLAZADA
82476227;8435410548590;PLATO KIOTO 120X80 GRIS V/DESPLAZADA
82476228;8435410549368;PLATO KIOTO 140X70 CHOCOLATE V/CENTRAL
82476229;8435410549443;PLATO KIOTO 140X70 GRIS V/CENTRAL
82476230;8435410549528;PLATO KIOTO 140X70 NEGRO V/CENTRAL
82476231;8435410548750;PLATO KIOTO 120X80 CALACATA V/DESPLAZADA
82476232;8435410548835;PLATO KIOTO 120X80 VERONA V/DESPLAZADA
82476233;8435410548910;PLATO KIOTO 120X80 GRIS POLAR V/DESPLAZA
82476234;8435410548996;PLATO KIOTO 120X80 PORTORO V/DESPLAZADA
82476235;8435410548552;PLATO KIOTO 120X70 GRIS V/DESPLAZADA
82476236;8435410548637;PLATO KIOTO 120X70 NEGRO V/DESPLAZADA
82476237;8435410549191;PLATO KIOTO 120X70 BLANCO V/CENTRAL
82476238;8435410548675;PLATO KIOTO 120X80 NEGRO V/DESPLAZADA
82476239;8435410548880;PLATO KIOTO 140X70 GRIS POLAR V/DESPLAZA
82476240;8435410549078;PLATO KIOTO 120X80 COFE V/DESPLAZADA
82476242;8435410549153;PLATO KIOTO 120X80 NEGRO MARQ V/DESPLAZA
82476243;8435410549634;PLATO KIOTO 120X80 CALACATA V/CENTRAL
82476244;8435410549719;PLATO KIOTO 120X80 VERONA V/CENTRAL
82476245;8435410549795;PLATO KIOTO 120X80 GRIS POLAR V/CENTRAL
82476246;8435410549276;PLATO KIOTO 120X70 CREMA V/CENTRAL
82476247;8435410549351;PLATO KIOTO 120X70 CHOCOLATE V/CENTRAL
82476248;8435410549238;PLATO KIOTO 120X80 BLANCO V/CENTRAL
82476249;8435410549313;PLATO KIOTO 120X80 CREMA V/CENTRAL
82476250;8435410548965;PLATO KIOTO 140X70 PORTORO V/DESPLAZADA
82476251;8435410549870;PLATO KIOTO 120X80 PORTORO V/CENTRAL
82476252;8435410549955;PLATO KIOTO 120X80 COFE V/CENTRAL
82476253;8435410550036;PLATO KIOTO 120X80 NEGRO MARQ V/CENTRAL
82476254;8435410548729;PLATO KIOTO 140X70 CALACATA V/DESPLAZADA
82476255;8435410548804;PLATO KIOTO 140X70 VERONA V/DESPLAZADA
82476256;8435410549399;PLATO KIOTO 120X80 CHOCOLATE V/CENTRAL
82476257;8435410549474;PLATO KIOTO 120X80 GRIS V/CENTRAL
82476258;8435410549559;PLATO KIOTO 120X80 NEGRO V/CENTRAL
82476259;8435410548323;PLATO KIOTO 140X70 BLANCO V/DESPLAZADA
82476260;8435410548408;PLATO KIOTO 140X70 CREMA V/DESPLAZADA
82476261;8435410549047;PLATO KIOTO 140X70 COFE V/DESPLAZADA
82476262;8435410549214;PLATO KIOTO 160X70 BLANCO V/CENTRAL
82476263;8435410549245;PLATO KIOTO 140X80 BLANCO V/CENTRAL
82476264;8435410549290;PLATO KIOTO 160X70 CREMA V/CENTRAL
82476265;8435410549320;PLATO KIOTO 140X80 CREMA V/CENTRAL
82476266;8435410549375;PLATO KIOTO 160X70 CHOCOLATE V/CENTRAL
82476267;8435410549405;PLATO KIOTO 140X80 CHOCOLATE V/CENTRAL
82476268;8435410549450;PLATO KIOTO 160X70 GRIS V/CENTRAL
82476269;8435410549481;PLATO KIOTO 140X80 GRIS V/CENTRAL
82476270;8435410549535;PLATO KIOTO 160X70 NEGRO V/CENTRAL
82476271;8435410548484;PLATO KIOTO 140X70 CHOCO V/DESPLAZADA
82476272;8435410549122;PLATO KIOTO 140X70 NEGRO MARQ V/DESPLAZA
82476273;8435410549139;PLATO KIOTO 160X70 NEGRO MARQ V/DESPLAZA
82476274;8435410549160;PLATO KIOTO 140X80 NEGRO MARQ V/DESPLAZA
82476275;8435410549610;PLATO KIOTO 160X70 CALACATA V/CENTRAL
82476276;8435410549566;PLATO KIOTO 140X80 NEGRO V/CENTRAL
82476277;8435410548736;PLATO KIOTO 160X70 CALACATA V/DESPLAZADA
82476278;8435410548767;PLATO KIOTO 140X80 CALACATA V/DESPLAZADA
82476279;8435410548811;PLATO KIOTO 160X70 VERONA V/DESPLAZADA
82476280;8435410548842;PLATO KIOTO 140X80 VERONA V/DESPLAZADA
82476281;8435410548897;PLATO KIOTO 160X70 GRIS POLAR V/DESPLAZA
82476282;8435410548569;PLATO KIOTO 140X70 GRIS V/DESPLAZADA
82476283;8435410549603;PLATO KIOTO 140X70 CALACATA V/CENTRAL
82476284;8435410549641;PLATO KIOTO 140X80 CALACATA V/CENTRAL
82476285;8435410549696;PLATO KIOTO 160X70 VERONA V/CENTRAL
82476286;8435410549726;PLATO KIOTO 140X80 VERONA V/CENTRAL
82476287;8435410548927;PLATO KIOTO 140X80 GRIS POLAR V/DESPLAZA
82476288;8435410548972;PLATO KIOTO 160X70 PORTORO V/DESPLAZADA
82476289;8435410549009;PLATO KIOTO 140X80 PORTORO V/DESPLAZADA
82476290;8435410549054;PLATO KIOTO 160X70 COFE V/DESPLAZADA
82476291;8435410549085;PLATO KIOTO 140X80 COFE V/DESPLAZADA
82476292;8435410549689;PLATO KIOTO 140X70 VERONA V/CENTRAL
82476293;8435410549764;PLATO KIOTO 140X70 GRIS POLAR V/CENTRAL
82476294;8435410549849;PLATO KIOTO 140X70 PORTORO V/CENTRAL
82476295;8435410549771;PLATO KIOTO 160X70 GRIS POLAR V/CENTRAL
82476296;8435410549801;PLATO KIOTO 140X80 GRIS POLAR V/CENTRAL
82476297;8435410549856;PLATO KIOTO 160X70 PORTORO V/CENTRAL
82476298;8435410549337;PLATO KIOTO 160X80 CREMA V/CENTRAL
82476299;8435410549924;PLATO KIOTO 140X70 COFE V/CENTRAL
82476300;8435410550005;PLATO KIOTO 140X70 NEGRO MARQ V/CENTRAL
82476301;8435410548330;PLATO KIOTO 160X70 BLANCO V/DESPLAZADA
82476302;8435410548361;PLATO KIOTO 140X80 BLANCO V/DESPLAZADA
82476303;8435410548415;PLATO KIOTO 160X70 CREMA V/DESPLAZADA
82476304;8435410548446;PLATO KIOTO 140X80 CREMA V/DESPLAZADA
82476305;8435410548491;PLATO KIOTO 160X70 CHOCO V/DESPLAZADA
82476306;8435410549887;PLATO KIOTO 140X80 PORTORO V/CENTRAL
82476307;8435410549931;PLATO KIOTO 160X70 COFE V/CENTRAL
82476308;8435410549962;PLATO KIOTO 140X80 COFE V/CENTRAL
82476309;8435410549412;PLATO KIOTO 160X80 CHOCOLATE V/CENTRAL
82476311;8435410548521;PLATO KIOTO 140X80 CHOCO V/DESPLAZADA
82476312;8435410548576;PLATO KIOTO 160X70 GRIS V/DESPLAZADA
82476313;8435410548606;PLATO KIOTO 140X80 GRIS V/DESPLAZADA
82476314;8435410548651;PLATO KIOTO 160X70 NEGRO V/DESPLAZADA
82476315;8435410548682;PLATO KIOTO 140X80 NEGRO V/DESPLAZADA
82476316;8435410550012;PLATO KIOTO 160X70 NEGRO MARQ V/CENTRAL
82476317;8435410550043;PLATO KIOTO 140X80 NEGRO MARQ V/CENTRAL
82476318;8435410548378;PLATO KIOTO 160X80 BLANCO V/DESPLAZADA
82476319;8435410548453;PLATO KIOTO 160X80 CREMA V/DESPLAZADA
82476320;8435410549498;PLATO KIOTO 160X80 GRIS V/CENTRAL
82476322;8435410548538;PLATO KIOTO 160X80 CHOCO V/DESPLAZADA
82476323;8435410548613;PLATO KIOTO 160X80 GRIS V/DESPLAZADA
82476324;8435410548699;PLATO KIOTO 160X80 NEGRO V/DESPLAZADA
82476325;8435410549252;PLATO KIOTO 160X80 BLANCO V/CENTRAL
82476326;8435410549573;PLATO KIOTO 160X80 NEGRO V/CENTRAL
82476327;8435410548774;PLATO KIOTO 160X80 CALACATA V/DESPLAZADA
82476328;8435410548859;PLATO KIOTO 160X80 VERONA V/DESPLAZADA
82476329;8435410548934;PLATO KIOTO 160X80 GRIS POLAR V/DESPLAZA
82476330;8435410549016;PLATO KIOTO 160X80 PORTORO V/DESPLAZADA
82476331;8435410549092;PLATO KIOTO 160X80 COFE V/DESPLAZADA
82476340;8435410549177;PLATO KIOTO 160X80 NEGRO MARQ V/DESPLAZA
82476341;8435410549658;PLATO KIOTO 160X80 CALACATA V/CENTRAL
82476342;8435410549733;PLATO KIOTO 160X80 VERONA V/CENTRAL
82476351;8435410549818;PLATO KIOTO 160X80 GRIS POLAR V/CENTRAL
82476352;8435410549894;PLATO KIOTO 160X80 PORTORO V/CENTRAL
82476353;8435410549979;PLATO KIOTO 160X80 COFE V/CENTRAL
82476362;8435410550050;PLATO KIOTO 160X80 NEGRO MARQ V/CENTRAL
19520431;8435410505418;PLATO SAGA BLANCO PVP/M2 VAL+REJ+CTE
19520466;8435410505425;PLATO SAGA CREMA PVP/M2 VAL+REJ+CTE
19520592;8435410505388;PLATO SAGA NEGRO PVP/M2 VAL+REJ+C
19520606;8435410505395;PLATO SAGA CHOCO PVP/M2 VAL+REJ+C
19520613;8435410505401;PLATO SAGA GRIS PVP/M2 VAL+REJ+C
19520620;8435410505432;PLATO SAGA CALACATA PVP/M2 VAL+REJ+C
19520634;8435410505463;PLATO SAGA BL VERONA PVP/M2 VAL+REJ+C
19520760;8435410505449;PLATO SAGA PIZARRA PVP/M2 VAL+REJ+C
81870565;8435410505562;PLATO SAGA GRIS POLAR PVP/M2 VAL+REJ+CTE
81908811;8435410534999;PLATO SAGA COFFEE PVP/M2 VAL+REJ+CTE
81908816;8435410535040;PLATO SAGA PORTORO PVP/M2 VAL+REJ+CTE
82476310;8435410552481;PLATO SAGA 100X70 BLANCO V/UNICA
82476321;8435410552566;PLATO SAGA 100X70 CREMA V/UNICA
82476332;8435410552641;PLATO SAGA 100X70 CHOCOLATE V/UNICA
82476333;8435410552818;PLATO SAGA 120X70 NEGRO V/UNICA
82476334;8435410552665;PLATO SAGA 140X70 CHOCOLATE V/UNICA
82476335;8435410552740;PLATO SAGA 140X70 GRIS V/UNICA
82476336;8435410552825;PLATO SAGA 140X70 NEGRO V/UNICA
82476337;8435410552931;PLATO SAGA 120X80 CALACATA V/UNICA
82476338;8435410553013;PLATO SAGA 120X80 VERONA V/UNICA
82476339;8435410553099;PLATO SAGA 120X80 GRIS POLAR V/UNICA
82476343;8435410552726;PLATO SAGA 100X70 GRIS V/UNICA
82476344;8435410552924;PLATO SAGA 100X80 CALACATA V/UNICA
82476345;8435410553174;PLATO SAGA 120X80 PORTORO V/UNICA
82476346;8435410553259;PLATO SAGA 120X80 COFE V/UNICA
82476347;8435410553334;PLATO SAGA 120X80 NEGRO MARQUINA V/UNICA
82476348;8435410552900;PLATO SAGA 140X70 CALACATA V/UNICA
82476349;8435410552986;PLATO SAGA 140X70 VERONA V/UNICA
82476350;8435410553068;PLATO SAGA 140X70 GRIS POLAR V/UNICA
82476354;8435410552801;PLATO SAGA 100X70 NEGRO V/UNICA
82476355;8435410553006;PLATO SAGA 100X80 VERONA V/UNICA
82476356;8435410553143;PLATO SAGA 140X70 PORTORO V/UNICA
82476357;8435410553228;PLATO SAGA 140X70 COFE V/UNICA
82476358;8435410553303;PLATO SAGA 140X70 NEGRO MARQUINA V/UNICA
82476359;8435410552511;PLATO SAGA 160X70 BLANCO V/UNICA
82476360;8435410552542;PLATO SAGA 140X80 BLANCO V/UNICA
82476361;8435410552597;PLATO SAGA 160X70 CREMA V/UNICA
82476363;8435410552887;PLATO SAGA 100X70 CALACATA V/UNICA
82476364;8435410552962;PLATO SAGA 100X70 VERONA V/UNICA
82476365;8435410553044;PLATO SAGA 100X70 GRIS POLAR V/UNICA
82476366;8435410553082;PLATO SAGA 100X80 GRIS POLAR V/UNICA
82476367;8435410553167;PLATO SAGA 100X80 PORTORO V/UNICA
82476368;8435410552627;PLATO SAGA 140X80 CREMA V/UNICA
82476369;8435410552672;PLATO SAGA 160X70 CHOCOLATE V/UNICA
82476370;8435410553129;PLATO SAGA 100X70 PORTORO V/UNICA
82476371;8435410553204;PLATO SAGA 100X70 COFE V/UNICA
82476372;8435410553280;PLATO SAGA 100X70 NEGRO MARQUINA V/UNICA
82476373;8435410552528;PLATO SAGA 100X80 BLANCO V/UNICA
82476374;8435410552603;PLATO SAGA 100X80 CREMA V/UNICA
82476375;8435410552689;PLATO SAGA 100X80 CHOCOLATE V/UNICA
82476376;8435410552764;PLATO SAGA 100X80 GRIS V/UNICA
82476377;8435410553242;PLATO SAGA 100X80 COFE V/UNICA
82476378;8435410553327;PLATO SAGA 100X80 NEGRO MARQUINA V/UNICA
82476379;8435410552702;PLATO SAGA 140X80 CHOCOLATE V/UNICA
82476380;8435410552757;PLATO SAGA 160X70 GRIS V/UNICA
82476381;8435410552788;PLATO SAGA 140X80 GRIS V/UNICA
82476382;8435410552832;PLATO SAGA 160X70 NEGRO V/UNICA
82476383;8435410552863;PLATO SAGA 140X80 NEGRO V/UNICA
82476384;8435410552917;PLATO SAGA 160X70 CALACATA V/UNICA
82476385;8435410552849;PLATO SAGA 100X80 NEGRO V/UNICA
82476386;8435410552498;PLATO SAGA 120X70 BLANCO V/UNICA
82476387;8435410552573;PLATO SAGA 120X70 CREMA V/UNICA
82476388;8435410552795;PLATO SAGA 160X80 GRIS V/UNICA
82476389;8435410552894;PLATO SAGA 120X70 CALACATA V/UNICA
82476390;8435410552979;PLATO SAGA 120X70 VERONA V/UNICA
82476391;8435410552948;PLATO SAGA 140X80 CALACATA V/UNICA
82476392;8435410552993;PLATO SAGA 160X70 VERONA V/UNICA
82476393;8435410553020;PLATO SAGA 140X80 VERONA V/UNICA
82476394;8435410553075;PLATO SAGA 160X70 GRIS POLAR V/UNICA
82476395;8435410553105;PLATO SAGA 140X80 GRIS POLAR V/UNICA
82476396;8435410552658;PLATO SAGA 120X70 CHOCOLATE V/UNICA
82476397;8435410552733;PLATO SAGA 120X70 GRIS V/UNICA
82476398;8435410552870;PLATO SAGA 160X80 NEGRO V/UNICA
82476399;8435410552955;PLATO SAGA 160X80 CALACATA V/UNICA
82476400;8435410553051;PLATO SAGA 120X70 GRIS POLAR V/UNICA
82476401;8435410553136;PLATO SAGA 120X70 PORTORO V/UNICA
82476402;8435410553150;PLATO SAGA 160X70 PORTORO V/UNICA
82476403;8435410553181;PLATO SAGA 140X80 PORTORO V/UNICA
82476404;8435410553235;PLATO SAGA 160X70 COFE V/UNICA
82476405;8435410553266;PLATO SAGA 140X80 COFE V/UNICA
82476406;8435410553310;PLATO SAGA 160X70 NEGRO MARQUINA V/UNICA
82476407;8435410553037;PLATO SAGA 160X80 VERONA V/UNICA
82476408;8435410553112;PLATO SAGA 160X80 GRIS POLAR V/UNICA
82476409;8435410553198;PLATO SAGA 160X80 PORTORO V/UNICA
82476410;8435410553273;PLATO SAGA 160X80 COFE V/UNICA
82476411;8435410553211;PLATO SAGA 120X70 COFE V/UNICA
82476412;8435410553297;PLATO SAGA 120X70 NEGRO MARQUINA V/UNICA
82476418;8435410553341;PLATO SAGA 140X80 NEGRO MARQUINA V/UNICA
82476419;8435410553358;PLATO SAGA 160X80 NEGRO MARQUINA V/UNICA
82476420;8435410552535;PLATO SAGA 120X80 BLANCO V/UNICA
82476421;8435410552610;PLATO SAGA 120X80 CREMA V/UNICA
82476422;8435410552696;PLATO SAGA 120X80 CHOCOLATE V/UNICA
82476423;8435410552771;PLATO SAGA 120X80 GRIS V/UNICA
82476429;8435410552559;PLATO SAGA 160X80 BLANCO V/UNICA
82476430;8435410552634;PLATO SAGA 160X80 CREMA V/UNICA
82476431;8435410552856;PLATO SAGA 120X80 NEGRO V/UNICA
82476432;8435410552504;PLATO SAGA 140X70 BLANCO V/UNICA
82476433;8435410552580;PLATO SAGA 140X70 CREMA V/UNICA
82476443;8435410552719;PLATO SAGA 160X80 CHOCOLATE V/UNICA
16872184;8436549934612;PLATO OSAKA CREMA PVP/M2 VAL+REJ+CTE
16872191;8436549934629;PLATO OSAKA BLANCO PVP/M2 VAL+REJ+CTE
16872205;8436549934636;PLATO OSAKA CHOCO PVP/M2 VAL+REJ+CTE
16872212;8436549934643;PLATO OSAKA GRIS PVP/M2 VAL+REJ+CTE
16872226;8436549934650;PLATO OSAKA NEGRO PVP/M2 VAL+REJ+CTE
18769695;8436549939006;PLATO OSAKA CALACATTA PVP/M2 VAL+REJ+CTE
18769723;8436549939013;PLATO OSAKA PIZARRA PVP/M2 VAL+REJ+CTE
19520326;8435410505142;PLATO OSAKA BL VERONA PVP/M2 VAL+REJ+CTE
19646662;8435410509898;PLATO DCH PIEDRA OSAKA 100X70 BL
19646676;8435410509911;PLATO DCH PIEDRA OSAKA 120X70 BL
19646683;8435410509935;PLATO DCH PIEDRA OSAKA 140X70 BL
19646704;8435410509959;PLATO DCH PIEDRA OSAKA 160X70 BL
81870557;8435410505487;PLATO OSAKA GRIS POLAR PVP/M2 VAL+REJ+CT
81908810;8435410534982;PLATO OSAKA COFFEE PVP/M2 VAL+REJ+CTE
81908815;8435410535033;PLATO OSAKA PORTORO PVP/M2 VAL+REJ+CTE
82476413;8435410550067;PLATO OSAKA 100X70 BLANCO V/DESPLAZADA
82476414;8435410550142;PLATO OSAKA 100X70 CREMA V/DESPLAZADA
82476415;8435410550227;PLATO OSAKA 100X70 CHOCO V/DESPLAZADA
82476416;8435410550302;PLATO OSAKA 100X70 GRIS V/DESPLAZADA
82476417;8435410550388;PLATO OSAKA 100X70 ANTRACITA V/DESPLAZAD
82476424;8435410550944;PLATO OSAKA 100X70 BLANCO V/CENTRAL
82476425;8435410551026;PLATO OSAKA 100X70 CREMA V/CENTRAL
82476426;8435410551101;PLATO OSAKA 100X70 CHOCOLATE V/CENTRAL
82476427;8435410551187;PLATO OSAKA 100X70 GRIS V/CENTRAL
82476428;8435410551262;PLATO OSAKA 100X70 NEGRO V/CENTRAL
82476434;8435410551668;PLATO OSAKA 100X70 COFE V/CENTRAL
82476435;8435410551743;PLATO OSAKA 100X70 NEGRO MARQ V/CENTRAL
82476436;8435410550104;PLATO OSAKA 100X80 BLANCO V/DESPLAZADA
82476437;8435410550463;PLATO OSAKA 100X70 CALACATA V/DESPLAZADA
82476438;8435410550548;PLATO OSAKA 100X70 VERONA V/DESPLAZADA
82476439;8435410550623;PLATO OSAKA 100X70 GRIS POLAR V/DESPLAZA
82476441;8435410550708;PLATO OSAKA 100X70 PORTORO V/DESPLAZADA
82476445;8435410550180;PLATO OSAKA 100X80 CREMA V/DESPLAZADA
82476446;8435410550265;PLATO OSAKA 100X80 CHOCO V/DESPLAZADA
82476447;8435410550340;PLATO OSAKA 100X80 GRIS V/DESPLAZADA
82476448;8435410550425;PLATO OSAKA 100X80 NEGRO V/DESPLAZADA
82476449;8435410550982;PLATO OSAKA 100X80 BLANCO V/CENTRAL
82476452;8435410550784;PLATO OSAKA 100X70 COFE V/DESPLAZADA
82476453;8435410550869;PLATO OSAKA 100X70 NEGRO MARQ V/DESPLAZA
82476454;8435410551347;PLATO OSAKA 100X70 CALACATA V/CENTRAL
82476455;8435410551422;PLATO OSAKA 100X70 VERONA V/CENTRAL
82476456;8435410551194;PLATO OSAKA 120X70 GRIS V/CENTRAL
82476457;8435410551064;PLATO OSAKA 100X80 CREMA V/CENTRAL
82476458;8435410551149;PLATO OSAKA 100X80 CHOCOLATE V/CENTRAL
82476459;8435410551224;PLATO OSAKA 100X80 GRIS V/CENTRAL
82476460;8435410551309;PLATO OSAKA 100X80 NEGRO V/CENTRAL
82476461;8435410550074;PLATO OSAKA 120X70 BLANCO V/DESPLAZADA
82476462;8435410550159;PLATO OSAKA 120X70 CREMA V/DESPLAZADA
82476463;8435410551354;PLATO OSAKA 120X70 CALACATA V/CENTRAL
82476464;8435410551439;PLATO OSAKA 120X70 VERONA V/CENTRAL
82476465;8435410551507;PLATO OSAKA 100X70 GRIS POLAR V/CENTRAL
82476466;8435410551583;PLATO OSAKA 100X70 PORTORO V/CENTRAL
82476467;8435410551279;PLATO OSAKA 120X70 NEGRO V/CENTRAL
82476468;8435410550234;PLATO OSAKA 120X70 CHOCO V/DESPLAZADA
82476469;8435410550319;PLATO OSAKA 120X70 GRIS V/DESPLAZADA
82476470;8435410550395;PLATO OSAKA 120X70 ANTRACITA V/DESPLAZAD
82476471;8435410550951;PLATO OSAKA 120X70 BLANCO V/CENTRAL
82476472;8435410551033;PLATO OSAKA 120X70 CREMA V/CENTRAL
82476473;8435410551118;PLATO OSAKA 120X70 CHOCOLATE V/CENTRAL
82476474;8435410551514;PLATO OSAKA 120X70 GRIS POLAR V/CENTRAL
82476475;8435410551590;PLATO OSAKA 120X70 PORTORO V/CENTRAL
82476476;8435410550500;PLATO OSAKA 100X80 CALACATA V/DESPLAZADA
82476477;8435410550586;PLATO OSAKA 100X80 VERONA V/DESPLAZADA
82476478;8435410550401;PLATO OSAKA 140X70 NEGRO V/DESPLAZADA
82476479;8435410550968;PLATO OSAKA 140X70 BLANCO V/CENTRAL
82476480;8435410551040;PLATO OSAKA 140X70 CREMA V/CENTRAL
82476481;8435410551125;PLATO OSAKA 140X70 CHOCOLATE V/CENTRAL
82476482;8435410551200;PLATO OSAKA 140X70 GRIS V/CENTRAL
82476483;8435410551675;PLATO OSAKA 120X70 COFE V/CENTRAL
82476484;8435410551750;PLATO OSAKA 120X70 NEGRO MARQ V/CENTRAL
82476485;8435410550111;PLATO OSAKA 120X80 BLANCO V/DESPLAZADA
82476486;8435410550197;PLATO OSAKA 120X80 CREMA V/DESPLAZADA
82476487;8435410550661;PLATO OSAKA 100X80 GRIS POLAR V/DESPLAZA
82476488;8435410550647;PLATO OSAKA 140X70 GRIS POLAR V/DESPLAZA
82476489;8435410550722;PLATO OSAKA 140X70 PORTORO V/DESPLAZADA
82476490;8435410551286;PLATO OSAKA 140X70 NEGRO V/CENTRAL
82476491;8435410550517;PLATO OSAKA 120X80 CALACATA V/DESPLAZADA
82476492;8435410550593;PLATO OSAKA 120X80 VERONA V/DESPLAZADA
82476493;8435410550678;PLATO OSAKA 120X80 GRIS POLAR V/DESPLAZA
82476494;8435410550272;PLATO OSAKA 120X80 CHOCO V/DESPLAZADA
82476495;8435410550357;PLATO OSAKA 120X80 GRIS V/DESPLAZADA
82476496;8435410550432;PLATO OSAKA 120X80 NEGRO V/DESPLAZADA
82476497;8435410550746;PLATO OSAKA 100X80 PORTORO V/DESPLAZADA
82476498;8435410550807;PLATO OSAKA 140X70 COFE V/DESPLAZADA
82476499;8435410550883;PLATO OSAKA 140X70 NEGRO MARQ V/DESPLAZA
82476500;8435410550753;PLATO OSAKA 120X80 PORTORO V/DESPLAZADA
82476501;8435410550838;PLATO OSAKA 120X80 COFE V/DESPLAZADA
82476502;8435410550913;PLATO OSAKA 120X80 NEGRO MARQ V/DESPLAZA
82476503;8435410551392;PLATO OSAKA 120X80 CALACATA V/CENTRAL
82476504;8435410550999;PLATO OSAKA 120X80 BLANCO V/CENTRAL
82476505;8435410551071;PLATO OSAKA 120X80 CREMA V/CENTRAL
82476506;8435410551156;PLATO OSAKA 120X80 CHOCOLATE V/CENTRAL
82476507;8435410551231;PLATO OSAKA 120X80 GRIS V/CENTRAL
82476508;8435410550821;PLATO OSAKA 100X80 COFE V/DESPLAZADA
82476509;8435410551361;PLATO OSAKA 140X70 CALACATA V/CENTRAL
82476510;8435410551446;PLATO OSAKA 140X70 VERONA V/CENTRAL
82476511;8435410551477;PLATO OSAKA 120X80 VERONA V/CENTRAL
82476512;8435410551552;PLATO OSAKA 120X80 GRIS POLAR V/CENTRAL
82476513;8435410551637;PLATO OSAKA 120X80 PORTORO V/CENTRAL
82476514;8435410551316;PLATO OSAKA 120X80 NEGRO V/CENTRAL
82476515;8435410550081;PLATO OSAKA 140X70 BLANCO V/DESPLAZADA
82476516;8435410550166;PLATO OSAKA 140X70 CREMA V/DESPLAZADA
82476517;8435410550241;PLATO OSAKA 140X70 CHOCO V/DESPLAZADA
82476518;8435410550906;PLATO OSAKA 100X80 NEGRO MARQ V/DESPLAZA
82476519;8435410551521;PLATO OSAKA 140X70 GRIS POLAR V/CENTRAL
82476520;8435410551606;PLATO OSAKA 140X70 PORTORO V/CENTRAL
82476521;8435410551712;PLATO OSAKA 120X80 COFE V/CENTRAL
82476522;8435410551798;PLATO OSAKA 120X80 NEGRO MARQ V/CENTRAL
82476523;8435410550487;PLATO OSAKA 140X70 CALACATA V/DESPLAZADA
82476524;8435410550326;PLATO OSAKA 140X70 GRIS V/DESPLAZADA
82476525;8435410551385;PLATO OSAKA 100X80 CALACATA V/CENTRAL
82476526;8435410551460;PLATO OSAKA 100X80 VERONA V/CENTRAL
82476527;8435410551545;PLATO OSAKA 100X80 GRIS POLAR V/CENTRAL
82476528;8435410551620;PLATO OSAKA 100X80 PORTORO V/CENTRAL
82476529;8435410551705;PLATO OSAKA 100X80 COFE V/CENTRAL
82476530;8435410551682;PLATO OSAKA 140X70 COFE V/CENTRAL
82476531;8435410551767;PLATO OSAKA 140X70 NEGRO MARQ V/CENTRAL
82476532;8435410550562;PLATO OSAKA 140X70 VERONA V/DESPLAZADA
82476533;8435410551781;PLATO OSAKA 100X80 NEGRO MARQ V/CENTRAL
82476534;8435410550470;PLATO OSAKA 120X70 CALACATA V/DESPLAZADA
82476535;8435410550555;PLATO OSAKA 120X70 VERONA V/DESPLAZADA
82476536;8435410550630;PLATO OSAKA 120X70 GRIS POLAR V/DESPLAZA
82476537;8435410550715;PLATO OSAKA 120X70 PORTORO V/DESPLAZADA
82476538;8435410550791;PLATO OSAKA 120X70 COFE V/DESPLAZADA
82476539;8435410550876;PLATO OSAKA 120X70 NEGRO MARQ V/DESPLAZA
82476540;8435410550975;PLATO OSAKA 160X70 BLANCO V/CENTRAL
82476541;8435410550098;PLATO OSAKA 160X70 BLANCO V/DESPLAZADA
82476542;8435410550128;PLATO OSAKA 140X80 BLANCO V/DESPLAZADA
82476543;8435410550890;PLATO OSAKA 160X70 NEGRO MARQ V/DESPLAZA
82476544;8435410550920;PLATO OSAKA 140X80 NEGRO MARQ V/DESPLAZA
82476545;8435410551378;PLATO OSAKA 160X70 CALACATA V/CENTRAL
82476546;8435410551408;PLATO OSAKA 140X80 CALACATA V/CENTRAL
82476547;8435410551453;PLATO OSAKA 160X70 VERONA V/CENTRAL
82476548;8435410551484;PLATO OSAKA 140X80 VERONA V/CENTRAL
82476549;8435410551538;PLATO OSAKA 160X70 GRIS POLAR V/CENTRAL
82476550;8435410551002;PLATO OSAKA 140X80 BLANCO V/CENTRAL
82476551;8435410550173;PLATO OSAKA 160X70 CREMA V/DESPLAZADA
82476552;8435410550203;PLATO OSAKA 140X80 CREMA V/DESPLAZADA
82476553;8435410551095;PLATO OSAKA 160X80 CREMA V/CENTRAL
82476554;8435410551170;PLATO OSAKA 160X80 CHOCOLATE V/CENTRAL
82476555;8435410551255;PLATO OSAKA 160X80 GRIS V/CENTRAL
82476556;8435410551569;PLATO OSAKA 140X80 GRIS POLAR V/CENTRAL
82476557;8435410551613;PLATO OSAKA 160X70 PORTORO V/CENTRAL
82476558;8435410551644;PLATO OSAKA 140X80 PORTORO V/CENTRAL
82476559;8435410551057;PLATO OSAKA 160X70 CREMA V/CENTRAL
82476560;8435410550258;PLATO OSAKA 160X70 CHOCO V/DESPLAZADA
82476561;8435410550289;PLATO OSAKA 140X80 CHOCO V/DESPLAZADA
82476562;8435410551330;PLATO OSAKA 160X80 NEGRO V/CENTRAL
82476563;8435410550531;PLATO OSAKA 160X80 CALACATA V/DESPLAZADA
82476564;8435410550616;PLATO OSAKA 160X80 VERONA V/DESPLAZADA
82476565;8435410551699;PLATO OSAKA 160X70 COFE V/CENTRAL
82476566;8435410551729;PLATO OSAKA 140X80 COFE V/CENTRAL
82476567;8435410551774;PLATO OSAKA 160X70 NEGRO MARQ V/CENTRAL
82476568;8435410551804;PLATO OSAKA 140X80 NEGRO MARQ V/CENTRAL
82476569;8435410550135;PLATO OSAKA 160X80 BLANCO V/DESPLAZADA
82476570;8435410551088;PLATO OSAKA 140X80 CREMA V/CENTRAL
82476571;8435410550333;PLATO OSAKA 160X70 GRIS V/DESPLAZADA
82476572;8435410550364;PLATO OSAKA 140X80 GRIS V/DESPLAZADA
82476573;8435410550692;PLATO OSAKA 160X80 GRIS POLAR V/DESPLAZA
82476574;8435410550777;PLATO OSAKA 160X80 PORTORO V/DESPLAZADA
82476575;8435410550852;PLATO OSAKA 160X80 COFE V/DESPLAZADA
82476576;8435410550210;PLATO OSAKA 160X80 CREMA V/DESPLAZADA
82476577;8435410550296;PLATO OSAKA 160X80 CHOCO V/DESPLAZADA
82476578;8435410550371;PLATO OSAKA 160X80 GRIS V/DESPLAZADA
82476579;8435410550456;PLATO OSAKA 160X80 NEGRO V/DESPLAZADA
82476580;8435410551019;PLATO OSAKA 160X80 BLANCO V/CENTRAL
82476581;8435410551132;PLATO OSAKA 160X70 CHOCOLATE V/CENTRAL
82476582;8435410550418;PLATO OSAKA 160X70 NEGRO V/DESPLAZADA
82476583;8435410550449;PLATO OSAKA 140X80 NEGRO V/DESPLAZADA
82476584;8435410550937;PLATO OSAKA 160X80 NEGRO MARQ V/DESPLAZA
82476585;8435410551415;PLATO OSAKA 160X80 CALACATA V/CENTRAL
82476586;8435410551491;PLATO OSAKA 160X80 VERONA V/CENTRAL
82476587;8435410551163;PLATO OSAKA 140X80 CHOCOLATE V/CENTRAL
82476588;8435410551217;PLATO OSAKA 160X70 GRIS V/CENTRAL
82476589;8435410551248;PLATO OSAKA 140X80 GRIS V/CENTRAL
82476590;8435410551293;PLATO OSAKA 160X70 NEGRO V/CENTRAL
82476591;8435410551323;PLATO OSAKA 140X80 NEGRO V/CENTRAL
82476592;8435410550494;PLATO OSAKA 160X70 CALACATA V/DESPLAZADA
82476593;8435410551576;PLATO OSAKA 160X80 GRIS POLAR V/CENTRAL
82476594;8435410551651;PLATO OSAKA 160X80 PORTORO V/CENTRAL
82476595;8435410551736;PLATO OSAKA 160X80 COFE V/CENTRAL
82476596;8435410551811;PLATO OSAKA 160X80 NEGRO MARQ V/CENTRAL
82476597;8435410550524;PLATO OSAKA 140X80 CALACATA V/DESPLAZADA
82476598;8435410550579;PLATO OSAKA 160X70 VERONA V/DESPLAZADA
82476599;8435410550609;PLATO OSAKA 140X80 VERONA V/DESPLAZADA
82476600;8435410550654;PLATO OSAKA 160X70 GRIS POLAR V/DESPLAZA
82476601;8435410550685;PLATO OSAKA 140X80 GRIS POLAR V/DESPLAZA
82476602;8435410550739;PLATO OSAKA 160X70 PORTORO V/DESPLAZADA
82476603;8435410550760;PLATO OSAKA 140X80 PORTORO V/DESPLAZADA
82476604;8435410550814;PLATO OSAKA 160X70 COFE V/DESPLAZADA
82476605;8435410550845;PLATO OSAKA 140X80 COFE V/DESPLAZADA
19520473;8435410505326;PLATO FUJI BLANCO PVP/M2 VAL+REJ+CTE
19520494;8435410505333;PLATO FUJI CREMA PVP/M2 VAL+REJ+CTE
19520641;8435410505296;PLATO FUJI NEGRO PVP/M2 VAL+REJ+C
19520655;8435410505302;PLATO FUJI CHOCO PVP/M2 VAL+REJ+C
19520690;8435410505340;PLATO FUJI CALACATA PVP/M2 VAL+REJ+C
19520732;8435410505371;PLATO FUJI BL VERONA PVP/M2 VAL+REJ+C
19520781;8435410505357;PLATO FUJI PIZARRA PVP/M2 VAL+REJ+C
19520851;8435410505319;PLATO FUJI GRIS PVP/M2 VAL+REJ+C
81870564;8435410505555;PLATO FUJI GRIS POLAR PVP/M2 VAL+REJ+CTE
81908812;8435410535002;PLATO FUJI COFFEE PVP/M2 VAL+REJ+CTE
81908817;8435410535057;PLATO FUJI PORTORO PVP/M2 VAL+REJ+CTE
82476606;8435410553365;PLATO FUJI 100X70 BLANCO V/UNICA
82476607;8435410553440;PLATO FUJI 100X70 CREMA V/UNICA
82476608;8435410553525;PLATO FUJI 100X70 CHOCOLATE V/UNICA
82476609;8435410553600;PLATO FUJI 100X70 GRIS V/UNICA
82476610;8435410553686;PLATO FUJI 100X70 NEGRO V/UNICA
82476611;8435410553761;PLATO FUJI 100X70 CALACATA V/UNICA
82476612;8435410553846;PLATO FUJI 100X70 VERONA V/UNICA
82476613;8435410553921;PLATO FUJI 100X70 GRIS POLAR V/UNICA
82476614;8435410554003;PLATO FUJI 100X70 PORTORO V/UNICA
82476615;8435410553587;PLATO FUJI 140X80 CHOCOLATE V/UNICA
82476616;8435410553631;PLATO FUJI 160X70 GRIS V/UNICA
82476617;8435410553662;PLATO FUJI 140X80 GRIS V/UNICA
82476618;8435410553693;PLATO FUJI 120X70 NEGRO V/UNICA
82476619;8435410553808;PLATO FUJI 100X80 CALACATA V/UNICA
82476620;8435410553884;PLATO FUJI 100X80 VERONA V/UNICA
82476621;8435410553969;PLATO FUJI 100X80 GRIS POLAR V/UNICA
82476622;8435410554041;PLATO FUJI 100X80 PORTORO V/UNICA
82476623;8435410554126;PLATO FUJI 100X80 COFE V/UNICA
82476624;8435410554089;PLATO FUJI 100X70 COFE V/UNICA
82476625;8435410553549;PLATO FUJI 140X70 CHOCOLATE V/UNICA
82476626;8435410553624;PLATO FUJI 140X70 GRIS V/UNICA
82476627;8435410553709;PLATO FUJI 140X70 NEGRO V/UNICA
82476628;8435410553716;PLATO FUJI 160X70 NEGRO V/UNICA
82476629;8435410554201;PLATO FUJI 100X80 NEGRO MARQUINA V/UNICA
82476630;8435410553778;PLATO FUJI 120X70 CALACATA V/UNICA
82476631;8435410553853;PLATO FUJI 120X70 VERONA V/UNICA
82476632;8435410553938;PLATO FUJI 120X70 GRIS POLAR V/UNICA
82476633;8435410554010;PLATO FUJI 120X70 PORTORO V/UNICA
82476634;8435410554164;PLATO FUJI 100X70 NEGRO MARQUINA V/UNICA
82476635;8435410553815;PLATO FUJI 120X80 CALACATA V/UNICA
82476636;8435410553891;PLATO FUJI 120X80 VERONA V/UNICA
82476637;8435410553976;PLATO FUJI 120X80 GRIS POLAR V/UNICA
82476638;8435410553747;PLATO FUJI 140X80 NEGRO V/UNICA
82476639;8435410554096;PLATO FUJI 120X70 COFE V/UNICA
82476640;8435410554171;PLATO FUJI 120X70 NEGRO MARQUINA V/UNICA
82476641;8435410553419;PLATO FUJI 120X80 BLANCO V/UNICA
82476642;8435410553495;PLATO FUJI 120X80 CREMA V/UNICA
82476643;8435410553570;PLATO FUJI 120X80 CHOCOLATE V/UNICA
82476644;8435410553402;PLATO FUJI 100X80 BLANCO V/UNICA
82476645;8435410554058;PLATO FUJI 120X80 PORTORO V/UNICA
82476646;8435410554133;PLATO FUJI 120X80 COFE V/UNICA
82476647;8435410554218;PLATO FUJI 120X80 NEGRO MARQUINA V/UNICA
82476648;8435410553785;PLATO FUJI 140X70 CALACATA V/UNICA
82476649;8435410553792;PLATO FUJI 160X70 CALACATA V/UNICA
82476650;8435410553655;PLATO FUJI 120X80 GRIS V/UNICA
82476651;8435410553730;PLATO FUJI 120X80 NEGRO V/UNICA
82476652;8435410553389;PLATO FUJI 140X70 BLANCO V/UNICA
82476653;8435410553464;PLATO FUJI 140X70 CREMA V/UNICA
82476654;8435410553488;PLATO FUJI 100X80 CREMA V/UNICA
82476655;8435410553563;PLATO FUJI 100X80 CHOCOLATE V/UNICA
82476656;8435410553860;PLATO FUJI 140X70 VERONA V/UNICA
82476657;8435410553945;PLATO FUJI 140X70 GRIS POLAR V/UNICA
82476658;8435410554027;PLATO FUJI 140X70 PORTORO V/UNICA
82476659;8435410554102;PLATO FUJI 140X70 COFE V/UNICA
82476660;8435410553822;PLATO FUJI 140X80 CALACATA V/UNICA
82476661;8435410553648;PLATO FUJI 100X80 GRIS V/UNICA
82476662;8435410553723;PLATO FUJI 100X80 NEGRO V/UNICA
82476663;8435410553372;PLATO FUJI 120X70 BLANCO V/UNICA
82476664;8435410553457;PLATO FUJI 120X70 CREMA V/UNICA
82476665;8435410553532;PLATO FUJI 120X70 CHOCOLATE V/UNICA
82476666;8435410553617;PLATO FUJI 120X70 GRIS V/UNICA
82476667;8435410554188;PLATO FUJI 140X70 NEGRO MARQUINA V/UNICA
82476668;8435410553396;PLATO FUJI 160X70 BLANCO V/UNICA
82476669;8435410553426;PLATO FUJI 140X80 BLANCO V/UNICA
82476670;8435410553471;PLATO FUJI 160X70 CREMA V/UNICA
82476671;8435410553877;PLATO FUJI 160X70 VERONA V/UNICA
82476672;8435410553679;PLATO FUJI 160X80 GRIS V/UNICA
82476673;8435410553501;PLATO FUJI 140X80 CREMA V/UNICA
82476674;8435410553556;PLATO FUJI 160X70 CHOCOLATE V/UNICA
82476675;8435410553907;PLATO FUJI 140X80 VERONA V/UNICA
82476676;8435410553952;PLATO FUJI 160X70 GRIS POLAR V/UNICA
82476678;8435410553983;PLATO FUJI 140X80 GRIS POLAR V/UNICA
82476681;8435410554034;PLATO FUJI 160X70 PORTORO V/UNICA
82476682;8435410554065;PLATO FUJI 140X80 PORTORO V/UNICA
82476683;8435410554119;PLATO FUJI 160X70 COFE V/UNICA
82476684;8435410554140;PLATO FUJI 140X80 COFE V/UNICA
82476685;8435410553754;PLATO FUJI 160X80 NEGRO V/UNICA
82476686;8435410554195;PLATO FUJI 160X70 NEGRO MARQUINA V/UNICA
82476687;8435410554225;PLATO FUJI 140X80 NEGRO MARQUINA V/UNICA
82476688;8435410553433;PLATO FUJI 160X80 BLANCO V/UNICA
82476689;8435410553518;PLATO FUJI 160X80 CREMA V/UNICA
82476690;8435410553594;PLATO FUJI 160X80 CHOCOLATE V/UNICA
82476691;8435410553839;PLATO FUJI 160X80 CALACATA V/UNICA
82476692;8435410553914;PLATO FUJI 160X80 VERONA V/UNICA
82476693;8435410553990;PLATO FUJI 160X80 GRIS POLAR V/UNICA
82476694;8435410554072;PLATO FUJI 160X80 PORTORO V/UNICA
82476697;8435410554157;PLATO FUJI 160X80 COFE V/UNICA
82476698;8435410554232;PLATO FUJI 160X80 NEGRO MARQUINA V/UNICA
16872051;8436549934568;PLATO KOBE CHOCO PVP/M2 VAL+REJ+CTE
16872072;8436549934575;PLATO KOBE GRIS PVP/M2 VAL+REJ+CTE
16872142;8436549934582;PLATO KOBE NEGRO PVP/M2 VAL+REJ+CTE
16872156;8436549934599;PLATO KOBE CREMA PVP/M2 VAL+REJ+CTE
16872163;8436549934605;PLATO KOBE BLANCO PVP/M2 VAL+REJ+CTE
18769786;8436549939068;PLATO KOBE CALACATTA PVP/M2 VAL+REJ+CTE
18769793;8436549939075;PLATO KOBE PIZARRA PVP/M2 VAL+REJ+CTE
19520305;8435410505166;PLATO KOBE BL VERONA PVP/M2 VAL+REJ+CTE
81870559;8435410505500;PLATO KOBE GRIS POLAR PVP/M2 VAL+REJ+CT
81908813;8435410535019;PLATO KOBE COFFEE PVP/M2 VAL+REJ+CTE
81908818;8435410535064;PLATO KOBE PORTORO PVP/M2 VAL+REJ+CTE
82476701;8435410552078;PLATO KOBE 140X70 NEGRO V/UNICA
82476702;8435410552153;PLATO KOBE 120X80 CALACATA V/UNICA
82476703;8435410552214;PLATO KOBE 120X80 VERONA V/UNICA
82476704;8435410552276;PLATO KOBE 120X80 GRIS POLAR V/UNICA
82476705;8435410552337;PLATO KOBE 120X80 PORTORO V/UNICA
82476706;8435410552399;PLATO KOBE 120X80 COFE V/UNICA
82476707;8435410552450;PLATO KOBE 120X80 NEGRO MARQUINA V/UNICA
82476708;8435410552139;PLATO KOBE 140X70 CALACATA V/UNICA
82476709;8435410552191;PLATO KOBE 140X70 VERONA V/UNICA
82476710;8435410551828;PLATO KOBE 120X70 BLANCO V/UNICA
82476711;8435410551880;PLATO KOBE 120X70 CREMA V/UNICA
82476712;8435410551941;PLATO KOBE 120X70 CHOCOLATE V/UNICA
82476713;8435410552009;PLATO KOBE 120X70 GRIS V/UNICA
82476714;8435410552252;PLATO KOBE 140X70 GRIS POLAR V/UNICA
82476715;8435410552313;PLATO KOBE 140X70 PORTORO V/UNICA
82476716;8435410552375;PLATO KOBE 140X70 COFE V/UNICA
82476717;8435410552436;PLATO KOBE 140X70 NEGRO MARQUINA V/UNICA
82476718;8435410551842;PLATO KOBE 160X70 BLANCO V/UNICA
82476719;8435410551866;PLATO KOBE 140X80 BLANCO V/UNICA
82476720;8435410552061;PLATO KOBE 120X70 NEGRO V/UNICA
82476721;8435410552122;PLATO KOBE 120X70 CALACATA V/UNICA
82476722;8435410552184;PLATO KOBE 120X70 VERONA V/UNICA
82476723;8435410552245;PLATO KOBE 120X70 GRIS POLAR V/UNICA
82476724;8435410551903;PLATO KOBE 160X70 CREMA V/UNICA
82476725;8435410551927;PLATO KOBE 140X80 CREMA V/UNICA
82476726;8435410551965;PLATO KOBE 160X70 CHOCOLATE V/UNICA
82476728;8435410551989;PLATO KOBE 140X80 CHOCOLATE V/UNICA
82476730;8435410552023;PLATO KOBE 160X70 GRIS V/UNICA
82476731;8435410552306;PLATO KOBE 120X70 PORTORO V/UNICA
82476732;8435410552368;PLATO KOBE 120X70 COFE V/UNICA
82476733;8435410552429;PLATO KOBE 120X70 NEGRO MARQUINA V/UNICA
82476734;8435410551859;PLATO KOBE 120X80 BLANCO V/UNICA
82476735;8435410551910;PLATO KOBE 120X80 CREMA V/UNICA
82476736;8435410552047;PLATO KOBE 140X80 GRIS V/UNICA
82476737;8435410552177;PLATO KOBE 160X80 CALACATA V/UNICA
82476738;8435410552238;PLATO KOBE 160X80 VERONA V/UNICA
82476739;8435410552290;PLATO KOBE 160X80 GRIS POLAR V/UNICA
82476740;8435410552351;PLATO KOBE 160X80 PORTORO V/UNICA
82476741;8435410552412;PLATO KOBE 160X80 COFE V/UNICA
82476742;8435410552474;PLATO KOBE 160X80 NEGRO MARQUINA V/UNICA
82476743;8435410551972;PLATO KOBE 120X80 CHOCOLATE V/UNICA
82476744;8435410552030;PLATO KOBE 120X80 GRIS V/UNICA
82476745;8435410552085;PLATO KOBE 160X70 NEGRO V/UNICA
82476746;8435410552092;PLATO KOBE 120X80 NEGRO V/UNICA
82476747;8435410551835;PLATO KOBE 140X70 BLANCO V/UNICA
82476748;8435410551897;PLATO KOBE 140X70 CREMA V/UNICA
82476749;8435410551958;PLATO KOBE 140X70 CHOCOLATE V/UNICA
82476750;8435410552016;PLATO KOBE 140X70 GRIS V/UNICA
82476751;8435410552108;PLATO KOBE 140X80 NEGRO V/UNICA
82476752;8435410552146;PLATO KOBE 160X70 CALACATA V/UNICA
82476753;8435410552160;PLATO KOBE 140X80 CALACATA V/UNICA
82476754;8435410552207;PLATO KOBE 160X70 VERONA V/UNICA
82476755;8435410552221;PLATO KOBE 140X80 VERONA V/UNICA
82476756;8435410552269;PLATO KOBE 160X70 GRIS POLAR V/UNICA
82476757;8435410552283;PLATO KOBE 140X80 GRIS POLAR V/UNICA
82476758;8435410552320;PLATO KOBE 160X70 PORTORO V/UNICA
82476759;8435410552344;PLATO KOBE 140X80 PORTORO V/UNICA
82476760;8435410552382;PLATO KOBE 160X70 COFE V/UNICA
82476761;8435410552405;PLATO KOBE 140X80 COFE V/UNICA
82476762;8435410552443;PLATO KOBE 160X70 NEGRO MARQUINA V/UNICA
82476763;8435410552467;PLATO KOBE 140X80 NEGRO MARQUINA V/UNICA
82476764;8435410551873;PLATO KOBE 160X80 BLANCO V/UNICA
82476765;8435410551934;PLATO KOBE 160X80 CREMA V/UNICA
82476766;8435410551996;PLATO KOBE 160X80 CHOCOLATE V/UNICA
82476767;8435410552054;PLATO KOBE 160X80 GRIS V/UNICA
82476768;8435410552115;PLATO KOBE 160X80 NEGRO V/UNICA
81908819;8435410535071;PLATO EDO BLANCO PVP/M2 VAL+REJ+CTE
81908820;8435410535088;PLATO EDO PIZARRA NG PVP/M2 VAL+REJ+CTE
81908821;8435410535095;PLATO EDO NEGRO PVP/M2 VAL+REJ+CTE
81908822;8435410535101;PLATO EDO CHOCOLATE PVP/M2 VAL+REJ+CTE
81908823;8435410535118;PLATO EDO GRIS PVP/M2 VAL+REJ+CTE
81908824;8435410535125;PLATO EDO CREMA PVP/M2 VAL+REJ+CTE
81908825;8435410535132;PLATO EDO CALACATTA PVP/M2 VAL+REJ+CTE
81908826;8435410535149;PLATO EDO VERONA PVP/M2 VAL+REJ+CTE
81908827;8435410535156;PLATO EDO GRIS POLAR PVP/M2 VAL+REJ+CTE
81908828;8435410535163;PLATO EDO COFFEE PVP/M2 VAL+REJ+CTE
81908829;8435410535170;PLATO EDO PORTORO PVP/M2 VAL+REJ+CTE
82476769;8435410554249;PLATO EDO 100X70 BLANCO V/DESPLAZADA
82476770;8435410554324;PLATO EDO 100X70 CREMA V/DESPLAZADA
82476771;8435410554409;PLATO EDO 100X70 CHOCOLATE V/DESPLAZADA
82476772;8435410554485;PLATO EDO 100X70 GRIS V/DESPLAZADA
82476773;8435410554560;PLATO EDO 100X70 NEGRO V/DESPLAZADA
82476774;8435410555123;PLATO EDO 100X70 BLANCO V/CENTRAL
82476775;8435410555208;PLATO EDO 100X70 CREMA V/CENTRAL
82476776;8435410555284;PLATO EDO 100X70 CHOCOLATE V/CENTRAL
82476777;8435410555369;PLATO EDO 100X70 GRIS V/CENTRAL
82476778;8435410555840;PLATO EDO 100X70 COFE V/CENTRAL
82476779;8435410555925;PLATO EDO 100X70 NEGRO MARQ V/CENTRAL
82476780;8435410554287;PLATO EDO 100X80 BLANCO V/DESPLAZADA
82476781;8435410555376;PLATO EDO 120X70 GRIS V/CENTRAL
82476782;8435410555451;PLATO EDO 120X70 NEGRO V/CENTRAL
82476783;8435410554683;PLATO EDO 100X80 CALACATA V/DESPLAZADA
82476784;8435410554768;PLATO EDO 100X80 VERONA V/DESPLAZADA
82476785;8435410555444;PLATO EDO 100X70 NEGRO V/CENTRAL
82476786;8435410554645;PLATO EDO 100X70 CALACATA V/DESPLAZADA
82476787;8435410554720;PLATO EDO 100X70 VERONA V/DESPLAZADA
82476788;8435410554362;PLATO EDO 100X80 CREMA V/DESPLAZADA
82476789;8435410554447;PLATO EDO 100X80 CHOCOLATE V/DESPLAZADA
82476790;8435410554522;PLATO EDO 100X80 GRIS V/DESPLAZADA
82476791;8435410554843;PLATO EDO 100X80 GRIS POLAR V/DESPLAZADA
82476793;8435410554928;PLATO EDO 100X80 PORTORO V/DESPLAZADA
82476795;8435410555000;PLATO EDO 100X80 COFE V/DESPLAZADA
82476797;8435410555086;PLATO EDO 100X80 NEGRO MARQ V/DESPLAZADA
82476799;8435410554805;PLATO EDO 100X70 GRIS POLAR V/DESPLAZADA
82476802;8435410554881;PLATO EDO 100X70 PORTORO V/DESPLAZADA
82476804;8435410554966;PLATO EDO 100X70 COFE V/DESPLAZADA
82476805;8435410554607;PLATO EDO 100X80 NEGRO V/DESPLAZADA
82476806;8435410555161;PLATO EDO 100X80 BLANCO V/CENTRAL
82476807;8435410555246;PLATO EDO 100X80 CREMA V/CENTRAL
82476808;8435410555567;PLATO EDO 100X80 CALACATA V/CENTRAL
82476809;8435410555642;PLATO EDO 100X80 VERONA V/CENTRAL
82476810;8435410555727;PLATO EDO 100X80 GRIS POLAR V/CENTRAL
82476811;8435410555802;PLATO EDO 100X80 PORTORO V/CENTRAL
82476812;8435410555048;PLATO EDO 100X70 NEGRO MARQ V/DESPLAZADA
82476813;8435410555529;PLATO EDO 100X70 CALACATA V/CENTRAL
82476814;8435410555604;PLATO EDO 100X70 VERONA V/CENTRAL
82476815;8435410555321;PLATO EDO 100X80 CHOCOLATE V/CENTRAL
82476816;8435410555406;PLATO EDO 100X80 GRIS V/CENTRAL
82476817;8435410555888;PLATO EDO 100X80 COFE V/CENTRAL
82476818;8435410555963;PLATO EDO 100X80 NEGRO MARQ V/CENTRAL
82476819;8435410554652;PLATO EDO 120X70 CALACATA V/DESPLAZADA
82476820;8435410554737;PLATO EDO 120X70 VERONA V/DESPLAZADA
82476821;8435410555680;PLATO EDO 100X70 GRIS POLAR V/CENTRAL
82476822;8435410555765;PLATO EDO 100X70 PORTORO V/CENTRAL
82476823;8435410555482;PLATO EDO 100X80 NEGRO V/CENTRAL
82476824;8435410554256;PLATO EDO 120X70 BLANCO V/DESPLAZADA
82476825;8435410554331;PLATO EDO 120X70 CREMA V/DESPLAZADA
82476826;8435410554416;PLATO EDO 120X70 CHOCOLATE V/DESPLAZADA
82476827;8435410554812;PLATO EDO 120X70 GRIS POLAR V/DESPLAZADA
82476828;8435410554898;PLATO EDO 120X70 PORTORO V/DESPLAZADA
82476829;8435410554973;PLATO EDO 120X70 COFE V/DESPLAZADA
82476830;8435410555055;PLATO EDO 120X70 NEGRO MARQ V/DESPLAZADA
82476831;8435410554492;PLATO EDO 120X70 GRIS V/DESPLAZADA
82476832;8435410554577;PLATO EDO 120X70 NEGRO V/DESPLAZADA
82476833;8435410555130;PLATO EDO 120X70 BLANCO V/CENTRAL
82476834;8435410555215;PLATO EDO 120X70 CREMA V/CENTRAL
82476835;8435410555291;PLATO EDO 120X70 CHOCOLATE V/CENTRAL
82476836;8435410555536;PLATO EDO 120X70 CALACATA V/CENTRAL
82476837;8435410555611;PLATO EDO 120X70 VERONA V/CENTRAL
82476838;8435410555697;PLATO EDO 120X70 GRIS POLAR V/CENTRAL
82476839;8435410555772;PLATO EDO 120X70 PORTORO V/CENTRAL
82476840;8435410554584;PLATO EDO 140X70 NEGRO V/DESPLAZADA
82476841;8435410555147;PLATO EDO 140X70 BLANCO V/CENTRAL
82476842;8435410555222;PLATO EDO 140X70 CREMA V/CENTRAL
82476843;8435410555307;PLATO EDO 140X70 CHOCOLATE V/CENTRAL
82476844;8435410555383;PLATO EDO 140X70 GRIS V/CENTRAL
82476845;8435410555857;PLATO EDO 120X70 COFE V/CENTRAL
82476846;8435410555932;PLATO EDO 120X70 NEGRO MARQ V/CENTRAL
82476847;8435410554294;PLATO EDO 120X80 BLANCO V/DESPLAZADA
82476848;8435410554379;PLATO EDO 120X80 CREMA V/DESPLAZADA
82476849;8435410554454;PLATO EDO 120X80 CHOCOLATE V/DESPLAZADA
82476850;8435410554829;PLATO EDO 140X70 GRIS POLAR V/DESPLAZADA
82476851;8435410554904;PLATO EDO 140X70 PORTORO V/DESPLAZADA
82476852;8435410554980;PLATO EDO 140X70 COFE V/DESPLAZADA
82476853;8435410555468;PLATO EDO 140X70 NEGRO V/CENTRAL
82476854;8435410554690;PLATO EDO 120X80 CALACATA V/DESPLAZADA
82476855;8435410554539;PLATO EDO 120X80 GRIS V/DESPLAZADA
82476856;8435410554614;PLATO EDO 120X80 NEGRO V/DESPLAZADA
82476857;8435410555178;PLATO EDO 120X80 BLANCO V/CENTRAL
82476858;8435410555253;PLATO EDO 120X80 CREMA V/CENTRAL
82476859;8435410555062;PLATO EDO 140X70 NEGRO MARQ V/DESPLAZADA
82476860;8435410555543;PLATO EDO 140X70 CALACATA V/CENTRAL
82476862;8435410555628;PLATO EDO 140X70 VERONA V/CENTRAL
82476863;8435410554775;PLATO EDO 120X80 VERONA V/DESPLAZADA
82476864;8435410554850;PLATO EDO 120X80 GRIS POLAR V/DESPLAZADA
82476865;8435410555338;PLATO EDO 120X80 CHOCOLATE V/CENTRAL
82476866;8435410555413;PLATO EDO 120X80 GRIS V/CENTRAL
82476867;8435410555499;PLATO EDO 120X80 NEGRO V/CENTRAL
82476868;8435410554263;PLATO EDO 140X70 BLANCO V/DESPLAZADA
82476869;8435410555703;PLATO EDO 140X70 GRIS POLAR V/CENTRAL
82476871;8435410554935;PLATO EDO 120X80 PORTORO V/DESPLAZADA
82476873;8435410555017;PLATO EDO 120X80 COFE V/DESPLAZADA
82476875;8435410554348;PLATO EDO 140X70 CREMA V/DESPLAZADA
82476877;8435410554423;PLATO EDO 140X70 CHOCOLATE V/DESPLAZADA
82476878;8435410554508;PLATO EDO 140X70 GRIS V/DESPLAZADA
82476879;8435410555789;PLATO EDO 140X70 PORTORO V/CENTRAL
82476880;8435410555864;PLATO EDO 140X70 COFE V/CENTRAL
82476881;8435410555949;PLATO EDO 140X70 NEGRO MARQ V/CENTRAL
82476882;8435410554270;PLATO EDO 160X70 BLANCO V/DESPLAZADA
82476883;8435410555093;PLATO EDO 120X80 NEGRO MARQ V/DESPLAZADA
82476884;8435410555574;PLATO EDO 120X80 CALACATA V/CENTRAL
82476885;8435410554300;PLATO EDO 140X80 BLANCO V/DESPLAZADA
82476886;8435410554355;PLATO EDO 160X70 CREMA V/DESPLAZADA
82476887;8435410554386;PLATO EDO 140X80 CREMA V/DESPLAZADA
82476888;8435410554430;PLATO EDO 160X70 CHOCOLATE V/DESPLAZADA
82476889;8435410554461;PLATO EDO 140X80 CHOCOLATE V/DESPLAZADA
82476890;8435410554515;PLATO EDO 160X70 GRIS V/DESPLAZADA
82476891;8435410554546;PLATO EDO 140X80 GRIS V/DESPLAZADA
82476892;8435410555659;PLATO EDO 120X80 VERONA V/CENTRAL
82476893;8435410555734;PLATO EDO 120X80 GRIS POLAR V/CENTRAL
82476894;8435410555154;PLATO EDO 160X70 BLANCO V/CENTRAL
82476895;8435410555185;PLATO EDO 140X80 BLANCO V/CENTRAL
82476896;8435410555239;PLATO EDO 160X70 CREMA V/CENTRAL
82476897;8435410555260;PLATO EDO 140X80 CREMA V/CENTRAL
82476898;8435410555314;PLATO EDO 160X70 CHOCOLATE V/CENTRAL
82476899;8435410554591;PLATO EDO 160X70 NEGRO V/DESPLAZADA
82476900;8435410554621;PLATO EDO 140X80 NEGRO V/DESPLAZADA
82476901;8435410555819;PLATO EDO 120X80 PORTORO V/CENTRAL
82476902;8435410555895;PLATO EDO 120X80 COFE V/CENTRAL
82476903;8435410555970;PLATO EDO 120X80 NEGRO MARQ V/CENTRAL
82476904;8435410555345;PLATO EDO 140X80 CHOCOLATE V/CENTRAL
82476905;8435410555390;PLATO EDO 160X70 GRIS V/CENTRAL
82476906;8435410555420;PLATO EDO 140X80 GRIS V/CENTRAL
82476907;8435410555475;PLATO EDO 160X70 NEGRO V/CENTRAL
82476908;8435410555505;PLATO EDO 140X80 NEGRO V/CENTRAL
82476909;8435410554669;PLATO EDO 140X70 CALACATA V/DESPLAZADA
82476910;8435410554744;PLATO EDO 140X70 VERONA V/DESPLAZADA
82476911;8435410554676;PLATO EDO 160X70 CALACATA V/DESPLAZADA
82476912;8435410554706;PLATO EDO 140X80 CALACATA V/DESPLAZADA
82476913;8435410554751;PLATO EDO 160X70 VERONA V/DESPLAZADA
82476914;8435410554782;PLATO EDO 140X80 VERONA V/DESPLAZADA
82476915;8435410554836;PLATO EDO 160X70 GRIS POLAR V/DESPLAZADA
82476916;8435410554867;PLATO EDO 140X80 GRIS POLAR V/DESPLAZADA
82476917;8435410554911;PLATO EDO 160X70 PORTORO V/DESPLAZADA
82476918;8435410554942;PLATO EDO 140X80 PORTORO V/DESPLAZADA
82476919;8435410555079;PLATO EDO 160X70 NEGRO MARQ V/DESPLAZADA
82476920;8435410555109;PLATO EDO 140X80 NEGRO MARQ V/DESPLAZADA
82476921;8435410554997;PLATO EDO 160X70 COFE V/DESPLAZADA
82476922;8435410555024;PLATO EDO 140X80 COFE V/DESPLAZADA
82476923;8435410555550;PLATO EDO 160X70 CALACATA V/CENTRAL
82476924;8435410555581;PLATO EDO 140X80 CALACATA V/CENTRAL
82476925;8435410555635;PLATO EDO 160X70 VERONA V/CENTRAL
82476926;8435410555666;PLATO EDO 140X80 VERONA V/CENTRAL
82476927;8435410555710;PLATO EDO 160X70 GRIS POLAR V/CENTRAL
82476928;8435410555741;PLATO EDO 140X80 GRIS POLAR V/CENTRAL
82476929;8435410555277;PLATO EDO 160X80 CREMA V/CENTRAL
82476930;8435410555352;PLATO EDO 160X80 CHOCOLATE V/CENTRAL
82476931;8435410555437;PLATO EDO 160X80 GRIS V/CENTRAL
82476932;8435410555512;PLATO EDO 160X80 NEGRO V/CENTRAL
82476933;8435410554713;PLATO EDO 160X80 CALACATA V/DESPLAZADA
82476934;8435410555796;PLATO EDO 160X70 PORTORO V/CENTRAL
82476935;8435410555826;PLATO EDO 140X80 PORTORO V/CENTRAL
82476936;8435410555871;PLATO EDO 160X70 COFE V/CENTRAL
82476937;8435410555901;PLATO EDO 140X80 COFE V/CENTRAL
82476938;8435410555956;PLATO EDO 160X70 NEGRO MARQ V/CENTRAL
82476939;8435410554799;PLATO EDO 160X80 VERONA V/DESPLAZADA
82476940;8435410554874;PLATO EDO 160X80 GRIS POLAR V/DESPLAZADA
82476941;8435410554959;PLATO EDO 160X80 PORTORO V/DESPLAZADA
82476942;8435410555031;PLATO EDO 160X80 COFE V/DESPLAZADA
82476943;8435410555116;PLATO EDO 160X80 NEGRO MARQ V/DESPLAZADA
82476944;8435410555987;PLATO EDO 140X80 NEGRO MARQ V/CENTRAL
82476945;8435410554317;PLATO EDO 160X80 BLANCO V/DESPLAZADA
82476946;8435410554393;PLATO EDO 160X80 CREMA V/DESPLAZADA
82476947;8435410554478;PLATO EDO 160X80 CHOCOLATE V/DESPLAZADA
82476948;8435410554553;PLATO EDO 160X80 GRIS V/DESPLAZADA
82476949;8435410555598;PLATO EDO 160X80 CALACATA V/CENTRAL
82476950;8435410555673;PLATO EDO 160X80 VERONA V/CENTRAL
82476951;8435410555758;PLATO EDO 160X80 GRIS POLAR V/CENTRAL
82476952;8435410555833;PLATO EDO 160X80 PORTORO V/CENTRAL
82476953;8435410555918;PLATO EDO 160X80 COFE V/CENTRAL
82476954;8435410554638;PLATO EDO 160X80 NEGRO V/DESPLAZADA
82476955;8435410555192;PLATO EDO 160X80 BLANCO V/CENTRAL
82476956;8435410555994;PLATO EDO 160X80 NEGRO MARQ V/CENTRAL
82476957;8435410557608;PLATO KUE 100X70 COFE V/CENTRAL
82476958;8435410557684;PLATO KUE 100X70 NEGRO MARQ V/CENTRAL
82476959;8435410556045;PLATO KUE 100X80 BLANCO V/DESPLAZADA
82476960;8435410556120;PLATO KUE 100X80 CREMA V/DESPLAZADA
82476961;8435410556205;PLATO KUE 100X80 CHOCOLATE V/DESPLAZADA
82476962;8435410556281;PLATO KUE 100X80 GRIS V/DESPLAZADA
82476963;8435410556366;PLATO KUE 100X80 NEGRO V/DESPLAZADA
82476964;8435410556922;PLATO KUE 100X80 BLANCO V/CENTRAL
82476965;8435410557004;PLATO KUE 100X80 CREMA V/CENTRAL
82476966;8435410557080;PLATO KUE 100X80 CHOCOLATE V/CENTRAL
82476968;8435410557165;PLATO KUE 100X80 GRIS V/CENTRAL
82476969;8435410557240;PLATO KUE 100X80 NEGRO V/CENTRAL
82476970;8435410556014;PLATO KUE 120X70 BLANCO V/DESPLAZADA
82476971;8435410556090;PLATO KUE 120X70 CREMA V/DESPLAZADA
82476972;8435410556175;PLATO KUE 120X70 CHOCOLATE V/DESPLAZADA
82476973;8435410556250;PLATO KUE 120X70 GRIS V/DESPLAZADA
82476974;8435410556335;PLATO KUE 120X70 NEGRO V/DESPLAZADA
82476975;8435410556892;PLATO KUE 120X70 BLANCO V/CENTRAL
82476976;8435410556007;PLATO KUE 100X70 BLANCO V/DESPLAZADA
82476977;8435410556977;PLATO KUE 120X70 CREMA V/CENTRAL
82476978;8435410557059;PLATO KUE 120X70 CHOCOLATE V/CENTRAL
82476979;8435410556083;PLATO KUE 100X70 CREMA V/DESPLAZADA
82476980;8435410556168;PLATO KUE 100X70 CHOCOLATE V/DESPLAZADA
82476981;8435410556243;PLATO KUE 100X70 GRIS V/DESPLAZADA
82476982;8435410556328;PLATO KUE 100X70 NEGRO V/DESPLAZADA
82476983;8435410556885;PLATO KUE 100X70 BLANCO V/CENTRAL
82476984;8435410556960;PLATO KUE 100X70 CREMA V/CENTRAL
82476985;8435410557042;PLATO KUE 100X70 CHOCOLATE V/CENTRAL
82476986;8435410557127;PLATO KUE 100X70 GRIS V/CENTRAL
82476987;8435410557295;PLATO KUE 120X70 CALACATA V/CENTRAL
82476988;8435410557370;PLATO KUE 120X70 VERONA V/CENTRAL
82476989;8435410557455;PLATO KUE 120X70 GRIS POLAR V/CENTRAL
82476990;8435410557530;PLATO KUE 120X70 PORTORO V/CENTRAL
82476991;8435410557615;PLATO KUE 120X70 COFE V/CENTRAL
82476992;8435410557691;PLATO KUE 120X70 NEGRO MARQ V/CENTRAL
82476993;8435410556052;PLATO KUE 120X80 BLANCO V/DESPLAZADA
82476994;8435410557202;PLATO KUE 100X70 NEGRO V/CENTRAL
82476995;8435410556403;PLATO KUE 100X70 CALACATA V/DESPLAZADA
82476996;8435410557134;PLATO KUE 120X70 GRIS V/CENTRAL
82476997;8435410557219;PLATO KUE 120X70 NEGRO V/CENTRAL
82476998;8435410556441;PLATO KUE 100X80 CALACATA V/DESPLAZADA
82476999;8435410556526;PLATO KUE 100X80 VERONA V/DESPLAZADA
82477000;8435410556601;PLATO KUE 100X80 GRIS POLAR V/DESPLAZADA
82477001;8435410556137;PLATO KUE 120X80 CREMA V/DESPLAZADA
82477002;8435410556212;PLATO KUE 120X80 CHOCOLATE V/DESPLAZADA
82477003;8435410556342;PLATO KUE 140X70 NEGRO V/DESPLAZADA
82477004;8435410556489;PLATO KUE 100X70 VERONA V/DESPLAZADA
82477005;8435410556564;PLATO KUE 100X70 GRIS POLAR V/DESPLAZADA
82477006;8435410556687;PLATO KUE 100X80 PORTORO V/DESPLAZADA
82477007;8435410556762;PLATO KUE 100X80 COFE V/DESPLAZADA
82477008;8435410556847;PLATO KUE 100X80 NEGRO MARQ V/DESPLAZADA
82477009;8435410557325;PLATO KUE 100X80 CALACATA V/CENTRAL
82477010;8435410557400;PLATO KUE 100X80 VERONA V/CENTRAL
82477011;8435410557486;PLATO KUE 100X80 GRIS POLAR V/CENTRAL
82477012;8435410556298;PLATO KUE 120X80 GRIS V/DESPLAZADA
82477013;8435410556373;PLATO KUE 120X80 NEGRO V/DESPLAZADA
82477014;8435410556908;PLATO KUE 140X70 BLANCO V/CENTRAL
82477015;8435410556649;PLATO KUE 100X70 PORTORO V/DESPLAZADA
82477016;8435410556724;PLATO KUE 100X70 COFE V/DESPLAZADA
82477017;8435410557561;PLATO KUE 100X80 PORTORO V/CENTRAL
82477018;8435410557646;PLATO KUE 100X80 COFE V/CENTRAL
82477019;8435410557721;PLATO KUE 100X80 NEGRO MARQ V/CENTRAL
82477020;8435410556410;PLATO KUE 120X70 CALACATA V/DESPLAZADA
82477021;8435410556496;PLATO KUE 120X70 VERONA V/DESPLAZADA
82477022;8435410556571;PLATO KUE 120X70 GRIS POLAR V/DESPLAZADA
82477023;8435410556939;PLATO KUE 120X80 BLANCO V/CENTRAL
82477024;8435410557011;PLATO KUE 120X80 CREMA V/CENTRAL
82477025;8435410556984;PLATO KUE 140X70 CREMA V/CENTRAL
82477026;8435410556809;PLATO KUE 100X70 NEGRO MARQ V/DESPLAZADA
82477027;8435410557288;PLATO KUE 100X70 CALACATA V/CENTRAL
82477028;8435410556656;PLATO KUE 120X70 PORTORO V/DESPLAZADA
82477029;8435410556731;PLATO KUE 120X70 COFE V/DESPLAZADA
82477030;8435410556816;PLATO KUE 120X70 NEGRO MARQ V/DESPLAZADA
82477031;8435410557097;PLATO KUE 120X80 CHOCOLATE V/CENTRAL
82477032;8435410557172;PLATO KUE 120X80 GRIS V/CENTRAL
82477033;8435410557257;PLATO KUE 120X80 NEGRO V/CENTRAL
82477034;8435410556021;PLATO KUE 140X70 BLANCO V/DESPLAZADA
82477035;8435410556106;PLATO KUE 140X70 CREMA V/DESPLAZADA
82477036;8435410557066;PLATO KUE 140X70 CHOCOLATE V/CENTRAL
82477037;8435410557363;PLATO KUE 100X70 VERONA V/CENTRAL
82477038;8435410556182;PLATO KUE 140X70 CHOCOLATE V/DESPLAZADA
82477039;8435410556267;PLATO KUE 140X70 GRIS V/DESPLAZADA
82477040;8435410557141;PLATO KUE 140X70 GRIS V/CENTRAL
82477041;8435410557226;PLATO KUE 140X70 NEGRO V/CENTRAL
82477042;8435410556458;PLATO KUE 120X80 CALACATA V/DESPLAZADA
82477043;8435410556533;PLATO KUE 120X80 VERONA V/DESPLAZADA
82477044;8435410556618;PLATO KUE 120X80 GRIS POLAR V/DESPLAZADA
82477045;8435410556694;PLATO KUE 120X80 PORTORO V/DESPLAZADA
82477046;8435410556779;PLATO KUE 120X80 COFE V/DESPLAZADA
82477047;8435410556588;PLATO KUE 140X70 GRIS POLAR V/DESPLAZADA
82477048;8435410557448;PLATO KUE 100X70 GRIS POLAR V/CENTRAL
82477049;8435410556915;PLATO KUE 160X70 BLANCO V/CENTRAL
82477050;8435410556946;PLATO KUE 140X80 BLANCO V/CENTRAL
82477051;8435410556991;PLATO KUE 160X70 CREMA V/CENTRAL
82477052;8435410557028;PLATO KUE 140X80 CREMA V/CENTRAL
82477053;8435410557073;PLATO KUE 160X70 CHOCOLATE V/CENTRAL
82477054;8435410557103;PLATO KUE 140X80 CHOCOLATE V/CENTRAL
82477055;8435410557158;PLATO KUE 160X70 GRIS V/CENTRAL
82477056;8435410556854;PLATO KUE 120X80 NEGRO MARQ V/DESPLAZADA
82477057;8435410556663;PLATO KUE 140X70 PORTORO V/DESPLAZADA
82477058;8435410557523;PLATO KUE 100X70 PORTORO V/CENTRAL
82477059;8435410557189;PLATO KUE 140X80 GRIS V/CENTRAL
82477060;8435410557233;PLATO KUE 160X70 NEGRO V/CENTRAL
82477061;8435410557264;PLATO KUE 140X80 NEGRO V/CENTRAL
82477062;8435410556434;PLATO KUE 160X70 CALACATA V/DESPLAZADA
82477063;8435410556465;PLATO KUE 140X80 CALACATA V/DESPLAZADA
82477064;8435410556519;PLATO KUE 160X70 VERONA V/DESPLAZADA
82477065;8435410556540;PLATO KUE 140X80 VERONA V/DESPLAZADA
82477066;8435410557332;PLATO KUE 120X80 CALACATA V/CENTRAL
82477067;8435410556748;PLATO KUE 140X70 COFE V/DESPLAZADA
82477068;8435410556830;PLATO KUE 160X70 NEGRO MARQ V/DESPLAZADA
82477069;8435410556861;PLATO KUE 140X80 NEGRO MARQ V/DESPLAZADA
82477070;8435410557318;PLATO KUE 160X70 CALACATA V/CENTRAL
82477071;8435410557349;PLATO KUE 140X80 CALACATA V/CENTRAL
82477072;8435410557394;PLATO KUE 160X70 VERONA V/CENTRAL
82477073;8435410557424;PLATO KUE 140X80 VERONA V/CENTRAL
82477074;8435410556595;PLATO KUE 160X70 GRIS POLAR V/DESPLAZADA
82477075;8435410556625;PLATO KUE 140X80 GRIS POLAR V/DESPLAZADA
82477076;8435410557417;PLATO KUE 120X80 VERONA V/CENTRAL
82477077;8435410556823;PLATO KUE 140X70 NEGRO MARQ V/DESPLAZADA
82477078;8435410557479;PLATO KUE 160X70 GRIS POLAR V/CENTRAL
82477079;8435410557509;PLATO KUE 140X80 GRIS POLAR V/CENTRAL
82477080;8435410557554;PLATO KUE 160X70 PORTORO V/CENTRAL
82477081;8435410557585;PLATO KUE 140X80 PORTORO V/CENTRAL
82477082;8435410557639;PLATO KUE 160X70 COFE V/CENTRAL
82477083;8435410556670;PLATO KUE 160X70 PORTORO V/DESPLAZADA
82477084;8435410556700;PLATO KUE 140X80 PORTORO V/DESPLAZADA
82477085;8435410557493;PLATO KUE 120X80 GRIS POLAR V/CENTRAL
82477086;8435410557301;PLATO KUE 140X70 CALACATA V/CENTRAL
82477087;8435410557660;PLATO KUE 140X80 COFE V/CENTRAL
82477088;8435410557714;PLATO KUE 160X70 NEGRO MARQ V/CENTRAL
82477089;8435410557745;PLATO KUE 140X80 NEGRO MARQ V/CENTRAL
82477090;8435410556076;PLATO KUE 160X80 BLANCO V/DESPLAZADA
82477091;8435410556151;PLATO KUE 160X80 CREMA V/DESPLAZADA
82477092;8435410556236;PLATO KUE 160X80 CHOCOLATE V/DESPLAZADA
82477093;8435410556755;PLATO KUE 160X70 COFE V/DESPLAZADA
82477094;8435410556786;PLATO KUE 140X80 COFE V/DESPLAZADA
82477095;8435410557578;PLATO KUE 120X80 PORTORO V/CENTRAL
82477096;8435410557387;PLATO KUE 140X70 VERONA V/CENTRAL
82477097;8435410556311;PLATO KUE 160X80 GRIS V/DESPLAZADA
82477098;8435410556397;PLATO KUE 160X80 NEGRO V/DESPLAZADA
82477099;8435410556953;PLATO KUE 160X80 BLANCO V/CENTRAL
82477100;8435410557653;PLATO KUE 120X80 COFE V/CENTRAL
82477101;8435410557738;PLATO KUE 120X80 NEGRO MARQ V/CENTRAL
82477102;8435410556427;PLATO KUE 140X70 CALACATA V/DESPLAZADA
82477103;8435410556502;PLATO KUE 140X70 VERONA V/DESPLAZADA
82477104;8435410557462;PLATO KUE 140X70 GRIS POLAR V/CENTRAL
82477105;8435410557547;PLATO KUE 140X70 PORTORO V/CENTRAL
82477106;8435410557622;PLATO KUE 140X70 COFE V/CENTRAL
82477107;8435410557035;PLATO KUE 160X80 CREMA V/CENTRAL
82477108;8435410557110;PLATO KUE 160X80 CHOCOLATE V/CENTRAL
82477109;8435410557196;PLATO KUE 160X80 GRIS V/CENTRAL
82477110;8435410557271;PLATO KUE 160X80 NEGRO V/CENTRAL
82477111;8435410557707;PLATO KUE 140X70 NEGRO MARQ V/CENTRAL
82477112;8435410556038;PLATO KUE 160X70 BLANCO V/DESPLAZADA
82477113;8435410556069;PLATO KUE 140X80 BLANCO V/DESPLAZADA
82477114;8435410556113;PLATO KUE 160X70 CREMA V/DESPLAZADA
82477115;8435410556144;PLATO KUE 140X80 CREMA V/DESPLAZADA
82477116;8435410556199;PLATO KUE 160X70 CHOCOLATE V/DESPLAZADA
82477117;8435410556472;PLATO KUE 160X80 CALACATA V/DESPLAZADA
82477118;8435410556557;PLATO KUE 160X80 VERONA V/DESPLAZADA
82477119;8435410556632;PLATO KUE 160X80 GRIS POLAR V/DESPLAZADA
82477120;8435410556717;PLATO KUE 160X80 PORTORO V/DESPLAZADA
82477121;8435410556229;PLATO KUE 140X80 CHOCOLATE V/DESPLAZADA
82477122;8435410556274;PLATO KUE 160X70 GRIS V/DESPLAZADA
82477123;8435410556304;PLATO KUE 140X80 GRIS V/DESPLAZADA
82477124;8435410556359;PLATO KUE 160X70 NEGRO V/DESPLAZADA
82477125;8435410556380;PLATO KUE 140X80 NEGRO V/DESPLAZADA
82477126;8435410556793;PLATO KUE 160X80 COFE V/DESPLAZADA
82477127;8435410556878;PLATO KUE 160X80 NEGRO MARQ V/DESPLAZADA
82477128;8435410557356;PLATO KUE 160X80 CALACATA V/CENTRAL
82477129;8435410557431;PLATO KUE 160X80 VERONA V/CENTRAL
82477130;8435410557516;PLATO KUE 160X80 GRIS POLAR V/CENTRAL
82477131;8435410557592;PLATO KUE 160X80 PORTORO V/CENTRAL
82477132;8435410557677;PLATO KUE 160X80 COFE V/CENTRAL
82477133;8435410557752;PLATO KUE 160X80 NEGRO MARQ V/CENTRAL
48040412;;COD 48 MARMOLES LA MOLAINA BAÑOS
48070022;;COD 48 BAERAS / PLATOS DUCHA
48143053;;CODIGO 48 ROCA PLATOS
48251161;;COD 48 MARMOLES DANIEL PEREZ (PLATOS)
48271160;;COD 48 DOCCIA LAS PALMAS/ ROMAN (PLATOS)
16396723;8435315502826;DESAGÜE PLATO HOUSTON CROMO
19471235;8013232967678;VALVULA PLATO BERGAMO
19471242;8013232967661;REJILLA PLATO BERGAMO
81885243;8424010736865;KIT REPARADOR PLATOS BLANCOS MARMITE
81885244;8424010736872;KIT REPARADOR PLATOS NEGROS MARMITE
15250494;8435095475563;PLATO MED COMPACT 90X 90 BL +V
15255401;8435095471039;PLATO MED COMPACT 70X 80 BL +V
15255422;8435095471169;PLATO MED COMPACT 70X 90 BL +V
15255471;8435095471244;PLATO MED COMPACT 70X 95 BL +V
15255513;8435095471299;PLATO MED COMPACT 70X 100 BL +V
15255583;8435095471558;PLATO MED COMPACT 70X 120 BL +V
15255604;8435095471718;PLATO MED COMPACT 70X 140 BL +V
15255625;8435095471879;PLATO MED COMPACT 70X 160 BL +V
15255863;8435095473194;PLATO MED COMPACT 75X 170 BL +V
15256731;8435095473736;PLATO MED COMPACT 80X 100 BL +V
15256773;8435095473866;PLATO MED COMPACT 80X 110 BL +V
15256836;8435095474153;PLATO MED COMPACT 80X 140 BL +V
15257725;8435095474238;PLATO MED COMPACT 80X 150 BL +V
15259314;8435095474474;PLATO MED COMPACT 80X 180 BL +V
15264396;8435095471336;PLATO MED COMPACT 70X 100 NEGRO +V
15264424;8435095471466;PLATO MED COMPACT 70X 110 NEGRO +V
15264466;8435095471596;PLATO MED COMPACT 70X 120 NEGRO +V
15264494;8435095471756;PLATO MED COMPACT 70X 140 NEGRO +V
15264543;8435095471909;PLATO MED COMPACT 70X 160 NEGRO +V
15264676;8435095472104;PLATO MED COMPACT 70X 190 NEGRO +V
15265201;8435095473774;PLATO MED COMPACT 80X 100 NEGRO +V
15270934;8435095477925;PLATO MED COMPACT 100X 110 NEGRO +V
15271074;8435095470926;PLATO MED COMPACT 70X 70 ANT +V
15271165;8435095475556;PLATO MED COMPACT 90X 90 ANT +V
15271956;8435095471022;PLATO MED COMPACT 70X 80 ANT +V
15271991;8435095471282;PLATO MED COMPACT 70X 100 ANT +V
15272033;8435095471541;PLATO MED COMPACT 70X 120 ANT +V
15272054;8435095471701;PLATO MED COMPACT 70X 140 ANT +V
15272131;8435095471862;PLATO MED COMPACT 70X 160 ANT +V
15272894;8435095474146;PLATO MED COMPACT 80X 140 ANT +V
15273090;8435095475211;PLATO MED COMPACT 85X 160 ANT +V
15273944;8435095478182;PLATO MED COMPACT 100X 160 ANT +V
15273951;8435095478236;PLATO MED COMPACT 100X 170 ANT +V
15275491;8435095471565;PLATO MED COMPACT 70X 120 CREMA +V
15275533;8435095471725;PLATO MED COMPACT 70X 140 CREMA +V
15275582;8435095471886;PLATO MED COMPACT 70X 160 CREMA +V
15275890;8435095473613;PLATO MED COMPACT 80X 90 CREMA +V
15277626;8435095475235;PLATO MED COMPACT 85X 160 CREMA +V
15393644;8435095402088;PLATO MED COMPACT 80X 120 RAL +V
16258214;3351840360777;PLATO DCH GRES NEW ASCA 100X70 BL
16258235;3351840360838;PLATO DCH GRES NEW ASCA 100X80 BL
16258270;8424019639242;PLATO CARGA MINERAL SLATE 100X70 BL
16258291;8424019639266;PLATO CARGA MINERAL SLATE 100X70 NEG
16872030;8436549934551;PLATO TOKIO NEGRO PVP/M2 VAL+REJ+CTE
16944123;8424019655143;PLATO DCH ACRIL CORFÚ SENSEA 1/4C80X80X5
16944130;8424019655150;PLATO DCH ACRIL CORFÚ SENSEA CUA 80X80X5
16944144;8424019655167;PLATO DCH ACRIL CORFÚ SENSEA 70X90X5 BL
16944165;8424019655174;PLATO DCH ACRIL CORFÚ SENSEA 70X100X5 BL
16944172;8424019655181;PLATO DCH ACRIL CORFÚ SENSEA 70X120X5 BL
16944186;8424019655198;PLATO DCH ACRIL CORFÚ SENSEA 70X140X5 BL
16944193;8424019655204;PLATO DCH ACRIL CORFÚ SENSEA 80X120X5 BL
16944200;8424019655211;PLATO DCH ACRIL CORFÚ SENSEA 70X110X5 BL
16944214;8424019655228;PLATO DCH ACRIL CORFÚ SENSEA 70X130X5 BL
16944221;8424019655235;PLATO DCH ACRIL CORFÚ SENSEA 70X150X5 BL
17600863;8424019677541;PLATO DCH ACRIL CORFÚ SENSEA CUA90X90X5
17600870;8424019677558;PLATO DCH ACRIL CORFÚ SENSEA 1/4C90X90X5
17600884;8424019677565;PLATO DCH ACRIL CORFÚ SENSEA 70X160X5 BL
17600891;8424019677572;PLATO DCH ACRIL CORFÚ SENSEA 70X170X5 BL
17600905;8424019677589;PLATO DCH ACRIL CORFÚ SENSEA 70X180X5 BL
17600912;8424019677596;PLATO DCH ACRIL CORFÚ SENSEA 80X160X5 BL
17600926;8424019677602;PLATO DCH ACRIL CORFÚ SENSEA 80X100X5 BL
17600933;8424019677619;PLATO DCH ACRIL CORFÚ SENSEA 80X140X5 BL
18356891;8434033277146;PLATO ATLAS 210X80 COL RAL
18757123;3351840788502;PLATO RESINA MILA 1/4C 80 BL
18757256;3351840788519;PLATO RESINA MILA 80X80 BL
18759251;3351840788526;PLATO RESINA MILA 120X70 BL
18759342;3351840788557;PLATO RESINA MILA 100X80 BL
18759426;3351840788458;PLATO RESINA MILA 170X80 BL
18769730;8436549939020;PLATO OSAKA STONEWOOD PVP/M2 VAL+REJ+CTE
18769905;8436549939150;PLATO COVER PIZARRA PVP/M2 VAL+REJ+CTE
19276446;8427000018002;PLATO DUCHA ZAHORA 160X70 BLANCO
81908358;8014140426431;PLATO STRADA 120X70 BLANCO
82381370;8435479709215;PACK WC ACERO INOX S/DUAL ENT/INF
13342924;3383720000695;TRITURADOR WC WATERSAN 1
13342980;3383720000701;TRITURADOR WC WATERSAN 2
13343050;3383720000718;TRITURADOR WC WATERSAN 3
13343162;3383720000275;TRITURADOR WC WATERSAN COMPACT
13449695;3383720000626;TRITURADOR WC WATERSAN BASIC*
82595570;3383720021973;WC+TRITURADOR WATERSAN SUSPENDIDO
13270264;3308819899011;DESINCRUSTRANTE TRITURADOR SFA 5L
11756066;8710315024616;CAMPA POTTI XGL INDICADOR NIVEL
947984;3276000379140;TAPA WC ROBLE
947986;3276000379157;TAPA WC PINO
14866901;8424019709556;TAPA WC CERIZA CEREZO
14867020;;TAPA WC KENIA CLASICO WENGUE MATE
17877895;3276005607569;TAPA WC KARMON PINO OSC AMORTIGUADA
17877902;3276200049225;TAPA WC KARMEL ROBLE CLARO
17877923;3276005607477;TAPA WC LANA MADERA
17877951;3276200049348;TAPA WC PINO CERIZA
17877972;3276200049256;TAPA WC KENIA WENGUE OSCURO
18840521;8426899743903;TAPA WC RETRO MADERA OSCURA
18840556;8426899743927;TAPA WC SENSA MADERA OSCURA
18840605;8426899743781;TAPA WC COSM MADERA OSCURA
18840626;8426899743811;TAPA WC LINUS MADERA CLARA
18840682;8426899743897;TAPA WC RETRO MADERA CLARA
18840696;8426899743910;TAPA WC SENSA MADERA CLARA
18840710;8426899743774;TAPA WC COSM MADERA CLARA
18840780;8426899743934;TAPA WC COMP DIANA MADERA CLARA
18840822;8426899743989;TAPA WC COMP 2000 MADERA CLARA
18840864;8426899744078;TAPA WC COMP METROPOL MADERA OSCURA
18840885;8426899744030;TAPA WC COMP LORENTINA MADERA CLARA
18840892;8426899743842;TAPA WC MOONLIGHT MADERA OSCURA
18840913;8426899744269;TAPA WC COMP FLORIDA MADERA OSCURA
18840920;8426899743835;TAPA WC MOONLIGHT MADERA CLARA
18840941;8426899744047;TAPA WC COMP LORENTINA MADERA OSCURA
18841011;8426899744092;TAPA WC COMP LORENTINA MADERA OSC
18841025;8426899743996;"""TAPA WC COMP 2000 MADERA OSCURA"""
18841060;8426899743941;"""TAPA WC COMP DIANA MADERA OSCURA"""
18841074;8426899744252;"""TAPA WC COMP FLORIDA MADERA CLARA"""
18841102;8426899743828;TAPA WC LINUS MADERA OSCURA
19478452;8435479700687;TAPA WC ATENAS NOGAL
19542320;3375537215263;TAPA WC LOFT MADERA
81927710;4008838538852;TAPA WC ROBLE GRIS
81962206;4016959155339;TAPA WC PINO BIANCO
81962207;4016959155346;TAPA WC ANCIENT BROWN
82282371;3276000706991;TAPA WC POP OVAL PINO
82282377;3276000707059;TAPA WC PURITY OVAL NOGAL
82282378;3276000706960;TAPA WC PURITY OVAL TEKA NEGRA MATE
82282379;3276000707028;TAPA WC PURITY OVAL ROBLE GRIS
19732951;8433290654066;TAPA WC ROCA MULTICLEAN INTELIGENTE OVAL
19732972;8433290654097;TAPA WC ROCAMULTICLEAN INTELIGENTE CUAD
82595481;4005176575310;TAPA BIDE GROHE
82481768;8435479795003;INODORO NAVIA FONDO REDUCIDO 36X61X86 BL
82585988;8435479794570;PACK INODOR+BIDE+LAV S/ENCIM 46X46X16 BL
82585989;8435479794587;PACK INODOR+BIDE+LAV PEDEST 56X44X82 BL
82585992;8435479700823;INODOR MARSELLA  3/6L 35X62 BL EVAC DUAL
82586002;8435479700014;INODORO BALI 3/6L 36X81 BL EVACUAC DUAL
82619642;8435479794600;PACK WC + LAV SUSP VERONA BLCO BRILLO
82619643;8435479794617;PACK WC + LAV SUSP VERONA NG BRILLO
82619644;8435479794624;PACK WC VERONA + LAV DAKOTA SUSP BLCO
82619645;8435479794631;PACK WC VENECIA + LAV DAKOTA SUSP BLCO
14625835;8022794732044;CONJUNTO DUCHA C/GRIF TT STAR RAIN
15777853;8414329903928;CONJUNTO DUCHA C/GRIF TT VICTORIA ROCA
16887290;8414194500161;CONJUNTO DUCHA C/GRIF TT HEBE SENSEA
16887304;8414194500178;CONJUNTO DUCHA C/GRIF TT HERMES SENSEA
17106166;4005176929267;CONJUNTO DUCHA C/GRF TT VITALIO JOY XXL
17364851;3276000340287;CONJUNTO DUCHA C/GRIF TT NEREA
17713122;4011097733159;CONJUNTO DUCHA C/GRIF TT VERSO 220
17713164;4011097758053;CONJUNTO DUCHA C/GRIF TT MY SELECT 240
17745301;8022794501893;CONJUNTO DUCHA C/GRIF TT CARO GALAXI 2
17933391;4011097679549;CONJUN DCH C/GRIF TT RAINDANCE SELECT360
17933426;8433290359558;CONJUNTO DUCHA C/GRIF TT DECK-T REDONDO
17953684;4005176323546;KIT PRECIS.START+CONJ DCH VITALIO100 1F
17953705;4005176323386;KIT PRECIS.TREND+CONJ DCH VITAL.ST100 3F
17966046;8433290400007;CONJUNTO DUCHA C/GRIF MITOS -TT
17979206;3440890778042;CONJUNTO DCH TT OBLO
17979213;3440892323585;CONJUNTO DCH TT MOXIE
19129166;8022794513377;CONJUNTO DCH TT VERY
19434863;8424010759598;CONJUNTO DUCHA C/GRIF TT LEVITY BLANCO
19434912;4011097781006;CONJUN DCH C/GRIF TT CUAD MY SELECT E240
19434961;3047404001209;CONJUNTO DUCHA TT FULL INOX
19899663;8433290568882;CONJUNTO DUCHA C/GRIF TT MITOS T-PLUS
19913824;4005176927690;CONJUNTO DUCHA TT VITALIO START 160
75121172;3047404001377;CONJUNTO DUCHA C/ GRIFO TT OTAKI CR
81865768;3276005171589;CONJUNTO DUCHA C/GRIFO TT LUKA.
81879157;3276000342632;CONJUNTO DUCHA GRIFO TT SENSEA ESSENTIAL
81879158;3276000342700;CONJUNTO DUCHA GRIFO TT SENSEA REDONDO
81879159;3276000342694;CONJUNTO DUCHA GRIFO TT SENSEA LUKA 2
81879160;3276000342779;CONJUNTO DUCHA GRIFO TT SENSEA AMA
81879161;;CONJUNTO DUCHA GRIFO TT SENSEA FRAME
81879195;3276000342717;CONJUNTO BAÑERA C/GRIF TT SENSEA REDONDO
81879293;8432318604342;CONJUNTO DUCHA GRIFO TT D300 ORO BRILLO
81879295;8432318604366;CONJUNTO DUCHA GRIFO TT D300 ORO ROSA
81879296;8432318604373;CONJUNTO DUCHA GRIFO TT D300 COBRE MATE
81879297;8432318604380;CONJUNTO DUCHA GRIFO TT D300 BRONCE MATE
81879298;8432318604410;CONJUNTO DUCHA GRIFO TT D300 ORO CEPILLA
81881376;4015413343374;CONJUNTO DUCHA C/GRIF TT IDEALJET.
81881412;4011097801780;CONJUNTO DUCHA C/GRIF TT CROMETTA S240
81881413;4011097801674;CONJUNTO BAÑERA C/GRIF TT CROMETTA S240
81882096;8414194500192;CONJUNTO DUCHA C/GRIFO TT GRAFITO
81882097;8414194500277;CONJUNTO DCHA C/GRIF TT BIMANDO RETRO CR
81882098;8414194500307;CONJUNTO DCHA C/GRIF TT BIMANDO RETRO BR
81882104;3047404056773;CONJUNTO DUCHA C/GRIFO TT CASCADA
81882105;3047404001278;CONJUNTO DUCHA C/GRIFO TT LED
81882846;8022794525363;CONJUNTO DUCHA C/GRIFO TT NEW CARO
81882847;8022794525370;CONJUNTO DUCHA C/GRIFO TT TAYRONA
81882848;8022794525394;CONJUNTO DUCHA C/GRIFO TT LEVITY CITY CR
81884218;;CONJUNTO DUCHA C/GRIF TT TABLA2 SENSEA
81895989;4005176985690;CONJUNTO DUCHA TT VITALIO START 210.
81895990;4005176474033;CONJUNTO DCHA C/GRIFO TT VITALIO JOY 260
81895992;8433290597097;CONJUNTO DUCHA C/GRIFO TT ATIS
81895993;8433290042108;CONJUNTO DUCHA C/GRIFO TT LEGACY
81895998;8414194500215;CONJUNTO DUCHA C/GRIFO TT SONAR INOX
81896478;4897087632813;CONJUNTO DUCHA TT CROMADA-MARMOL IDC
81896479;4897087632837;CONJUNTO DUCHA TT BLANCA-MADERA IDC
81896480;4897087632844;CONJUNTO DUCHA TT NEGRA-MADERA IDC
81896503;8022794525400;CONJUNTO DUCHA C/GRIFO TT LEVITY NEGRO
81896504;8022794525417;CONJUNTO DUCHA C/GRIFO TT LEVITY BLANCO
81896505;8022794525554;CONJUNTO DUCHA C/GRIF TT OXFORD CROMO
81896506;8022794525592;CONJUNTO DUCHA C/ GRIFO TT OXFORD BRONCE
81896508;8022794525578;CONJUNTO DUCHA C/GRIFO TT OXFORD COBRE
81896510;8022794525585;CONJUNTO DUCHA C/GRIFO TT OXFORD NIQUEL
81900972;4005176937606;CONJUNTO DUCHA C/GRIFO TT EUPHORIA 310
81900975;4005176896293;CONJUNTO DUCHA C/GRIFO TT EUPHORIA 180
81900977;4005176929595;CONJUNTO DUCHA C/GRIFO TT EUPHORIA 210
81900978;4005176929687;CONJUNTO DUCHA C/GRIFO TT RAINSHOWER 310
81900979;4005176940828;CONJUNTO DCHA C/GRIFO TT CUBE RAINSHOWER
81900980;4005176924231;CONJUNTO DUCHA C/GRIFO TT EUPHORIA
81900981;4005176310744;CONJUNTO DCH C/GRIFO TT EUPHORIA XXL 230
81900984;4005176877155;CONJUNTO DCHA C/GRIFO TT RAINSHOWER 210
81900985;4005176929670;CONJUNTO DUCHA TT RAINSHOWER 210 POWER.
81900986;4005176929250;CONJUNTO DCHA C/GRIFO TT RAINSHOWER 310
81900988;4005176316999;CONJUNTO DCH C/GRIFO TT SMARTCONTROL 360
81900991;4005176339745;CONJUNTO DCH TT VITALIO JOY CUBE XXL250.
81903982;4011097974217;KIT DUCHA C/GRIFO TT CROMETTA VARIO
81908919;4059625145258;CONJUNTO DUCHA C/GRIFO TT LMH S 240
81995499;3276000521624;CONJUNTO DUCHA C/GRIF TT NEO NG
82008883;8022794531715;KIT DUCHA C/GRIFO TT IRIS CROMO
82023076;4005176417863;CONJ DCHA C/GRIFO TT BAÑERA EUPHORIA 260
82023077;4005176408144;CONJUNTO DUCHA C/GRIFO TT NTEMPESTA 210
82216217;4059625237021;CONJTO DCH TT CROMETTA S240 + REGALO
82282748;3047404001865;CONJUNTO DUCHA TT HIRAMÉ NEGRO
82376380;4005176607752;CONJUNTO DUCHA TT START CLOVA 210 BLANCO
82482669;4005176636448;KIT TT START CLOVA+CONJ. DUCHA 1F
82552550;8431637014467;SET DUCHA DIGITAL NEGRO
82552619;8431637014474;SET DUCHA DIGITAL CROMO
82559325;4005176619748;CONJUNTO DUCHA TT GROHE START CLOVA BLAN
14623245;3276200157586;BARRA+MANGO+FLEXO 5F SENSEA DOCCE
16260664;3276004474742;BARRA+MANGO+FLEXO 3F SENSEA CITY
16260706;;BARRA+MANGO+FLEXO 3F SENSEA EVOL
16260741;;BARRA+MANGO+FLEXO 5F SENSEA PLAY
16726675;4005176927645;BARRA+MANGO+FLEXO 3F VITALIO START
18375014;;BARRA+MANGO+FLEXO CINCO 5F CROMO SEN
18375091;3276005718760;BARRA+MANGO+FLEXO CITY 3F CROMO SENSEA
18375301;;BARRA+MANGO+FLEXO RYCO 3F CROMO SENSEA
18375322;;BARRA+MANGO+FLEXO PLANET 3F CROMO SE
18391324;4059625182505;BARRA+MANGO+FLEXO MY SELECT 3F
18392283;8433290321531;BARRA+MANGO+FLEXO DUCHA STELLA 100 3F
19133366;4059625180631;BARRA+MANGO+FLEXO MY CLUB VARIO UNICA
19220152;4059625182482;BARRA+MANGO+FLEXO MY CLUB UNICA 3F
80153475;;BARRA+MANGO+FLEXO SILVA 3F SENSEA CR
81979042;3276000453987;BARRA+MANGO+FLEXO 3F SENSEA EASY CR
81979043;3276000453994;BARRA+MANGO+FLEXO 3F SENSEA EASY MATE
81992793;3276000495239;BARRA+MANGO+FLEXO 3F SENSEA NEO NG
82257587;3276000698418;BARRA+MANGO+FLEXO RYCO 3F CROMO SENSEA
82257590;3276000698388;BARRA+MANGO+FLEXO 3F SENSEA BORA CR
14623266;3276200157548;SOPORTE+MANGO+FLEXO 5F SENSEA DOCCE
16260671;3276004474698;SOPORTE+MANGO+FLEXO 3F SENSEA CITY
16260720;;SOPORTE+MANGO+FLEXO 3F SENSEA EVOL
16260755;;SOPORTE+MANGO+FLEXO 5F SENSEA PLAY
18045013;4005176304811;SOPORTE AJUS+MANGO+FLEXO 3 F VITALIOSTA.
18084003;8414194280193;SOPORTE + MANGO + FLEXO 5F HEBE
18375434;;SOPORTE+MANGO+FLEXO RYCO 3F CROMO SENSEA
18375854;;SOPORTE+MANGO+FLEXO PLANET 3F CROMO
18375896;;SOPORTE+MANGO+FLEXO CINCO 5F CROMO SENSE
18375952;;SOPORTE+MANGO+FLEXO SILVA 3F CROMO SENSE
18391814;8431759011528;SOPORTE + MANGO + FLEXO NIX CROMADO 1F
18392220;8433290377958;SOPORTE+MANGO+FLEXO SENSUM SQUARE 130 4F
18392276;8433290363531;SOPORTE+MANGO+FLEXO SENSUM R 130 4F
18392290;8433290323535;SOPORTE+MANGO+FLEXO STELLA 100 3F
81866752;8436569601143;SOPORTE+MANGO+FLEXO LEVITY NEGRO.
81900757;8414194293049;SOPORTE+MANGO+FLEXO HEBE BLANCO 5F
81900758;8414194293056;SOPORTE+MANGO+FLEXO HEBE NEGRO 5F
81947485;;SOPORTE+MANGO+FLEXO SILVA 3F CR SENSEA
81979036;3276000453949;SOPORTE+MANGO+FLEXO 3F SENSEA EASY CR
81979037;3276000453956;SOPORTE+MANGO+FLEXO 3F SENSEA EASY MATE
81992776;3276000495208;SOPORTE+MANGO+FLEXO 3F SENSEA NEO NG
82257572;3276000698272;SOPORT+MANGO+FLEXO SENSEA NEW RYCO 3F CR
82257575;3276000698289;SOPORTE+MANGO+FLEXO SENSEA CINCO 5F CR
82257576;3276000698319;SOPORTE+MANGO+FLEXO SENSEA BORA 3F CR
82257580;3276000698357;SOPORTE+MANGO+FLEXO SENSEA ETNA 3F CR
82432962;4059625277263;CONJUNTO DUCHA S/ GRIFO LMHS 240
13443492;3440890802044;ALCACHOFA DUCHA FLIPSIDE CROMO
14014763;3047404205997;ALCACHOFA DUCHA 5F CR REAGE
14623273;3276200157500;ALCACHOFA DUCHA 5F SENSEA DOCCE
16260643;3276004474643;ALCACHOFA DUCHA 3F SENSEA CITY
16260692;;ALCACHOFA DUCHA 3F SENSEA EVOL
16260734;;ALCACHOFA DUCHA 5F SENSEA PLAY
16726640;4005176927621;ALCACHOFA DUCHA 3F VITALIO START.
17941133;8433290313512;MANGO DUCHA STELLA 80-3
17941140;8433290313543;ALCACHOFA DUCHA DUCHA STELLA 100-3
17941154;8433290320596;KIT DUCHA STELLA 80-3
17941196;8433290362107;ALCACHOFA DUCHA SENSUM ROUND 130 4F
17963771;4059625180679;MANGO DUCHA MYSELECT S MULTI
18062422;;ALCACHOFA DUCHA SILVA 3F CROMO SENSEA
18062436;;ALCACHOFA DUCHA PLANET 3F CROMO SENSEA
18062471;;ALCACHOFA DUCHA RYCO CR 3F SENSEA
18062485;;ALCACHOFA DUCHA CINCO 5F CROMO SENSEA
18062506;3276005716698;ALCACHOFA DUCHA CLICK 3F CROMO SENSEA
18062520;;ALCACHOFA DUCHA DISCO LED 3F CROMO SENSE
18062562;;ALCACHOFA DUCHA GAME 3F CROMO SENSEA
18083975;8414194280186;ALCACHOFA DUCHA 5F HEBE
18377331;8431759011306;ALCACHOFA DUCHA ETHEL C/BOTON REDONDO
18719785;4059625180662;ALCACHOFA DCH MY SELECT S VARIO 3F BLIST
18867590;4059625180648;ALCACHOFA DUCHA MYCLUB VARIO
19803742;8003341044896;ALCACHOFA DUCHA 3F CONTROL TEMPERATURA
19803756;8003341044797;ALCACHOFA DUCHA PIEDRAS NATURALES
81884870;;ALCACHOFA DUCHA SILVA 3F CROMO SENSEA
81900746;8414194293025;ALCACHOFA DUCHA HEBE BLANCO
81900747;8414194293032;ALCACHOFA DUCHA HEBE NEGRO
81900748;3047404229665;ALCACHOFA DUCHA MILK LAMELLAIRE
81900749;3047404229214;ALCACHOFA DUCHA CHORA LCD
81900750;8414194293162;ALCACHOFA DUCHA MAKE 5F
81900850;4059625180655;ALCACHOFA DUCHA MY CLUB MULTI
81928889;3440893474248;ALCACHOFA DUCHA 4F NOE
81979034;3276000453901;ALCACHOFA DUCHA 3F SENSEA EASY CR
81979035;3276000453918;ALCACHOFA DUCHA 3F SENSEA EASY MATE
81990854;8432318210611;ALCACHOFA 3F D 112 MM HYDRO CROMO
81990855;8432318210628;ALCACHOFA 3F D 112 MM HYDRO ORO BRILLO
81990856;8432318210635;ALCACHOFA 3F D 112 MM HYDRO ORO ROSA
81990857;8432318210642;ALCACHOFA 3F D 112 MM HYDRO BLANCO MATE
81990858;8432318210659;ALCACHOFA 3F D 112 MM HYDRO NEGRO MATE
81992773;3276000495178;ALCACHOFA DUCHA 3F SENSEA NEO NG
82216216;4059625237014;ALCACHOFA DUCHA MY SELECT S 3 F +REGALO
82255909;3276000698197;ALCACHOFA DUCHA 3F SENSEA NEW RYCO CR
82255911;3276000698203;ALCACHOFA DUCHA 5F SENSEA CINCO CR
82255912;3276000698159;ALCACHOFA DUCHA 3F SENSEA BORA CR/BL
82255918;3276000698135;ALCACHOFA DUCHA 3F SENSEA ETNA CROMO
82376395;4059625136621;ALCACHOFA DUCHA 3F RAIDANCE SELECT
82432961;4059625277270;CONJUNTO DUCHA C/ GRIFO MONOMAN LMHS 240
82549842;4008838283981;ALCACHOFA DUCHA 5F YOUNG ROSA
82549843;4008838272589;ALCACHOFA DUCHA 5F YOUNG BLANCA
82549844;4008838274583;ALCACHOFA DUCHA 5F YOUNG NEGRA
82549845;4008838287422;ALCACHOFA DUCHA 3F DESIGN CR
82549846;4008838276709;ALCACHOFA DUCHA 3F DESIGN NG
82549847;4008838254141;ALCACHOFA DUCHA 3F DESIGN BL
15390060;;FLEXO INOX 2,00 CR SENSEA
15390095;;FLEXO PVC 2,00 CR SENSEA
15956815;;FLEXO INOX 2,00 EN BOLSA.
17970043;4059625182291;FLEXO 1,75 ISIFLEX
17970071;8433290300512;FLEXO PVC 2,00 ROCA
17970092;8433290301151;FLEXO INOX 2,00 ROCA
18700206;4059625182284;FLEXO 2,00 ISIFLEX
82250786;3276000711667;FLEXO INOX ESSENTIAL SENSEA 1.75 CM CR
82250787;3276000711728;FLEXO INOX ESSENTIAL SENSEA 2.00 CM CR
82250789;3276000711629;FLEXO PVC NEO SENSEA 1.75 CM CR
82250791;3276000711704;FLEXO PVC NEO SENSEA 1.75 CM NG
82250792;3276000711711;FLEXO PVC NEO SENSEA 1.75 CM BL
16655394;8414194401321;BARRA DCHA FIJACION SIN TORNILLOS
16864946;4005176909238;BARRA DCHA VITALIO START GROHE
18376554;;BARRA DCH RONDA 19MMX680MM CROMO SENSEA
18700304;3276004478054;BARRA IKKA CHROMO AJUSTABLE SENSEA
81990812;8432318211182;BARRA DCHA MINI STAR CROMO
81990813;8432318211311;BARRA DCHA MINI STAR ORO BRILLO
81990814;8432318210130;BARRA DCHA MINI STAR ORO CEPILLADO
81990815;8432318211212;BARRA DCHA MINI STAR ORO ROSA
81990816;8432318210147;BARRA DCHA MINI STAR COBRE MATE
81990817;8432318210215;BARRA DCHA MINI STAR BRONCE MATE
81990818;8432318210291;BARRA DCHA MINI STAR BLANCO MATE
81990819;8432318217191;BARRA DCHA MINI STAR NEGRO MATE
12334630;3047404205256;CURSOR P/BARRA D.25 ROUSSEAU DOBL CIERRE
12334651;3047404205270;CURSOR P/BARRA D.18 ROUSSEAU DOBL CIERRE
17049102;8414194823475;GRIFO TERMOSTÁTICO SERENA
17049116;8414194823406;CARTUCHO GRIFO TERMOSTATICO SERENA
17049123;8414194823413;CARTUCHO INVERSOR SERENA
17049151;8414194823444;T INVERSORA COMBINADO NIX
17049165;8414194823468;CURSOR SOPORTE MANGO DUCHA COMBINADO NIX
18376932;3276005717046;CURSOR 18-22 / 22-25 CROMO SENSEA
18625474;3276005784475;CARTUCHO DIFUSOR ELMA
18700486;;LATIGUILLO METAL 0.8CM SENSEA
18359852;3440890920816;ROCIADOR KATALYST 30.5 CONTEMPORARY
18359866;3440890920847;ROCIADOR KATALYST 35.5 CONTEMP. REDOND
18359985;3440890920830;ROCIADOR KATALYST 30.5 TRADI REDONDA
18377604;8431759011481;ROCIADOR ATLAS R40 40CM
18377646;8431759011511;ROCIADOR ATLAS C30 30CM
18377660;8431759011504;ROCIADOR ATLAS C40 40CM
18380894;8414194280278;ROCIADOR SUPERIOR 40CM CUADRADO
18380922;8414194280261;ROCIADOR SUPERIOR VENTURI 40CM REDONDO
18380971;8015477493509;ROCIADOR SWEET RAIN 80X80X3 BRILLO
18381062;8015477493486;ROCIADOR SWEET RAIN 50X50X3 BRILLO
18381153;8015477490645;ROCIADOR XONE INSIDE 33X23X2 BRILLO
18381174;8015477492984;ROCIADOR XONE42X16X0,1 BRILLO
18381195;8015477492939;ROCIADOR XONE 42X42X0,1 BRILLO
18392115;8433290337372;ROCIADOR RAIN DREAM 30CM
18392136;8433290337402;ROCIADOR RAIN DREAM 30CM CUADRADO
18392164;8433290339536;ROCIADOR RAIN DREAM 40CM CUADRADO
18392185;8433290301229;ROCIADOR RECTANGULAR PUZZLE CON CASCADA
18392213;8433290300284;ROCIADOR RECTANGULAR PUZZLE SIN CASCADA
18392465;8015477493707;ROCIADOR SWEET RAIN 50X50 CROMOTERAPIA B
18708081;8433290337389;ROCIADOR RAIN DREAM 40CM REDONDO
18805000;3276000340140;ROCIADOR SENSEA INOX REDON HERAVE 30CM
81896512;8436569601167;ROCIDADOR NEW CARO 30X30 CROMO
81896513;8436569601174;ROCIDADOR NEW CARO 40X40 CROMO
81926859;3276000339670;ROCIADOR SENSEA ABS CUADR VARDO 30CM
81926862;3276000339465;ROCIADOR SENSEA ABS REDON COLINA 30CM
81926868;3276000340171;ROCIADOR SENSEA INOX CUADR FANI 30CM
81950760;4005176417801;ROCIADOR DUCHA 3F 260
81990323;8432318601112;ROCIADOR REDONDO D300 MM HYDRO CR
81990324;8432318601129;ROCIADOR REDONDO D300 MM HYDRO ORO BR
81990325;8432318601198;ROCIADOR REDONDO D300 MM HYDRO ORO CEP
81990326;8432318601181;ROCIADOR REDONDO D300 MM HYDRO ORO ROS
81990327;8432318601266;ROCIADOR REDOND D300 MM HYDRO COBR MAT
81990328;8432318601273;ROCIADOR REDOND D300 MM HYDRO BRON MAT
81990329;8432318601235;ROCIADOR REDONDO D300 MM HYDRO BL MATE
81990330;8432318601242;ROCIADOR REDONDO D300 MM HYDRO NEGMATE
81990331;8432318600115;ROCIADOR CUADRADO 300X300 MM HYDRO CR
81990332;8432318600122;ROCIADOR CUADR 300X300 MM HYDRO ORO BR
81990333;8432318600108;ROCIADOR CUAD 300X300 MM HYDRO ORO CEP
81990334;8432318600139;ROCIADOR CUADR 300X300 MM HYDRO ORO RO
81990335;8432318600146;ROCIADOR CUAD 300X300 MM HYDRO COBR MAT
81990336;8432318600153;ROCIADOR CUADR 300X300 MM HYDRO BRON MAT
81990337;8432318600160;ROCIADOR CUADRA 300X300 MM HYDRO BL MAT
81990338;8432318600092;ROCIADOR CUAD 300X300 MM HYDRO NEG MAT
81990339;8432318800010;ROCIADOR FALSO TECHO 300 MM HYDRO CR
81990340;8432318800027;ROCIAD FALSO TECHO 300 MM HYDRO ORO BR
81990341;8432318800041;ROCIAD FALSO TECHO 300 MM HYDRO ORO CEP
81990342;8432318800058;ROCIAD FALSO TECHO 300 MM HYDRO ORO ROS
81990343;8432318800065;ROCIA FALSO TECHO 300 MM HYDRO COBR MAT
81990344;8432318800102;ROCIA FALSO TECHO 300 MM HYDRO BRON MAT
81990345;8432318800089;ROCIADO FALSO TECHO 300 MM HYDRO BL MAT
81990346;8432318800096;ROCIAD FALSO TECHO 300 MM HYDRO NEG MATE
81990347;8432318800218;ROCIADOR FALSO TECHO 280X280 HYDRO CR
81990348;8432318800225;ROCIAD FALSO TECHO 280X280 HYDRO ORO BRI
81990349;8432318800263;ROCIAD FALSO TECHO 280X280 HYDRO ORO CEP
81990350;8432318800270;ROCIAD FALSO TECHO 280X280 HYDRO ORO ROS
81990351;8432318800287;ROCIAD FALSO TECH 280X280 HYDR COBR MAT
81990352;8432318800294;ROCIAD FALSO TECH 280X280 HYDR BRON MAT
81990353;8432318800232;ROCIAD FALSO TECHO 280X280 HYDRO BL MAT
81990354;8432318800256;ROCIAD FALSO TECH 280X280 HYDRO NEG MAT
81990355;8432318800416;ROCIADOR FALSO TECHO 550X400 2FHYDRO CR
81990356;8432318800423;ROCIA FALSO TECH 550X400 2F HYDRO ORO BR
81990357;8432318800430;ROCIA FALSO TECH 550X400 2F HYDRO ORO CE
81990358;8432318800393;ROCIA FALSO TECH 550X400 2F HYDRO ORO RO
81990359;8432318800447;ROCIA FALS TEC 550X400 2F HYDRO COBR MAT
81990360;8432318800454;ROCI FALSO TEC 550X400 2F HYDRO BRON MAT
81990361;8432318800485;ROCIA FALSO TECH 550X400 2F HYDRO BL MAT
81990362;8432318800492;ROCIA FALSO TEC 550X400 2F HYDRO NEG MAT
81992697;8432318800553;ROCI FALSO TECHO 70X40 2F HYDRO CR
81992698;8432318800560;ROCI FALSO TECHO 70X40 2F HYDRO ORO BR
81992699;8432318800584;ROCI FALSO TECHO 70X40 2F HYDRO ORO CEP
81992700;8432318800591;ROCI FALSO TECHO 70X40 2F HYDRO ORO RO
81992701;8432318800607;ROCI FALSO TECHO 70X40 2F HYDRO COB MAT
81992702;8432318800614;ROCI FALSO TECHO 70X40 2F HYDRO BRO MAT
81992703;8432318800621;ROCI FALSO TECHO 70X40 2F HYDRO BL MAT
81992704;8432318800638;ROCI FALSO TECHO 70X40 2F HYDRO NEG MAT
82076563;8432318600658;ROCIADOR DUCHA PARED CROMO CEP
82553307;8436569601532;ROCIADOR REDONDO ACERO INOX NEGRO 30 CM
82553308;8436569601549;ROCIADOR CUADRADO ACERO INOX NEGRO 25X25
82553309;8436569601556;ROCIADOR CUADRADO ACERO INOX NEGRO 30X30
82189229;4005176466380;KIT EMPOTRADO DUCHA TT GET
82277311;8436569601280;KIT EMPOTRADO TT PLANET 2 SALIDAS
16437435;3276004557353;BIOMBO MEZZO SAV EJE PIVOTANTE SUP/INF
16437442;3276004557322;BIOMBO QUADDRO SAV GOMA PUERTA
16437456;3276004557292;BIOMBO QUADDRO SAV GOMAS DE PERFILERÍA
16437470;3276004557230;BIOMBO QUADDRO SAV EJE PIVOTANTE
16437484;3276004557209;BIOMBO QUADDRO SAV PIEZAS PEQUEÑAS
16640610;3276004789907;BIOMBO SUBE Y BAJA KIT TOALLERO
16640631;3276004789938;BIOMBO SUBE Y BAJA KIT PERFIL PARED
16640645;3276004789969;BIOMBO SUBE Y BAJA KIT PIEZAS PEQUEÑAS
16640652;3276004789990;BIOMBO SUBE Y BAJA KIT BSAGRA EXT X2
16640666;3276004790026;BIOMBO SUBE Y BAJA KIT GOMAS PERFILERÍA
16640673;3276004790057;B SUBE Y BAJA KIT PRFL,MNGO, CILIND,JUNT
16643046;3276004727374;SAV EJE PIVOTANTE BIOMBO PRIMA 1 HOJA
16643053;3276004727343;SAV EJE PIVOTANTE BIOMBO PRIMA 2 HOJAS
13270033;3420050106021;KIT G02 MONACO 2H
13270040;3420050106038;KIT G03 MONACO 3H
13270054;3420050105079;KIT G07
13270845;8424019564834;RODAMIENTOS BLANCO COLOR F EUROPA 2P COR
13887573;3351841317770;PRIMA KIT 2
13887601;3351841317800;PRIMA KIT 3
13897282;3351841308648;JUNTAS MAG ESTAQUEIDAD OPTIMA BL
13898010;3351841308839;JUNTA ESTANQUEIDAD OPTIMA CR
13898073;3351841308877;JUNTA ESTANQUEIDAD OPTIMA CR
13911394;3351841310726;PERFIL A Y B PURITY 170
14578130;3420051108758;RODAMIENTO+TORNIL MAMP MIAMI 1/4C 75
14746956;3276200400668;M PRIMA I CUADR/REC KIT RODAMIENTOS
14746970;3276200400699;M PRIMA I 1/4C KIT RODAMIENTOS
14746984;3276200400729;M PRIMA I FRONTAL KIT RODAMIENTOS
14746991;3276200210953;M PRIMA II KIT PIEZAS PEQUEÑAS
14747005;3276200210984;M PRIMA I KIT TIRADOR
14747012;3276200211011;M PRIMA II KIT GOMAS PERFILERÍA
14747033;3276200213350;M PREMIUM II KIT PIEZAS PEQUEÑAS
14747054;3276200213381;M PREMIUM II KIT TIRADORES
14747061;3276200213411;M PREMIUM II KIT GOMAS PERFILERÍA
14747075;3276200420581;M OPTIMA II SENSEA BL KIT RODAMIENTOS
14747082;3276200420550;M OPTIMA II SENSEA CR KIT RODAMIENTOS
14747096;3276200213503;M OPTIMA II KIT GOMAS PERFILERIA 1
14747103;3276200213534;M OPTIMA II KIT GOMAS PERFILERIA 2
14747145;3276200213626;M OPTIMA II BL BIOMBO KIT TIRADOR
14747166;3276200213657;M OPTIMA II CR BIOMBO KIT TIRADOR
14747194;3276200213688;M OPTIMA II S BL KIT PIEZAS PEQUEÑAS
14747201;3276200213718;M OPTIMA II S CR KIT PIEZAS PEQUEÑAS
14747222;3276200213749;M PURITY II KIT GOMAS PERFILERÍA
14747236;3276200420949;M PURITY II KIT TIRADOR
14747243;3276200213800;M PURITY II BIOMBO KIT TIRADOR
14747250;3276200213831;M PURITY II 1/4C ASIM KIT TIRADOR
14747292;3276200213954;M PURITY II KIT PIEZAS PEQUEÑAS
15101905;3276200431563;KIT K1AW -PRIMAI CD
15101954;3276200431594;M PRIMA I1/4C KIT PIEZAS PEQUEÑAS
15101961;3276200431624;M PRIMA I1/4C KIT GOMAS PERFILERIA
15102115;3276200421120;M OPTIMA I CROMO KIT PIEZAS PEQUEÑAS
15102122;3276200421151;M OPTIMA I BLANCO KIT PIEZAS PEQUEÑAS
15102136;3276200421182;M OPTIMA I KIT RODAMIENTOS
15102150;3351841697483;M OPTIMA I CROMO BIOMBO KIT TIRADOR
15102164;3351841697490;M OPTIMA I BLANCA  KIT  TIRADOR
15102171;3351841697506;M OPTIMA I BL BIOMBO KIT TIRADOR
15102185;3276200421243;M OPTIMA I BLANCO KIT GOMAS PERFILERÍA
15102192;3276200421212;M OPTIMA I CROMO KIT GOMAS PERFILERÍA
15102206;3351841697384;M PURITY I KIT PIEZAS PEQUEÑAS
15102213;3351841697391;M PURITY I WALK IN KIT TOALLERO
15102605;3351841697438;M PURITY I BIOMBO KIT TIRADOR 1
15102612;3351841697445;M PURITY I WALK IN KIT TIRADOR
15102626;3351841697452;M PURITY BIOMBO IN KIT TIRADOR
15102633;3351841697469;M PURITY I 1/4C KIT TIRADOR
15102640;3276200421090;M PURITY I KIT GOMAS PERFILERÍA
15102661;3276200420673;M OPTIMA II SENSEA BL KIT TIRADOR
15102675;3276200420703;M OPTIMA II SENSEA CR KIT TIRADOR
15102682;3276200420734;M OPTIMA II SENSEA BL BIOMBO KIT TIRADOR
15102696;3276200420765;M OPTIMA II SENSEA CR BIOMBO KIT TIRADOR
15102710;3276200400873;M OPTIMA II S CERRAM INT CR KIT TIRADOR
15102724;3276200400903;M OPTIMA II S CERRAM INT BL KIT TIRADOR
15103074;3276200420796;M OPTIMA II SENSEA KIT GOMAS PERFILERÍA1
15103123;3276200420826;M OPTIMA II SENSEA KIT GOMAS PERFILERÍA2
15103130;3276200400330;M PURITY LUX 3 HOJAS KIT RODAMIENTOS
15103151;3276200406660;M PURITY LUX KIT PIEZAS PEQUEÑAS
15103242;3276200406691;M PURITY LUX KIT GOMAS PERFILERÍA
15103263;3276200400125;M FABRIK KIT RODAMIENTOS
15103270;3276200400156;M FABRIK KIT EMBELLECEDOR ESQUINAS
15103291;3276200400187;M FABRIK KIT SUJEC PERFIL SUP CN CRISTAL
15103312;3276200400217;M FABRIK KIT PIEZAS PEQUEÑAS
15103326;3276200400248;M FABRIK KIT POMO
15103333;3276200400279;M FABRIK KIT TOALLERO
15103354;3276200400309;M FABRIK KIT GOMAS PERFILERÍA
15103375;3276200400392;M OPEN KIT PIEZAS PEQUEÑAS
15103382;3276200400422;KIT FUTK2A - OPEN ID
15103396;3276200400453;KIT FUTK2B - OPEN ID
15103410;3276200400484;M OPEN KIT BARRA 100CMS
15103445;3276200400514;M OPEN KIT BARRA 38CMS
15103466;3276200400545;M OPEN KIT TOALLERO 58CMS
15103494;3276200400606;M OPEN KIT SOPORTES ESQUINA PARED
15103515;3276200400637;M OPEN KIT GOMAS PERFILERÍA
15103522;3276200391898;M MEZZO BL KIT RODAMIENTOS
15103543;3351841702170;M MEZZO CR KIT RODAMIENTOS
15103564;3276200391928;M MEZZO BL KIT PIEZAS PEQUEÑAS
15103585;3351841702187;M MEZZO CR KIT PIEZAS PEQUEÑAS.
15103606;3351841683486;M MEZZO BL KIT TIRADORES
15103613;3351841702200;M MEZZO CR KIT TIRADORES.
15103641;3351841702217;M MEZZO CR KIT GOMAS PERFILERÍA
15103655;3276200400750;M PRIMA I KIT PIEZAS PEQUEÑAS.
15103676;3276200400811;M PRIMA I KIT GOMAS PERFILERÍA
15344553;3276004197009;EJE PIVOTANTE SUP E INF M OPT SENSEA BL
15344595;3276004196972;EJE PIVOTANTE SUP E INF M OPT SENSEA CR
15471624;3276004235305;M FABRIK KIT TOALLERO
15471645;3276004235275;BISAGRAS BIOMBO LOFT
15471673;3276004235183;EJE PIVOTANTE BL BIOMBO OPTIMA
15471680;3276004235152;EJE PIVOTANTE CR BIOMBO OPTIMA
15471715;3276200405281;RODAMIENTOS PURITY LUX PLEGABLE
16801442;3276004886934;KIT GOMAS DE PERFILERÍA. M.REMIX. CORRED
16801463;3276004886903;KIT TIRADOR. M. REMIX
16801484;3276004886842;KIT RODAMIENTOS. M. REMIX
16801512;3276004886811;KIT PIEZAS PEQUEÑAS. M. REMIX
17415643;3276005244320;M. SOLAR KIT GOMAS DE PERFILERÍA
17415650;3276005244290;M. SOLAR KIT PIEZAS PEQUEÑAS
17553830;3276005232686;OPEN II KIT PIEZAS PEQUEÑAS.
17553844;3276005232747;OPEN II KIT TOALLERO
17553851;3276005232778;OPEN II KIT GOMAS DE PERFILERÍA.
17782422;3276005262515;M CITY KIT GOMAS DE PERFILERÍA
17782492;3276005262485;M CITY KIT TIRADOR
17782513;3276005262454;M CITY KIT TOALLERO GRANDE
17782555;3276005262423;M CITY KIT TOALLERO PEQUEÑO
17782562;3276005262393;M CITY KIT PIEZAS PEQUEÑAS
17782576;3276005262362;M CITY KIT TORNILLERIA P.CORREDERA+EMBEL
17782590;3276005262331;M CITY KIT TORNILLERIA P.FIJA+EMBELLECDO
17782751;3276005262300;M CITY KIT TOPE DE PUERTA
17782765;3276005262270;M CITY KIT RODAMIENTOS SUPERIORES
19923106;3276000281610;KIT RODAMIENTOS NEREA MAMP DUCHA TODOS
19923281;3276000281641;KIT RODAMIENTO INF DADO/QUAD/REMIX/CHARM
19923330;3276000281627;KIT RODAMIENTO SUP DADO/QUAD/REMIX/CHARM
81875378;3276000334422;CONECTOR PANEL DUCHA EASY
81875379;3276000334439;BARRA ESTABILIZADORA PANEL EASY 100CM.
15200640;8435315506411;BAÑERA SOFIA 180X80 HIDRO-AIR C/F
19042730;8435315511163;BAÑ ASIM 160X90 AURA HIDRO AIR I
19042751;8435315511149;BAÑ ASIM 160X90 AURA HIDRO T CONF I
19042765;8435315511125;BAÑ ASIM 160X90 AURA HIDRO SCX I S/F
13151775;8414329555073;FALDON FRONTAL VYTHOS 170
15471876;8435315501126;FALDON FRONTAL ACRILICO 140
15471883;8435315501140;FALDON FRONTAL ACRILICO 160
15471890;8435315501171;FALDON LATERAL ACRILICO 70
15471946;8435315501195;FALDON LATERAL ACRILICO 80
15471960;8435315501133;FALDON FRONTAL ACRILICO 150
15471974;8435315501164;FALDON FRONTAL ACRILICO 180
16870392;8414329796810;APOYACABEZA BECOOL BIP
16870413;8414329468366;APOYACABEZA AMERICA/VYTHOS
16870420;8414329796414;APOYACABEZA BECOOL
16870490;8414329148282;FALDON FRONTAL 1900 REF BLAN
16870525;8414329148329;FALDON FRONTAL 1800 REF BLAN
16870546;8414329148343;FALDON FRONTAL 1700 REF BLAN
16870560;8414329148367;FALDON FRONTAL 1600 REF BLAN
16870581;8414329148381;FALDON FRONTAL 1500 REF BLAN
16870602;8414329148404;FALDON FRONTAL 1400 REF BLAN
16870623;8414329148428;FALDON EN L 190X90 BLAN
16870644;8414329148466;FALDON EN L 180X80 BLAN
16870665;8414329148480;FALDON EN L 170X80 BLAN
16870686;8414329148503;FALDON EN L 170X75 BLAN
16870714;8414329148527;FALDON EN L 160X75 BLAN
16870735;8414329148541;FALDON EN L 170X70 BLAN
16870742;8414329148565;FALDON EN L 160X70 BLAN
16870763;8414329188585;ESTRUCTURA MONTAJE FALDON BÑ RECT
81929674;3440893012938;FALDON FRONTAL EN ALUMINIO LACADO
81929679;3440892313869;FALDON ASIMETRICO 160
81929680;3440892313883;FALDON ANGULAR 140
81929681;3440893474712;FALDON LATERAL 80
81929685;3440890684312;REPOSA CABEZA 160X90 Y 140X140 NEGRO
81929704;3440890774174;OPCION KIT SILENCIO
81929722;3440893034367;ESCALON MADERA DE ACCESO A LA BAÑERA
81978403;8426057080284;FALDON FRONTAL MITTA 140X50
81978404;8426057074795;FALDON LATERAL MITTA 70X50
81978405;8426057080291;FALDON FRONTAL MITTA 150X50
81978406;8426057074788;FALDON FRONTAL MITTA 160X50
81978408;8426057074801;FALDON LATERAL MITTA 75X50
81978420;8426057074443;BASTIDOR PIES REGULABLES BAÑERA MITTA 70
81978421;8426057042596;DESAGÜE AUTOMATICO CROMADO MITTA
81978422;8426057042558;PIES REGULABLES BAÑERA MITTA
81978423;8426057074450;BASTIDOR PIES REGULABLES BAÑERA MITTA 75
81978424;8426057081465;BASTIDOR PIES REGULABLES BAÑERA MITTA 80
15447460;8436541440470;CALEFACTOR 8.0 KW C/MANDOS. SAUNAKRIS
15447481;8436541440012;BANCO 1 METRO. S.KRIS.
15447495;8436541441491;GENERADOR DE VAPOR OC.120
15447502;8436541441613;CALEFACTOR 8.0 KW S/MANDOS. SAUNAKRIS
15447523;8436541441675;PERCHERO 1 METRO
15447530;8436541440562;CROMOTERAPIA. SAUNAKRIS
15447544;8436541441507;GENERADOR DE VAPOR GP.34
15447551;8436541440418;PIEDRAS. CAJA 15-20 KGS. SAUNAKRIS
15447565;8436541441545;GENERADOR DE VAPOR GP.90
15447572;8436541441651;CALEFACTOR 3.5 KW C/MANDOS. SAUNAKRIS
15447586;8436541440593;PUERTA BAÑO TURCO. SAUNAKRIS
15447614;8436541441569;DESCALCIFICADOR AGUA. SAUNAKRIS
15447635;8436541440487;CALEFACTOR 9.0 KW C/MANDOS. SAUNAKRIS
15447684;8436541440104;BANCO 0.5METRO. S.KRIS
15447712;8436541441552;GENERADOR DE VAPOR GP.120
15447733;8436541441644;CALEFACTOR 12.00 KW S/MANDOS. SAUNAKRIS
15447754;8436541441668;CALEFACTOR 4.5 KW C/MANDOS. SAUNAKRIS
15447796;8436541440463;CALEFACTOR 6.0 KW C/MANDOS. SAUNAKRIS
15447831;8436541441590;CALEFACTOR 4.5 KW S/MANDOS. SAUNAKRIS
15447845;8436541441477;GENERADOR DE VAPOR OC.60
15447866;8436541441514;GENERADOR DE VAPOR GP.45
15447873;8436541441484;GENERADOR DE VAPOR OC.80
15447901;8436541441682;PERCHERO 0.50 METRO
15447922;8436541441576;MEDIDOR DUREZA AGUA. SAUNAKRIS
15448013;8436541440401;RELOJ DE ARENA. SAUNAKRIS
15448020;8436541440425;PANEL DE CONTROL. SAUNAKRIS
15448055;8436541441538;GENERADOR DE VAPOR GP.75
15448076;8436541441583;CALEFACTOR 3.5 KW S/MANDOS. SAUNAKRIS
15448083;8436541441606;CALEFACTOR 6.0 KW S/MANDOS. SAUNAKRIS
15448090;8436541441699;TABURETE 30X30. S.KRIS
15448104;8436541440364;TERMOMETRO - HIGROMETRO. SAUNAKRIS
15448111;8436541441637;CALEFACTOR 10.5 KW S/MANDOS. SAUNAKRIS
15448132;8436541441521;GENERADOR DE VAPOR GP.60
15448146;8436541441620;CALEFACTOR 9.0 KW S/MANDOS. SAUNAKRIS
15448153;8436541440395;CAZO. SAUNAKRIS
15448160;8436541441460;GENERADOR DE VAPOR OC.45
15448181;8436541441453;GENERADOR DE VAPOR OC.40
15448216;8436541440388;CUBO. SAUNAKRIS
15448230;8436541440371;CABECERO. SAUNAKRIS
15448244;8436541440449;BOMBA ESENCIAS. SAUNAKRIS
15448286;8436541440081;TUMBONA RELAX. S.KRIS
82317462;3660426088883;SPA A300 3 PLAZAS 228X158 ECO S/F
82317463;3660426088890;SPA A300 3 PLAZAS 228X158 ECO C/F RATÁN
82317456;3660426084731;SPA LOFT 200X160X63 DCH S/F
82317457;3660426088920;SPA LOFT 200X160X63 DCH C/F CRISTAL NG
82317458;3660426084748;SPA LOFT 200X160X63 IZQ S/F
82317459;3660426088937;SPA LOFT 200X160X63 IZQ C/F CRISTAL NG
14757946;8435315504592;SPA SIRA 199X199X82 SC-SPA407 + TTE
14757960;8435315504615;SPA MUR 212X213X82 SC-SPA409 + TTE
82317464;3660426088906;SPA A400 5 PLAZAS 192X192 ECO S/F
82317465;3660426088913;SPA A400 5 PLAZAS 192X192 ECO C/F RATAN
14490896;3760118144122;COLUMNA TRASERA SHADOW HSAUNA
14490903;3760118140261;2 FONDOS CRISTAL SHADOW HMASAJE/HSAUNA
14490924;3760118140704;PLATO STAR BAMBOO
14490931;3760118140698;COLUMNA TRASERA STAR BAMBOO
14490945;3760118140681;2 FONDOS CRISTAL STAR BAMBOO
14490952;3760118140674;MAMPARA FRONTAL STAR BAMBOO
14491001;3760118140285;PLATO+TECHO SHADOW HMASAJE
14491015;3760118140278;COLUMNA TRASERA SHADOW HMASAJE
14491043;3760118140384;PLATO EASY GLASS 80
14491050;3760118140377;2 PANELES LATERALES EASY GLASS 80
14491071;3760118140988;PLATO+TECHO YATCH CLUB
14491085;3760118140971;COLUMNA TRASERA YATCH CLUB
14491092;3760118140957;2 FONDOS CRISTAL YATCH CLUB
14491120;3760118141107;COLUMNA TRASERA MINT
14491141;3760118141039;MAMPARA FRONTAL MINT
14491155;3760118140889;PLATO+TECHO MY SPACE
14491162;3760118140872;FONDO CRISTAL MY SPACE
14491176;3760118140865;2 PANELES LATERALES MY SPACE
14491183;3760118140858;MAMPARA FRONTAL MY SPACE
14491204;3760118140834;FONDO CRISTAL NEW LOUNGE
14491225;3760118140803;MAMPARA FRONTAL NEW LOUNGE
14491232;3760118140667;PLATO+TECHO SUPER BLUE YODA 2
14491246;3760118140643;COLUMNA TRASERA SUPER BLUE YODA 2
14491253;3760118140636;2 FONDOS CRISTAL SUPER BLUE YODA 2
14491260;3760118140629;MAMPARA FRONTAL SUPER BLUE YODA 2
14491274;3760118140117;PLATO BLUE YODA
14491281;3760118140094;COLUMNA TRASERA BLUE YODA
14491295;3760118140087;2 FONDOS CRISTAL BLUE YODA
14491302;3760118140063;MAMPARA FRONTAL BLUE YODA
14582512;3760118146300;TARIMA CABINA MY SPACE/NEW LOUNGE
14582526;3760118141817;TARIMA CABINA STAR BAMBO-YACHT CLUB
14604002;3760118147024;JUNTA TRANSP CRISTAL CABINAS AURLANE
14604016;3760118147017;JUNTA MAGNET PUERTA 5MM CABINAS AURLANE
14604611;8435315507289;CROMOTERAP PERIMETRAL 6 LEDS BAÑ SANYCES
14604632;8424019522339;MICROJETS LUMBARES RESPALDO BAÑ SANYCES
14604681;8435315501584;ASAS AN2
14604702;8435315501553;REPOSACABEZAS CN3 GRIS
14604716;8435315501560;REPOSACABEZAS CN2 GRIS
14604723;8435315501577;REPOSACABEZAS CN1 GRIS
14605010;8435315501188;FALDON LATERAL ACRILICO 75
14605045;8435315501157;FALDON FRONTAL ACRILICO 170
14926905;8435124408364;PERFIL CURVO INFERIOR GEYSER
14926912;8435124406230;PERFIL CURVO SUPERIOR GEYSER
14926926;8435124406308;PERFIL FRONTAL DER GEYSER
14926933;8435124406292;PERFIL FRONTAL IZQ GEYSER
14926940;8435124406285;PERFIL LATERAL DER GEYSER
14926954;8435124408357;PERFIL LATERAL IZQ GEYSER
14926961;8435124406209;MAMPARA GEYSER
14926975;8435124405264;TECHO GEYSER
14926982;8435124406162;COLUMNA CENTRAL GEYSER
14926996;8435124406179;PANEL TRASERO DER GEYSER
14927003;8435124408340;PANEL TRASERO IZQ GEYSER
14927010;8435124405257;PLATO DE DUCHA GEYSER
14927024;8435124415645;MANGUITO CONEXION TLFN DE DUCHA ARUBA
14927031;8435124405172;TUBO DE DESAGUE ARUBA
14927045;8435124415638;DESAGUE COMPLETO ARUBA
14927052;8435124405158;RODAMIENTOS ARUBA/GEYSER
14927066;8435124415621;SOPORTE DE DUCHA ARUBA/GEYSER
14927073;8435124415614;TELEFONO DUCHA ARUBA
14927080;8435124408456;CONEXION FLEXO DUCHA ARUBA/GEYSER
14927094;8435124415607;REPISA METALICA ARUBA
14927101;8435124415591;TORNILLERIA ARUBA
14927115;8435124415584;EMBELLECEDORES ARUBA
14927122;8435124412279;MANDOS GRIFERIA ARUBA
14927136;8435124408401;CARTUCHO MONOMANDO ARUBA
14927143;8435124414570;GRIFO SELECTOR 2 VIAS ARUBA
14927150;8435124415577;GRIFERIA COMPLETA ARUBA
14927164;8435124415560;ASAS PUERTAS ARUBA
14927171;8435124415553;JET CIRCUITO CERRADO SILICONA AZUL ARUBA
14927185;8435124415546;JET CIRCUITO ABIERTO SILICONA AZUL ARUBA
14927192;8435124409712;JUNTA VIERTEAGUAS ARUBA
14927206;8435124415539;TOPE DEL CRISTAL FIJO MAMPARA ARUBA
14927213;8435124415522;PUERTA CRISTAL C/IMANES INCLUIDO
14927220;8435124415515;PERFILES CURVOS ARUBA
14927234;8435124415508;PANELFIJO DCH MAMPARAC/PERFIL INCORPORAD
14927241;8435124415492;PANELFIJO IZQ MAMPARAC/PRFIL INCORPORDO
14927255;8435124415485;MAMPARA ARUBA
14927262;8435124415478;PANEL TRASERO ARUBA
14927276;8435124415461;PLATO DE DUCHA ARUBA
14927283;8435124413436;ASIENTO ABATIBLE ANTARTIDA
14927290;8435124409699;ESCUADRA UNION PERFILE AN/TA/TO
14927304;8435124411791;MANGUITOS CONEXION
14927311;8435124409408;CONEXION FLEXO DUCHA
14927325;8435124413429;TAPON DEL TECHO ANTARTIDA
14927332;8435124413412;EMBELLECEDORES AN/CE/MA/TA/TO
14927346;8435124413405;MANDOS GRIFERIA AN/CE/MA/TA/TO
14927353;8435124411012;GRIFO SELECTOR
14927360;8435124411036;GRIFERIA COMPLETA
14927374;8435124413399;PANEL CONTROL AN/TAHITI 80X80 CTECH
14927381;8435124409798;VENTILADOR AN/TA80X80CTEC/TO/V
14927395;8435124409781;ALTAVOZ AN/TAH80X80CTECH/TO/V
14927402;8435124411067;REJILA ALTAVOZ VENTILADOR
14927416;8435124407961;TUBO DESAGUE
14927423;8435124412316;DESAGUE AN/ALA1/4HMAS/AR/C/I/TA/TO/VA
14927430;8435124409835;CAJA CONEXION RED
14927444;8435124412293;TRANSFORMADOR ANTA/TAHITI80X80 CTECHO/V
14927451;8435124413382;TUBO CIRCULACION AGUA
14927465;8435124413375;FIJO CRISTAL LATERAL ANTARTIDA
14927472;8435124413368;PANEL TRASERO VIDRIO ANTARTIDA
14927486;8435124413351;PANEL LATERAL VIDRIO ANTARTIDA
14927493;8435124409880;FLEXODUCHAAN/AL1/4/AR/C/GE/I/L/M/TA/TO/V
14927500;8435124413344;TLFN DUCHA ANTARTIDA/MANHATTAN/TAHITI
14927514;8435124413337;FOCO DE LUZ ANTART/TAHITI80X80CTECH
14927521;8435124413320;ROCIADOR TECHO AN/TA8080CTEC Y9090 CTEC
14927535;8435124413313;DISPENSADORES JABON ANTARTIDA
14927542;8435124413306;COLUMNA CENTRAL ANTARTIDA
14927556;8435124409705;ENGANCHE FIJO DE CRISTAL AN/TA/TO/V
14927563;8435124413290;TORNILLERIA ANTARTIDA
14927570;8435124413283;TOPES DE LAS PUERTAS ANTARTIDA
14927584;8435124413276;ASAS DE LAS PUERTAS ANTA/M/TA
14927591;8435124413269;RODAMIENTOS ANTARTIDA
14927605;8435124413252;REPISA DE CRISTAL 35CM ANTARTIDA
14927612;8435124413245;REPISA DE CRISTAL 28CM ANTARTIDA
14927626;8435124413238;TECHO ANTARTIDA
14927633;8435124413221;PLATO DE DUCHA ANTARTIDA
14927640;8435124413214;JETCIRCUITOCERADO AN/AL1/4/C/I/M/TA/TO/V
14927654;8435124409743;JETCIRCUITOABIERTO AN/AL1/4C/I/M/TA/TO/V
14927661;8435124413207;ASA INTERIOR 23CM ANTARTIDA
14927675;8435124413191;ASA INTERIOR 49CM ANTARTIDA
14927682;8435124413184;JUNTA ESTANQUEIDAD ANTARTIDA
14927696;8435124413177;JUNTA VIERTEAGUAS ANTARTIDA
14927703;8435124413160;PERFILES LATERALES ANTARTIDA
14927710;8435124413153;PERFIL ESQUINERO ANTARTIDA
14927724;8435124413146;PERFILES LATERALES SUP/INF ANTARTIDA
14927731;8435124413139;PERFILES FRONTALES SUP/INF ANTARTIDA
14927745;8435124415775;MAMPARA ANTARTIDA
14927752;8435124413122;FIJO CRISTAL FRONTAL ANTARTIDA
14927766;8435124413115;PUERTA CRISTAL ANTARTIDA
14927773;8435124410688;MASAJEADOR DE PIES ALASKA RECT HSAUNA
14927780;8435124410671;SALIDA DE VAPOR ALASKA RECT HSAUNA
14927794;8435124410657;CONEXION JETS LUMBARES ALASKA RECT
14927801;8435124410640;MANGUERA CONEXION ENTRADA AGUA GENERADOR
14927815;8435124410633;MANGUITO PROTECION TERMICA ALA REC HSA
14927822;8435124410695;MANGUITO CONEXION DESAGUE DEL GENERADOR
14927836;8435124410626;MANGUITO CONEXION TLFN DUCHA 80CM ALA RE
14927843;8435124410619;MNGUITO CONEXION MASAJEADOR PIES 1.35CM
14927850;8435124410602;MANGUITO DE CONEXION ROCIADOR 1.25CM
14927864;8435124410596;LATIGUILO CONEXION AGUA FRIACALIENTE
14927871;8435124410589;TUBO DE DESAGUE ALASKA RECT
14927885;8435124410572;DESAGUE ALASKA RECT HSAUNA
14927892;8435124410558;RODAMIENTOS ALASKA RECT
14927906;8435124410541;ESPEJO ALASKA RECT
14927913;8435124410534;SOPORTE DE DUCHA ALASKA RECT
14927920;8435124410527;FLEXO DUCHA ALASKA RECT
14927934;8435124410510;TELEFONO DUCHA ALASKA RECT
14927941;8435124410503;CONEXION FLEXO DUCHA ALASKA RECT
14927955;8435124410497;REPISA METALICA ALASKA RECT
14927962;8435124410473;GENERADOR DE VAPOR ALASKA RECT HSAUNA
14927976;8435124405110;CAJA SISTEMA ELECTRC CPU BF160A
14927983;8435124406032;PANEL CONTRL MODELO BF160A ALA REC HSAU
14927990;8435124410466;TORNILLERIA ALASKA RECT
14928004;8435124410459;VENTILADOR FICHA NEGRA RUNDA DC12V 0.20A
14928011;8435124410442;ALTAVOZ FICHA BLANCA ALASKA RECT
14928025;8435124410435;REJILLA ALTAVOZ/EXTRACTOR ALASKA RECT
14928032;8435124410428;TAPA ALTAVOZ / EXTRACTOR ALASKA RECT
14928046;8435124406018;GRIFERIA ALASKA RECT HSAUNA
14928053;8435124412712;MONOMANDO ALASKA RECT
14928060;8435124412705;SELECTOR DE FUNCIONES ALASKA RECT HSAUNA
14928074;8435124410411;PLACA DE LEDS PANEL TRASERO ALASKA RECT
14928081;8435124410398;PLAFON DIAMETRO 365 MM ALASKA RECT
14928095;8435124410381;RESPALDO LUMBAR ALASKA RECT
14928102;8435124410374;INYECTORES JETS ALASKA RECT
14928116;8435124410367;ROCIADOR DE TECHO ALASKA RECT
14928123;8435124410343;CRISTAL FJO DERCH MMPARA CPERFIL INCRPOR
14928130;8435124410336;CRSTAL FJO IZQ MMPARA CPERFIL INCRPOR
14928144;8435124410329;PUERTA DE CRISTAL ALASKA RECT
14928151;8435124406001;CRISTAL FIJO FRONTAL ALASKA RECT
14928165;8435124410312;PERFIL INFERIOR ALASKA RECT
14928172;8435124406049;PERFIL SUPERIOR ALASKA RECT
14928186;8435124410305;ESCUADRAS UNION PERFILES ALASKA RECT
14928193;8435124410299;PROTECTORES DE PLASTICO ALASKA RECT
14928200;8435124410282;PERFIL CENTRAL ALASKA RECT
14928214;8435124410275;PERFIL LATERAL DERECHO ALASKA RECT
14928221;8435124410268;PERFIL LATERAL IZQUIERDO ALASKA RECT
14928235;8435124406025;MAMPARA ALASKA RECT
14928242;8435124410251;PANEL TRASERO CNTRL INCLUI SISTEM ELECTR
14928256;8435124410244;TECHO ALASKA RECT
14928263;8435124410237;PLATO DE DUCHA ALASKA RECT
14928270;8435124412057;JUNTA DE GOMA ALASKA 1/4C
14928284;8435124407688;SALIDA DE VAPOR ALASKA 1/4C HSAUNA
14928291;8435124410664;CODO DE CONEXIONES ALASKA 1/4C
14928305;8435124412040;PATAS PROTECCION ALASKA 1/4C HSAUNA
14928312;8435124407985;MANGUITO CN PROTECION TERMICA ALA1/4CHSA
14928326;8435124410855;MANGUITO DE CONEXION TLFN DUCHA 50CM
14928333;8435124410848;MANGUITO DE CONEXION ROCIADOR 1.80CM
14928340;8435124403321;LATIGUILO DE CONEXION AGUA FRIACALIENTE
14928354;8435124410831;TUBODESAGUE AN/AL1/4/C/I/MA/MO/O/TA/TO/V
14928361;8435124412033;DESAGUE ALASKA 1/4C HSAUNA
14928375;8435124410565;PROTECTR CON CIERE IMANTADO AL1/4C/CEY
14928382;8435124409927;TOPES DE GOMA ALASKA 1/4C/CEYLAN
14928396;8435124409910;RODAMIENTOS ALASKA 1/4C/CEYLAN
14928403;8435124410817;TAPON LUCES PANEL CENTRAL ALASKA 1/4C
14928410;8435124409897;SOPORTE DE DUCHA AN/AL1/4C/IS/TA/TO/VA
14928424;8435124412026;TELFNO DUCH 3FUNCIONES ALAS1/4C HSA/CEY
14928431;8435124409866;CONEXION FLEXO DUCHA ANTARTIDA/ALAS1/4C
14928445;8435124403185;ASA INTERIOR DISTANCIA 26CM ALASKA1/4C
14928452;8435124410800;REPISA METALICA ALASKA 1/4C
14928466;8435124410480;POMOS PUERTAS ALASKA 1/4C
14928473;8435124408043;T DE CONEXION CIRCUITO HIDRAULICO
14928480;8435124410794;CARTUCHO GRIFERIA ANTAR/ALAS1/4C/CEY
14928494;8435124412019;GENERADOR DE VAPOR ALA1/4C HSAUNA
14928501;8435124412002;CAJA DE SISTEMA ELECTRICO ALA1/4C HSAUNA
14928515;8435124419995;PANEL DE CONTROL ALA1/4C HSAUNA
14928522;8435124411982;MANDO A DISTANCIA ALASKA 1/4C HSAUNA
14928536;8435124408050;SENSOR DE TEMPERATURA ALASKA 1/4C HSAUNA
14928543;8435124407671;GENERADOR DE OZONO XL1815 ALA1/4C HSAUNA
14928550;8435124410749;TORNILLERIA ALASKA 1/4C
14928564;8435124403215;VENTILADOR FICHA BLANCA MODELO
14928571;8435124403208;ALTAVOZ FICHA AMARILLA ALASKA 1/4C
14928585;8435124410732;REJILA ALTAVZ EXTRACTR2008PLTA ALA1/4C
14928592;8435124410725;REJILA ALTAVOZ EXTRACTOR CHROME ALA 1/4C
14928606;8435124410718;TAPA ALTAVOZ EXTRACTOR ALAS 1/4C
14928613;8435124403338;GRIFERIA ALASKA 1/4C
14928620;8435124403314;PLACA DE LEDS PANEL TRASERO ALASKA 1/4C
14928634;8435124410404;ANILLO DE LEDS ALASKA 1/4C
14928641;8435124403383;BALASTO ELECTRONICO ALAS1/4C/VANCOU
14928655;8435124403291;PLAFON DIAMETRO 375 MM ALASKA 1/4C
14928662;8435124403413;RESPALDO LUMBAR ALASKA 1/4C
14928676;8435124403284;JETS ANTAR/ALAS1/4C/CEY/ISL/MAN/TAHI/VAN
14928683;8435124403253;ROCIADOR DE TECHO ALASKA 1/4C
14928690;8435124410350;PROTECTOR CON LENGUETA DE SILICONA
14928704;8435124403246;PANEL TRASERO DERECHO MEDIDA ALAS1/4C
14928711;8435124403239;PANEL TRASERO IZQUIERDO MEDIDA ALAS1/4C
14928725;8435124403154;PUERTA DE CRISTAL MEDIDA ALAS1/4C
14928732;8435124403390;CRISTAL FIJO MAMPARA MEDIDA ALAS1/4C
14928746;8435124403222;PERFIL INFERIOR ALASKA 1/4C
14928753;8435124403192;PERFIL SUPERIOR ALASKA 1/4C
14928760;8435124403178;PROTECTORES DE PLASTICO ALASKA 1/4C
14928774;8435124403123;PERFIL CENTRAL ALASKA 1/4C
14928781;8435124403147;PERFIL LATERAL DERECHO ALASKA 1/4C
14928795;8435124403161;PERFIL LATERAL IZQUIERDO ALASKA 1/4C
14928802;8435124403369;MAMPARA ALASKA 1/4C
14928816;8435124411975;PANEL TRASERO CENTRAL ALASKA 1/4C HSAU
14928823;8435124403376;TECHO ALASKA 1/4C
14928830;8435124411968;PLATO DCH ALASKA 1/4C HSAUNA
14928844;8435124408371;PUERTA IZQUIERDA IMAN INCLUIDO GEYSER
14928851;8435124406193;PUERTA DERECHA IMAN INCLUIDO GEYSER
14928865;8435124406186;CRISTAL FIJO MAMPARA GEYSER
14928872;8435124406322;ASIENTO ABATIBLE GEYSER
14928886;8435124406315;RESPALDO LUMBAR GEYSER
14928893;8435124406278;ROCIADOR DE TECHO GEYSER
14928900;8435124408388;MANDOS GRIFERA GEYSER
14928914;8435124408487;EMBELLECEDORES GEYSER
14928921;8435124414228;MINI JET GEYSER
14928935;8435124405141;JET CIRCUITO ABIERTO GEYSER
14928942;8435124408630;JET CIRCUITO CERRADO GEYSER
14928956;8435124408395;SELECTOR DE FUNCIONES GEYSER
14928963;8435124406339;GRIFERIA COMPLETA GEYSER
14928970;8435124408418;GENERADOR DE OZONO GEYSER
14928984;8435124408425;SALIDA DE VAPOR GEYSER
14928991;8435124408432;TAPA ALTAVOZ / VENTILADOR GEYSER
14929005;8435124405226;ALTAVOZ FICHA AZUL GEYSER
14929012;8435124405219;VENTILADOR FICHA BLANCA GEYSER
14929026;8435124408449;TAPON LEDS GEYSER
14929033;8435124406155;PLACA LEDS DEL TECHO GEYSER
14929040;8435124414211;PLACA LEDS TECHO FICHA ROJA GEYSER
14929054;8435124405127;PLACA LEDS COLUMNA CENTRAL GEYSER
14929061;8435124405189;ASAS PUERTA GEYSER
14929075;8435124406216;PASADORES ASAS GEYSER
14929082;8435124405196;TORNILLERIA GEYSER
14929096;8435124408463;PATA PLATO DUCHA ARUBA/GEYSER
14929103;8435124406261;TELEFONO DUCHA GEYSER
14929110;8435124406254;SOPORTE TELEDUCHA ARUBA/GEYSER
14929124;8435124406247;FLEXO DUCHA ARUBA/GEYSER
14929131;8435124408470;REPUESTO GEYSER
14929145;8435124405295;REPISA DE CRISTAL GEYSER
14929152;8435124405288;ESPEJO GEYSER
14929166;8435124405271;JABONERA GEYSER
14929173;8435124408494;TOPES DE GOMA GEYSER
14929180;8435124408623;JUNTAS VIERTEAGUAS GEYSER
14929194;8435124405134;JUNTAS DE ESTANQUEIDAD GEYSER
14929201;8435124408517;DESAGUE GEYSER/LANDIA
14929215;8435124408524;TAPAS DE PLASTICO COLUMNA CENTRAL GEYSER
14929222;8435124408531;MANGUITO DESAGUE DEL CALDERIN GE/LA/MA
14929236;8435124408548;MANGUITO CON PROTECCION TERMICA GE/LA
14929243;8435124408555;MANDO A DISTANCIA GEYSER
14929250;8435124405202;PANEL DE CONTROL GEYSER
14929264;8435124405240;GENERADOR DE VAPOR GEYSER/LANDIA
14929271;8435124408562;CODO CONEXION ROCIADOR DEL TECHO GEYSER
14929285;8435124408586;MANGUITO CONEXION AGUA FRIA/CALIENTE
14929292;8435124408593;MANGUITO ENTRADA AGUA AL CALDERIN GEYSER
14929306;8435124408609;SENSOR DE TEMPERATURA GEYSER
14929313;8435124405233;CENTRAL ELECTRICA CPU GEYSER
14929320;8435124408616;CABLE DE RED C/DIFERENCIAL GE/LA/MA
14929334;8435124411746;SOPORTE FLEXO DUCHA LANDIA
14929341;8435124411753;TELEFONO DUCHA LANDIA
14929355;8435124411777;SOPORTE TELEFONO DUCHA LANDIA
14929362;8435124411807;MANGUITO CON PROTECCION TERMICA LANDIA
14929376;8435124411814;MANGUITO ENTRADA AGUA AL CALDERIN LANDIA
14929383;8435124408579;CODO DE CONEXIONES LANDIA
14929390;8435124411821;SALIDA DE VAPOR LANDIA
14929404;8435124415195;PLATO DE DUCHA MANHATTAN
14929411;8435124415201;TECHO MANHATTAN
14929425;8435124415218;PANEL TRASERO IZQ 185X72.5CM MANHATTAN
14929432;8435124415225;PANEL TRASERO DCH 185X72.5CM MANHATTAN
14929446;8435124415232;COLUMNA CENTRAL CN TDO LO COMPONENTE MAN
14929453;8435124415249;MAMPARA MANHATTAN
14929460;8435124415256;PERFIL LATERAL IZQ.ALTURA 187CM MANHA
14929474;8435124415263;PERFIL LATERAL DER. ALTURA 187CM MANHATT
14929481;8435124415270;PERFILES CURVOS MANHATTAN
14929495;8435124415287;PUERTA DE CRISTAL 182X40.3CM MANHATTAN
14929502;8435124415294;CRISTAL FJO MAMPARA 177.2X33CM MANHATT
14929516;8435124415300;PESTANA UNION PERFILES LATERALES MANHATT
14929523;8435124407848;TOPE DEL CRISTAL FIJO MAMPARA MANHATTAN
14929530;8435124409729;ROCIADOR CEYLAN/MANHATTAN/TOSCANA
14929544;8435124407695;ALTAVOZ FICHA AMARILA ALASKA1/4CHSAU/MAN
14929551;8435124407701;VENTILADOR FICHA BLANCA MANHATTAN
14929565;8435124415317;FOCO DE LUZ FICHA ROJA MANHATTAN
14929572;8435124415324;CONTROL ILUMINACION CROMOTERAPIA MANHATT
14929586;8435124415331;PANEL DE CONTROL MANHATTAN
14929593;8435124415348;SISTEMA ELECTRICO CPU MANHATTAN
14929600;8435124415355;GENERADOR DE VAPOR MANHATTAN
14929614;8435124415362;CODO DE CONEXION MASAJE DE PIES MANHATTA
14929621;8435124414556;ASAS PUERTAS ANTARTIDA/MANHATTAN/TAHITI
14929635;8435124415379;GRIFERIA COMPLETA MANHATTAN
14929642;8435124415386;GRIFO SELECTOR 4 VIAS MANHATTAN
14929656;8435124415393;EMBELLECEDORES MANHATTAN
14929663;8435124415409;TORNILLERIA CEYLAN/MANHATTAN
14929670;8435124414594;REPISA CRISTAL MANHATTAN/TAHITI
14929684;8435124415416;MASAJE DE PIES MANHATTAN
14929691;8435124414617;TELEFONO DUCHA MANHATTAN/TAHITI
14929705;8435124407763;BARRA DUCHA MANHATTAN
14929712;8435124415423;RESPALDO LUMBAR MANHATTAN
14929726;8435124407596;ASIENTO ABATIBLE MANHATTAN
14929733;8435124415430;TOPE PUERTAS MANHATTAN
14929740;8435124414648;EMBELLECEDOR GOMA MANHATTAN/TAHITI
14929754;8435124409934;IMANES DE LAS PUERTAS MANHATTAN/TAHITI
14929761;8435124409941;JUNTA ESTANQUEIDAD PERFIL CRISTAL MA/TA
14929775;8435124414655;JUNTA ESTANQUEIDAD PANELES MA/TA
14929782;8435124409989;TUBO DESAGUE AN/AL1/4C/CE/IS/MA/TA/TO/VA
14929796;8435124408029;CODO DE CONEXIONES MANHATTAN
14929803;8435124410015;MANGUITO CONEXION TLF DUCHA AL1/4C/CE/MA
14929810;8435124409996;LATIGUILLO CONEXION AGUA FRIA/CALIENTE
14929824;8435124414754;PLATO DE DUCHA TAHITI 80X80
14929831;8435124415720;TECHO TAHITI 80X80 CON TECHO
14929845;8435124414761;PANEL TRASERO IZQUIERDO TAHITI 80X80
14929852;8435124414778;PANEL TRASERO DERECHO TAHITI 80X80
14929866;8435124415737;COLUMNA TAHITI 80X80 CON TECHO
14929873;8435124414785;MAMPARA TAHITI 80X80 CON TECHO
14929880;8435124414457;PERFILLATERAL IZQ200CM TA80X8090X90CNTCH
14929894;8435124414464;PERFILLATERAL DER200CM TA80X8090X90CNTCH
14929901;8435124414792;PERFILES CURVOS TAHITI 80X80
14929915;8435124414808;PUERTACRISTAL 197X34CM TA80X80 CN TCHO
14929922;8435124414815;CRSTLFIJO MMPRA192.2X25.5CM TA80X80CNTCH
14929936;8435124414587;EMBELLECEDORES
14929943;8435124411593;REJILAALTAVOZVENTILADOR TA80X8090X90CTCH
14929950;8435124408074;CABLE DE RED C/DIFERENCIAL
14929964;8435124415744;TORNILERIA MA/TA80X8090X90C/TCH
14929971;8435124414600;CONEXION FLEXO DUCHA TAHITI
14929985;8435124414624;RODAMIENTOS TAHITI
14929992;8435124414631;TOPE PUERTAS TAHITI
14930006;8435124414433;COLUMNA TAHITI 80X80 SIN TECHO
14930013;8435124414563;GRIFERIA COMPLETA
14930020;8435124414662;PLATO DE DUCHA TAHITI 90X90
14930034;8435124415669;TECHO TAHITI 90X90 CON TECHO
14930041;8435124414679;PANEL TRASERO IZQUIERDO TAHITI 90X90
14930055;8435124414686;PANEL TRASERO DERECHO TAHITI 90X90
14930062;8435124415676;COLUMNA TAHITI 90X90 CON TECHO
14930076;8435124414709;PERFILES CURVOS TAHITI 90X90
14930083;8435124414716;PUERTA CRISTAL 197X36.5CM TA90X90CTCH
14930090;8435124414723;CRISTAL FIJO MAMPARA 192.2X33CM
14930104;8435124415683;CRISTAL FIJO MAMPARA C/AGUJEROS
14930111;8435124414549;TOALLERO TAHITI 90X90/TAHITI 100X70
14930125;8435124415706;TORNILLERIA AN/MA/TA80X8090X90C/TCH
14930132;8435124415713;ASIENTO TAHITI 90X90 C/TECHO
14930146;8435124414693;MAMPARA TAHITI 90X90 SIN TECHO
14930153;8435124414402;PLATO DE DUCHA TAHITI 100X70
14930160;8435124414419;PANEL TRASERO TAHITI 100X70
14930174;8435124414426;PANEL TRASERO TAHITI 100X70
14930181;8435124414440;MAMPARA TAHITI 100X70
14930195;8435124414471;PERFILES SUP/INF FRONTALES TAHITI 100X70
14930202;8435124414488;PERFILES SUP/INF LATERALES TAHITI 100X70
14930216;8435124414495;PUERTA DE CRISTAL LATERAL 197X31.8CM
14930223;8435124414501;PUERTA DE CRISTAL FRONTAL 197X52.5CM
14930230;8435124414525;CRISTAL FIJO MAMPARA LATERAL 192X28.8CM
14930244;8435124414532;ESQUINEROS SUP/INF TAHITI 100X70
14930251;8435124409569;PLATO DE DUCHA CF901 CF9809 TOSCANA
14930265;8435124409576;TECHO TOSCANA
14930272;8435124409583;PANEL TRASERO IZQ TOSCANA
14930286;8435124409590;PANEL TRASERO DER TOSCANA
14930293;8435124409606;PANEL TRASERO CENTRAL TOSCANA
14930300;8435124409613;MAMPARA CF901 MAMPARA CF9809 TOSCANA
14930314;8435124409620;PERFIL LATERAL IZQ TOSCANA
14930321;8435124409637;PERFIL LATERAL DER TOSCANA
14930335;8435124409644;PERFIL SUPERIOR CF901 CF9809 TOSCANA
14930342;8435124409651;PERFIL INFERIOR CF901 CF9809 TOSCANA
14930356;8435124409668;PUERTA DE CRISTAL IZQ 182.7X38CM TOSCANA
14930363;8435124409675;PUERTA DE CRISTAL DERECHA TOSCANA
14930370;8435124409682;CRISTAL FIJO MAMPARA TOSCANA
14930384;8435124409750;LUZ HALOGENA CEYLAN/IS/MA/TO
14930391;8435124409774;REJILLA ALTAVOZ VENTILADOR CROMO TOSCANA
14930405;8435124409804;TORNILLERIA ISLAND/TOSCANA/VANCOUVER
14930412;8435124409811;PANEL DE CONTROL TOSCANA
14930426;8435124409842;POMOS PUERTA TOSCANA
14930433;8435124409859;REPISA METALICA TOSCANA
14930440;8435124409873;TELEFONO DUCHA ISLAND/TOSCANA/VANCOUVER
14930454;8435124409903;ESPEJO TOSCANA
14930461;8435124410008;MANGUITO DE CONEXION ROCIADOR
14930475;8435124412125;PLATO DE DUCHA K8800 CF9808 VANCOUVER
14930482;8435124412132;TECHO VANCOUVER
14930496;8435124412149;PANEL TRASERO K8800 CF9808 VANCOUVER
14930503;8435124412156;MAMPARA K8800 MAMPARA CF9808 VANCOUVER
14930510;8435124412163;PERFIL LATERAL IZQ VANCOUVER
14930524;8435124412170;PERFIL LATERAL DER VANCOUVER
14930531;8435124412187;PERFIL SUPERIOR K8800 CF9808 VANCOUVER
14930545;8435124412194;PERFIL INFERIOR K8800 CF9808 VANCOUVER
14930552;8435124412200;PUERTA DE CRISTAL IZQUIERDA VANCOUVER
14930566;8435124412217;PUERTA DE CRISTAL DERECHA VANCOUVER
14930573;8435124412224;CRISTAL FIJO MAMPARA 177X33CM VANCOUVER
14930580;8435124412231;PESTANA UNION PERFILES VANCOUVER
14930594;8435124412248;PLAFON VANCOUVER
14930601;8435124412255;ROCIADOR DE TECHO VANCOUVER
14930615;8435124403307;TUBO FLUORESCENTE T5.G10Q AL1/4C/VA
14930622;8435124412262;GRIFERIA VANCOUVER
14930636;8435124412286;PANEL DE CONTROL GP2005H VANCOUVER
14930643;8435124409385;ASAS PUERTA VANCOUVER
14930650;8435124409392;REPISA METALICA ISLAND/VANCOUVER
14930664;8435124412309;ESPEJO VANCOUVER
14932316;8435124409736;PLATO DE DUCHA CF9809
14932323;8435124409767;MAMPARA CF9809
14932330;8435124414297;PERFIL SUPERIOR CF9809
14932344;8435124414280;PERFIL INFERIOR CF9809
14932351;8435124416031;PLATO DE DUCHA CF9808
14932365;8435124414259;PANEL TRASERO CF9808
14932372;8435124409828;MAMPARA CF9808
14932393;8435124414266;PERFIL SUPERIOR CF9808
14932435;8435124414273;PERFIL INFERIOR CF9808
14957166;3760118147864;FRONTAL COMPLETO ZEN
14957173;3760118147871;PANEL LATERAL ZEN
14957180;3760118147888;PANEL FONDO CRISTAL ZEN
14957194;3760118147895;BASE+TECHO ZEN
15249024;3760118146683;FONDO CRISTAL+PUERTA CRISTAL EASY BLACK
15249031;3760118146645;2 PANELES LATERALES EASY BLACK 80
15249045;3760118146652;PLATO EASY BLACK 80
15249052;3760118148861;FRONTAL COMPLETO FUTURA
15249066;3760118148878;JUEGO 2 FONDOS EN CRISTAL FUTURA
15249073;3760118148885;COLUMNA DE FONDO EN CRISTAL FUTURA
15249080;3760118148892;BASE FUTURA
15249094;3760118146225;CRISTAL FIJO DE LA MAMPARA QUADRATO
15249101;3760118146232;CRISTAL LATERAL QUADRATO
15249115;3760118146249;CRISTALES NEGROS QUADRATO
15249136;3760118146461;COLUMNA CENTRALYCRISTAL GIRATORIO QUADRA
15249143;3760118146478;BASE QUADRATO
15249150;3760118148328;PUERTA CORREDERA TECHNIK
15249164;3760118148335;CRISTAL LATERAL CON GRIFERIA TECHNIK
15249171;3760118148342;CRISTAL LATERAL+PEQ CRISTAL FIJO TECHNIK
15249192;3760118148359;GRANDE CRISTAL DE FONDO TECHNIK
15249206;3760118148366;BASE + TECHO TECHNIK
15249262;3760118148786;TARIMA CABINA TECHNIK
16831794;3760000507097;MALETÍN DE REPUESTOS CABINAS LT AQUA
16870364;3760000508360;MALETÍN DE REPUESTOS CABINA CITY LT AQUA
18729060;8435315511088;FALDON FRON BENTO 1/4C 140X140 ACRIL
18730012;8435315511071;FALDON FRON BENTO 1/4C 130X130 ACRIL
82174369;3700710228486;MAMPARA CRISTAL URBAN RECT 115X90
82174370;3700710228493;PANEL CRISTAL FONDO X3 URBAN RECT 115X90
82174371;3700710228509;PANELES CRISTAL LAT X2 URBAN RECT 115X90
82174372;3700710228516;BASE ACRILICA URBAN RECT 115X90
82174373;3700710228523;TECHO CRISTAL URBAN RECT 115X90
82174374;3700710228950;MAMPARA CRISTAL URBAN 1/4C 90
82174375;3700710228967;PANELES CRISTAL FONDO X3 URBAN 1/4C 90
82174376;3700710228974;BASE ACRILICA URBAN 1/4C 90
82174377;3700710228981;TECHO CRISTAL URBAN 1/4C 90
82174378;3700710229001;MAMPARA CRISTAL URBAN CUAD 90
82174379;3700710229018;PANELES CRISTAL DE FONDO X3 URBAN CUAD 9
82174380;3700710229025;BASE ACRILICA URBAN CUAD 90
82174381;3700710229032;TECHO CRISTAL URBAN CUAD 90
82174382;3700710229056;MAMPARA CRISTAL URBAN RECT XXL 160X85
82174383;3700710229063;PANEL CRIS FOND X3 URBAN RECT XXL 160X85
82174384;3700710229070;PANEL CRIST LAT X2 URBAN RECT XXL 160X85
82174385;3700710229087;BASE ACRILICA URBAN RECT XXL 160X85
82174386;3700710229094;TECHO CRISTAL URBAN RECT XXL 160X85
82174387;3700710217985;MAMPARA CRISTAL ECLIPSE 1/4C 90
82174388;3700710217992;PANELES CRISTAL FONDO NEGRO ECLIPSE 1/4C
82174389;3700710218005;BASE ACRILICA ECLIPSE 1/4C 90
82174390;3700710229858;MAMP Y CRIST LAT TR ECLIPSE RECT 110X80
82174391;3700710229865;CRIST FONDO+LAT HIDR ECLIPSE RECT 110X80
82174392;3700710229872;BASE ACRILICA ECLIPSE RECT 110X80
82174393;3700710205524;SIFON + TAPON 90MM URBAN/ECLIPSE
82174394;3700710203186;PERFIL EN F 5MM 200CM URBAN/ECLIPSE
82174395;3700710206507;PERFIL EN F 6MM DE 200CM URBAN
82174396;3700710210559;PERFIL MAGNETICA X2 6MM 200CM URBAN
82174397;3700710205685;PERFIL MAGNETICA X2 45° 6MM URBAN
82174398;3700710228387;RODAMIENTO DOBLE 23D MM X4 URBAN
82174399;3700710228394;RODAMIENTO SIMPLE 23D MM X4 URBAN
82174400;3700710227939;FIJACION CRIST FIJO 5MM X2 URBAN/ECLIPSE
82174401;3700710228318;FIJACION CRISTAL FIJO X2 URBAN/ELIPSE
82174402;3700710229162;PERFIL LATERAL Y MAMPARA 6MM X2 URBAN
82174403;3700710203957;PVC BL CONEXION FLEXIBLE URBAN/ECLIPSE
82174404;3700710229179;PERFIL JUNTA DE ACABADO X1 URBAN
82174405;3700710228370;ESTANTE DE CRISTAL RECTANGULAR NG URBAN
82174406;3700710228356;ALCACHOFA DE DUCHA URBAN
82174407;3700710205784;SOPORTE TRIANG ALCACHOFA URBAN/ECLIPSE
82174408;3700710203988;ABRAZADERAS X10 URBAN/ECLIPSE
82174409;3700710203933;TUBO PLASTICO CONEXION JET URBAN/ECLIPSE
82174410;3700710229599;GRIFO MECANICO 3 SALIDAS URBAN
82174411;3700710205722;TUERCA+ANILLO+ANILL CIERRE URBAN/ECLIPSE
82174412;3700710205494;MANETA CR SELECTOR FUNCION URBAN/ECLIPSE
82174413;3700710205517;MANETA GRIFO URBAN/ECLIPSE CROMO
82174414;3700710205111;CARTUCHO CERAMICO GRIFO URBAN/ECLIPSE
82174415;3700710229391;CODO PLASTICO CONEXION FLEXO URBAN
82174416;3700710218708;FLEXO DE DUCHA PVC NEGRO URBAN
82174417;3700710228158;INSTALACION JUNTA INF MAMP URBAN/ECLIPSE
82174418;3700710212850;CONEXION EN T PVC SISTEMA HIDRO URBAN
82174419;3700710223917;JUNTA PLASTICO INF MAMP URBAN/ECLIPSE
82174420;3700710229629;KIT TORNILLERIA PARA GAMA URBAN
82174421;3700710229636;ARANDELA GOMA URBAN
82174422;3700710228349;TIRADOR NEGRO RECTANGULAR URBAN
82174423;3700710226642;TIRADOR CROMADO REDONDO X1 ECLIPSE
82174424;3700710226659;RODAMIENTO SIMPLE 23D MM X4 ECLIPSE
82174425;3700710226666;RODAMIENTO SIMPLE DE 23D MM X4 ECLIPSE
82174426;3700710226710;CRISTAL BLOQUEADOR 4MM ECLIPSE
82174427;3700710228004;BARRA DE DUCHA ECLIPSE
82174428;3700710228141;PERFIL MAGNETICA 4MM PANEL LAT ECLIPSE
82174429;3700710230069;GRIFO MECANICO 2 SALIDAS ECLIPSE
82174430;3700710230076;DUCHA DE TECHO REDONDA CROMADA ECLIPSE
82174431;3700710230083;PIEZA SUPERIOR ANGULO SUPERIOR ECLIPSE
82174432;3700710230090;PIEZA SUPERIOR ANGULO INFERIOR ECLIPSE
82174433;3700710230113;ALCACHOFA DE DUCHA ECLIPSE
82174434;3700710230120;FLEXO DE DUCHA ECLIPSE
82174435;3700710230229;KIT TORNILLERIA ECLIPSE RECT 110X80
82174436;3700710230236;KIT TORNILLERIA COMPLETO ECLIPSE 1/4C 90
82174437;3700710230267;PERFIL MAGN X2 CIERRE 200CM ECLIPSE 1/4C
82174438;3700710210542;PERFIL MAGN X2 200CM ECLIPSE RECT 110X80
82271631;8435095419123;FALDON FRONTAL BAÑERA LOOK 140X70
82271632;8435095419147;FALDON FRONTAL BAÑERA LOOK 150X70
82271633;8435095419161;FALDON FRONTAL BAÑERA LOOK 160X70-75
82271634;8435095419192;FALDON FRONTAL BAÑERA LOOK 170X70-75
82271635;8435095418980;FALDON FRONTAL BAÑERA LOOK 150X80
82271636;8435095419000;FALDON FRONTAL BAÑERA LOOK 170X80
82271637;8435095419024;FALDON FRONTAL BAÑERA LOOK 180X80-90
82271638;8435095419406;FALDON LATERAL BAÑERA LOOK 70
82271639;8435095419420;FALDON LATERAL BAÑERA LOOK 75
82271640;8433670010673;FALDON LATERAL BAÑERA LOOK 80
82271641;8435095419369;FALDON LATERAL BAÑERA LOOK 90
33119;3276005998285;AKI MAMP.FRONT QUAD SG CR 98-122
33123;3276005998124;AKI MAMP.FRONTAL QUAD SG CR PIV100
33147;3276005997165;AKI MAMP.FRONT QUAD SG CR100
292490;3276005098008;AKI PORTARROLLOS C/TAPA LEXI
292521;3276004128386;AKI TOALLERO ARO FRESH
292584;3276005092693;AKI PERCHA TRIPLE SUITE MATE
292600;3276005091702;AKI PERCHA TRIPLE SUITE CROMO
292611;3276005091184;AKI PORTARROLLOS RESERVA SUITE CR
293358;3276004662217;AKI JABONERA CLOCK BCO
293360;3276004662095;AKI DOSIFICADOR CLOCK BCO
293823;3276004184597;AKI PORTARR/ESCOB YOUNG BLANCO
865648;3276004208217;AKI COLUMNA HIDRO PALIO CR 6JETS
865653;3276004184689;AKI PORTARR/ESCOB YOUNG GRIS
942495;3276000376255;AKI PAPELERAS POP SENSEA (36PC)
12766831;4008838913338;AKI CARRITO MESSINA BCO
13047326;3276200352318;AKI MONOM.LAVABO LEXI CROMO
13048409;3276000118503;AKI TERMOSTATIC. DUCHA NEREA CR
13426625;3276000121817;AKI PERCHA ELLIOT
13721526;4008838171073;AKI_TOALLERO CUADRADO QUADRO CR
15439123;3276004210302;AKI GRIFO COCINA C BAJO POM
15833181;8414329900453;AKI_PLACA/PULSADOR WC DUAL CR MAT
15893955;4008838186183;AKI_ESTANTERIA NORWAY MADERA
16067730;8003341174067;AKI_JABONERA SPOT FUCSIA
16067842;8003341174074;AKI_JABONERA SPOT AZUL
16067856;8003341174081;AKI_JABONERA SPOT TRANSPAR.
16067863;8003341174098;AKI_JABONERA SPOT NARANJA
16067884;8003341193976;AKI_JABONERA SPOT LILA
16522114;3276004473998;AKI_MANGO DUCHA EDY 3P
16522121;3276004474049;AKI SET DUCHA EDY 3P
16522135;3276004474094;AKI CONJ.C/BARRA EDY 3P
17155005;8414329391718;AKI_CASQUILLOS REBOSADERO LVB
18081441;8414329916201;AKI_CISTERNA S/TAP DAMA N ALI INF
18682601;4005176920004;AKI GRIFO COCINA C BAJO SWIFT STA
18839002;3276005718210;AKI MANGO DUCHA ELDO 1P
18839863;3276005710634;AKI MANGO DUCHA SOFT 5P
18840451;3276005718463;AKI SET DUCHA ELDO 1P
18890032;3276005721029;AKI MANGO DUCHA EASY 3POSIC
19319286;4008838210727;AKI_DOSIFICADOR MARINE AZUL
19319314;4008838210680;AKI DOSIFICADOR MARINE BCO
19325362;5602488155880;AKI JABONERA SHINE MULTIC
19325376;5602488155866;AKI VASO SHINE MULTICOLOR
19325390;5602488231508;AKI DOSIFICADOR INDIGO AZ
19325460;5602488232710;AKI VASO INDIGO AZUL
19325474;5602488225408;AKI DOSIFICADOR ART LIFE BCO/NG
19325530;5602488155873;AKI DOSIFICADOR SHINE MULTIC
19325565;5602488225392;AKI VASO ART LIFE BCO/NG
19325572;5602488225415;AKI_JABONERA ART LIFE BCO/NG
19430516;8411801222607;AKI_ARMAR.HORIZ DUCHA AZUL
19430586;8411801220252;AKI_SOPORTE PARED MARTINS
19430600;8411801220191;AKI_PORTARROLLOS C/TAPA MARTINS
19430635;8411801221624;AKI_PORTAVASOS MARTINS
19430691;8411801220207;AKI_PERCHA MARTINS
19430782;8411801221631;AKI_DOSIFICADOR MARTINS
19430824;8411801221617;AKI_JABONERA MARTINS
19430866;8411801221648;AKI_ESCOBILLERP MARTINS
19720134;3276000246329;AKI_GRIFO LAVABO IXIL CR SENSEA
19720232;3276000246336;AKI_GRIFO BANERA IXIL CR SENSEA
19720386;3276000251804;AKI_GRIFO LAVABO DARI CR SENSEA
19720414;3276000260882;AKI GRIFO DUCHA BUTON CR SENSEA
19726112;6192600900881;AKI_PACK WC ALHAMA S VERTICAL
19726203;6192600900102;AKI_BIDET ALHAMA
19726266;6192600900041;AKI_LAVABO ALHAMA BCO
19726280;6192600900058;AKI_PEDESTAL ALHAMA BCO
19847016;3047404055318;AKI GRIFO LAVABO CRISTALI CRS/CROM
19923512;8414329916324;AKI_INODORO DAMA N S VERT NO COMP
34374011;3276004125620;AKI PORTARROLLOS C/TAPA REIA
34900173;8003341186893;AKI_ESCOBILLERO GLADY LILA
34900215;8003341186787;AKI_VASO GLADY LILA
34900383;8003341186794;AKI_JABONERA GLADY NARANJA
35480984;3276005093126;AKI PERCHA DOBLE QUADDRO
35481614;3276005095717;AKI TOALLERO BARRA EXT ELLIOT CR
35755223;3276005610637;AKI TAPA WC SLIMM BLANCA
35797041;3276005718715;AKI JABONERA DUCHA TRANSPARENTE
35797153;3276005718661;AKI SOPORTE DUCHA STEP MULTIP
35806554;3276005661974;AKI BARRA DUCHA PARAGUAS 8 BZ BCA
36245223;3276000212812;AKI ALFOMBRA BUBBLE VRD BTN 50X80
36469706;3276005990920;AKI MAMP.ANG NEREA SG BCA EXT70-80
36469734;3276005991002;AKI MAMP.ANG NEREA SG BCA EXT80-90
36474410;3276000340126;AKI_ROCIADOR RED.DELFI SENSE 15CM
36532216;3276005998766;AKI LATERAL DUCH QUAD SG CR PIV 90
36586221;3276000341611;AKI DOSIFICADOR BIMBO BCO
36586270;3276000341598;AKI VASO BIMBO BCO
36586305;3276000341604;AKI JABONERA BIMBO BCO
36586333;3276000341628;AKI_ESCOBILLERO BIMBO BCO
36586382;3276000341659;AKI DOSIFICADOR COCO CR
36586396;3276000341642;AKI VASO COCO CR
36586403;3276000341666;AKI_JABONERA COCO CR
36586410;3276000341635;AKI ESCOBILLERO COCO CR
36589511;3276000343028;AKI VASO BUBBLE BCO
36589532;3276000344179;AKI_JABONERA BUBBLE BCO
44752813;3276004743732;AKI PERCHA BUBBLE GUM GRIS
45313842;3276005117631;AKI TOALLERO DOBL BARR EXT LOFT CR
45428691;3276005718418;AKI MANGO DUCHETA BID YGEN
45818451;3276000344988;AKI ESCOBILLERO STONE BEIGE
62153014;3276005992603;AKI MAMP.FRONT NEREA SG BCA 120
64292396;3351840559898;AKI GRIFO LAVABO NEREA CR
64292550;3351840559928;AKI_GRIFO DUCHA NEREA CROMO
68621686;3700377320356;AKI CESTO POLYSTER BLANCO
68621700;3700377320349;AKI CESTO INTISSE GRIS
68621714;3700377320318;AKI CESTO POLYESTER AZUL
68621721;3700377320332;AKI CESTO POLYSTER VERDE
69073403;3351840353670;AKI PACK 4 ESPEJOS ADHESIVOS 30X30
69073424;3351840353694;AKI ESPEJO LISO RECTANGULAR 80X60
69073452;3351840353724;AKI PACK 4 ESPEJOS ADHESIVOS 15X60
69073550;3351840353823;AKI PACK 4 ESPEJOS REDONDOS 15 CM
69089615;8411801202845;AKI ANTIDESLIZ. AZUL ROLLO 70X36
69089685;8411801202852;AKI ANTIDESLIZANT BLCO ROLLO 70X36
69097945;3351840358859;AKI ESPEJO BISELADO RECTAN. 80X60
69110573;3700377323685;AKI PERCHAS 4 VENTOSAS PLAY AZUL
69110650;3700377323678;AKI PERCHA 4 VENTOSAS PLAY TRANSP
69110706;3700377323692;AKI PERCHA 4 VENTOSA PLAY ROSA
69110881;3700377323708;AKI PERCHA 4 VENTOSA PLAY  VERDE
69633214;3700377326297;AKI CESTO HAPPY ROJA 14X10X7
70057582;3276005096523;AKI PERCHA GRANDE STYLE CR
70057603;3276005096486;AKI PERCHA MEDIANA STYLE CR
70116305;3276005175631;AKI GRIFO COCINA PROFES.SWEET CR
70282352;8411801210840;AKI_ANTIDESLIZ.DUCHA SALMON 54X54
70282373;8411801214596;AKI_ANTIDESLIZ.DUCHA BERENJ 54X54
70282443;8411801209349;AKI ANTIDESLIZ.VERDE ROLLO 70X36
70282485;8411801209356;AKI ANTIDESLZ.NARANJA ROLLO 70X36
70282506;8411801212745;AKI ANTIDESLIZ.FUCSIA ROLLO 70X36
70564452;3276005093522;AKI TOALLERO 3 BARRA QUADDRO
70676886;3276005721579;AKI CURSOR P/BARRA SCAPE D.19MM
72368870;3276000213413;AKI ALFOMBRA TERRY GR PERL 50X80
72368884;3276000213420;AKI ALFOMBRA TERRY MARR NU 50X80
73331370;3276000244172;AKI LATERAL DUCHA DADO SG CR90
81929075;3276000343080;AKI_DOSIFICADOR STARS ORO
81929085;3276000343097;AKI VASO STARS ORO
81929319;3276000340188;AKI ESPONJAS COLORES EASY SENSEA
81959389;8003341057728;AKI VASO AMELIE BCO
81959410;8003341057704;AKI DOSIFICADOR AMELIE BCO
81959555;5602488204120;AKI VASO WOODY MADERA
81959557;5602488171224;AKI_DOSIFICADOR NEW PLUS NG
81959558;5602488202287;AKI DOSIFICADOR WOODY MADERA
81959611;4008838148877;AKI VASO STELLA AZUL
81959613;4008838149010;AKI DOSIFICADOR STELLA AZUL
81959619;4008838211755;AKI ESCOBILLERO STELLA AZUL
82071076;8420327410177;AKI_CESTO ROPA TRENZADO VRD CLR
82071080;8420327382740;AKI_CESTA GRANDE TRENZADA BEIGE
82075591;8431759010200;AKI_FLEXO INOX EXT.1.80-2.45
82075592;8431759011283;AKI_BARRA ACERO QUATRO 65.5 CM
82075593;8431759011276;AKI_BARRA ACERO CROM AJUSTAB.66CM
82075596;8431759011399;AKI_SET DUCHA NOA BLANCO 3P
82075599;4008838176801;AKI_ESCOBILLERO MORETTA ACER INOX
82075600;4008838113066;AKI_RECAM ESCOB NGR MANG ACER MAT
82075601;4008838167564;AKI_RECAMB ESCOB MANG ACERO MATE
82075603;4008838208878;AKI_CESTA RINCON BARI VACUUM
82075604;4008838812914;AKI_ESTANTERIA COMPACT CROMO
82075605;4008838965795;AKI_CESTA RINCON.SIMPLE STATIC LOC
82075613;4008838203880;AKI_JABONERA POLARIS GRIS
82075614;4008838197752;AKI_PAPELERA RECTANGULAR CROMO 5 L
82075617;4008838149201;AKI_CESTO ROPA RINGO GRIS
82075620;4008838204184;AKI_TAPA WC SAVIO BCA EASY-CLOSE
82075622;4008838214039;AKI_TAPA WC LIP DECO
82075623;4008838120941;AKI_PORTARR/ESCOB ASCEA CR
82075633;8414194270125;AKI_MONOM.COCINA EXTRAIB XIU
82075634;8414194400133;AKI_SET DE DUCHA INVERSO 2F
82075642;8411801209196;AKI_TOALLERO ARO ALUMINUM
82075645;8411801217528;AKI_ROCIADOR REDONDO MIRROR 20CM
82075646;8411801202197;AKI_ROCIADOR CUADRAD KEOPS CROMO
82075647;8411801223871;AKI_SOPORTE DUCHA ADHESIVO GLUE F
82075650;8411801214213;AKI_TAPA WC SWEET GRIS
82075651;8411801222560;AKI_ARMAR.VERTICAL DUCHA BCO
82075652;8411801222546;AKI_ARMAR.VERTICAL DUCHA AZUL
82075653;8411801222621;AKI_ARMAR HORIZ DUCHA BLANCO
82075655;8413252167179;AKI_CORTINA PEVA DELICIA AZ
82075666;8413252021792;AKI_ANTIDESLIZANTE ELEPHANT
82075667;8413252164178;AKI_CESTO ROPA PLEGABLE CHISPA TRQ
82075668;8413252164208;AKI_CESTO ROPA PLEGABLE CHISPA PCH
82075669;8413252164185;AKI_CESTO ROPA PLEGABLE CHISPA NJA
82075672;8422041039795;AKI_APLIQUE NUM. 25 CORCEGA  LEDS
82075676;8422041300130;AKI_ESPEJO INGENIA/CORCEG ROB70X80
82075677;8422041300123;AKI_ESPEJO INGENIA/CORCEGA BCO70X8
82075683;8422041031713;AKI_ENCIMERA CORCEGA BCA 80 F/RED
82075685;8422041038446;AKI_ENCIMERA  CORCEGA 60
82075686;8422041038392;AKI_ENCIMERA LIGHT COMPACTOP 51X40
82075688;8422041047950;AKI_EXPO ENCIMERA HARIE 60X46
82075689;8422041504750;AKI_EXPO ENCIMERA APOYO RBL SMOKY
82075691;8422041900941;AKI_EXPO ENCIMERA APOYO LUNA
82075694;8422041039283;AKI_CAMERINO CORCEGA BCO 60
82075695;8434033240195;AKI_PLATO DUCHA SLATE ESPEC80X80
82075699;8434033086458;AKI_PLATO DUCHA SLATE BCO80X140
82075705;3760000489829;AKI_TARIMA TEKA SEMIC PLATO 80 X 80
82075708;8431637032676;AKI_GRIFO BANERA EMPOTR ARTE CR
82075719;8003341066089;AKI_DOSIFICADOR GLADY MOKA
82075720;8003341044117;AKI_DOSIFICADOR ELETTRA COBRE
82075721;8003341043677;AKI_DOSIFICADOR RITA BCO
82075723;8003341066096;AKI_VASO GLADY MOKA
82075724;8003341044070;AKI_VASO CLOTHILDE BCO
82075725;8003341186770;AKI_VASO GLADY FUCSIA
82075726;8003341149843;"AKI_DOSIFICADOR""GLADY""VERDE"
82075742;3700703927372;AKI_VASO CAGLIARI ARENA
82075743;3700703990901;AKI_VASO CAGLIARI ROSA
82075744;3700703990925;AKI_ESCOBILLERO CAGLIARI ROSA
82075745;3700703927396;AKI_ESCOBILLERO CAGLIARI ARENA
82075746;3700703990918;AKI_JABONERA CAGLIARI ROSA
82075759;8423364721602;AKI_FRONTAL BANO RALIK 2HJ 160 CM
82075760;8423364721701;AKI_FRONTAL BANO RALIK 2HJ 170 BC
82075761;8423364721503;AKI_FRONTAL BANO RALIK 2HJ 150BC
82075762;8423364720650;AKI_LATERAL BANERA RALIK SG BCO 70
82076906;8434033292668;AKI_PLATO SLATE 100X70 MOKA AKI
82076907;8434033086403;AKI_PLATO DUCHA SLATE BCO80X90
82076909;8434033150388;AKI_PLATO DUCHA SLATE ESPEC70X100
82076913;8434033086168;AKI_PLATO DUCHA SLATE ANTRAC80X120
82076914;8434033085826;"AKI_PLATO DUCHA""SLATE""ANTRAC80X120"
82076915;8434033292798;AKI_PLATO SLATE 120X70 CHOCOL AKI
82076917;8434033292781;AKI_PLATO SLATE 120X70 CEMENT AKI
82076921;8434033086052;AKI_PLATO DUCHA SLATE BCO 70X120
82076923;8434033086182;AKI_PLATO DUCHA SLATE ANTRAC70X140
82076927;8434033085802;AKI_PLATO DUCHA SLATE ANTRAC80X100
82076929;8434033085758;AKI_PLATO DUCHA SLATE BCO70X90
82076931;8434033287879;AKI_PLATO SLATE 100X70 CEMENT AKI
82077613;4008838167571;AKI_RECAMB ESCOB MANG ACERO BRILLO
82077615;4008838208830;AKI_CESTA DUCHA RECTANG MILAZZO VC
82077616;4008838653821;AKI_TARIMA DUCHA BAMBOO GRIS 50X80
82077699;8003341043707;AKI_ESCOBILLERO RITA BCO
82077700;8003341186831;AKI_DOSIFICADOR GLADY FUCSIA
82077703;8003341044087;AKI_JABONERA CLOTHILDE BCO
82077705;8423364721404;AKI_FRONTAL BA? RALIK 2HJ 140BCO
82088052;3276004743695;AKI_PERCHA BUBBLE GUM AZUL
82088053;3276004743770;AKI_PERCHA BUBBLE GUM BLANCO
82088055;3276005116559;AKI_TOALLERO BARRA LOFT 60CM MATE
82088067;3276005610514;AKI_TAPA WC NEREA BLANCA
82088073;3276005117273;AKI_TOALLERO BARRA LOFT 60 CM BR
82088074;8423364700539;AKI_PERFL VIERTEAG CUÑA CRIST6-8MM
82088075;3276200196219;AKI_PORTARR/ESCOB DRACO CR
82088081;8410787018525;AKI_FLEXO LONGFLEX 175-225M
82088086;3047404225179;AKI_MANGO DUCHA INVERSO 2F
82088098;3276000130000;AKI_GRIFO COCINA EXTRAIB NEREA
82088102;8423364700577;AKI_PERFIL BURBUJA CRISTAL 6-8MM
82088107;3700377326310;AKI_CESTO HAPPY GRIS OSCURO14X10X7
82088108;8431637043030;AKI_RECAMBIO DUCHETA FREGAD Y FLEXO
82088112;8411801431412;AKI_ESCOBILLA WC STANDARD BLANCO
82088115;8423364700416;AKI_PERFIL SUPLEM ALUM 40X20X200 CR
82088117;3351841690347;AKI_REP RODAMIENTOS PRIMA
82088118;8423364700560;AKI_PERFIL JUNTA RECTA CRIST6-8MM
82088121;8410787030114;AKI_SET DUCHA COMBI VANITY 4 POSIC
82088123;4008838151655;AKI_ESPEJO CON AUMENTO TELESCOPICO
82088124;8436020381393;AKI_BASCULA BAÑO DIGITAL JOCCA
82088128;8431759061417;AKI_GRIFO COCINA MURAL ARGOS CR
82088129;4008838187746;AKI_PORTARROLLOS S/TAPA TURBO-LOC
82088130;8431759011290;AKI_MANGO DE DUCHA NOA BLANCO 3P
82088132;8413252167261;AKI_CORTINA POL JEDDA 180X200
82088134;8410787030091;AKI_MANGO DUCHA VANITY 4P
82088137;8423364700430;AKI_PERFIL SUPLEM ALUM 40X60X200CR
82088138;3047404047214;AKI_MONOM COCINA C BAJO JOKER
82088139;8423364700317;AKI_PERFIL SUPLEM ALUM 40X20X200BC
82088142;4008838100400;AKI_VASO POLARIS NEGRO
82088143;8423364700423;AKI_PERFIL SUPLEM ALUM 40X40X200CR
82088145;8431759011702;AKI_MANGO DE DUCHA 801 8P
82088146;4008838211403;AKI_DOSIFICADOR SLOPE
82088147;4008838178454;AKI_DOSIFICADOR SQUARE BLANCO.
82088150;3370910061932;AKI_CESTA CRAZY PEQUEÑA NG
82088151;8423364700447;AKI_PERFIL SUPLEM ALUM 45X25X200CR
82088152;4008838720080;AKI_CESTA BAMBU M NATURAL
82088155;8422041016925;AKI_CONJUNTO SUSP BRIC EVASION 39
82088156;3370910089141;AKI_CESTO MADISON PEQ BEIGE-MARRON
82088159;8413252160279;AKI_ANTIDESLIZANTE ROC BLAN 35X70
82088160;4008838198810;AKI_CESTA GRANDE ADRIA MARRON
82088163;8414194290062;AKI_GRIFO COCINA C ALTO CURVE
82088164;5602488202249;AKI_VASO TOKYO NEGRO
82088167;3700377320325;AKI_CESTO POLYESTER GRIS OSC
82088168;8410787034693;AKI_ROCIADOR REDONDO ECOWHITE BCO
82088171;8422041059489;AKI_CONJUNTO SUSP BRIC CADMIO 39
82088172;8431759050862;AKI_CONJ C/BARRA 133 1P
82088173;4008838686263;AKI_CESTA BAMBU BLANCO
82088174;8423364700737;AKI_JGO PERFIL MAGNET CUÑA 6-8MM
82088175;3370910089134;AKI_CESTO ANTON PEQ BLANC-GRIS RAY
82088176;8431759011658;AKI_FLEXO BIFLEX NEGRO 1.7 M
82088180;8422325236827;AKI_COLUMNA AUX ARIES BERENJENA
82088181;4008838637029;AKI_ESPEJO AUMENTO MIRA
82088183;4008838194003;AKI_JABONERA POLARIS NEGRO
82088184;8431759011245;AKI_REP BRAZO TECHO REDONDO TUVE
82088185;8411801220061;AKI_CESTO DUCHA RINCON STANDARD BJ
82088187;4008838184523;AKI_PORTARR/ESCOB PIENO ACERO
82088188;4008838597064;AKI_CESTA BAMBU GRIS
82088189;8422914772972;AKI_ANTIDESLIZ QUADRO AZULON
82088190;8422914404491;AKI_CORTINA POL BRIQUE GR 180X200
82088191;8423364700720;AKI_JGO PERFI MAGNET RECTO CRIS6MM
82088192;8431759060908;AKI_GRIFO LAVABO VOLGA CR
82088193;4008838178430;AKI_DOSIFICADOR POLARIS NEGRO
82088194;4008838992296;AKI_REDUCTOR WC INFANTIL
82088195;8423364700461;AKI_PERFIL SUPLEM ALUM 55X35X200CR
82088196;8413252167193;AKI_CORTINA POL BLOCK VERD/AZ200
82088197;4008838198803;AKI_CESTA GRANDE ADRIA AZUL PETROL
82088200;8422914404323;AKI_CORTINA POL MALTA ROSA 180X200
82088201;8423364700706;AKI_JGO PERFI MAGNET RECTO CRIS5MM
82088203;8413252167186;AKI_CORTINA POL CALIMA LILA
82088204;8413252167247;AKI_CORTINA POL ONDULADA NJA
82088205;4008838168783;AKI_PORTARR/RESERVA VITERBO CR
82088207;4008838203873;AKI_DOSIFICADOR POLARIS GRIS
82088209;3351840559935;AKI_GRIFO BIDE NEREA CROMO
82088212;8434006821574;AKI_MUEBLE Y LAVABO ATENAS CZO 80
82088213;3370910079685;AKI_SET 2 CESTAS LISOU BCO Y BEIGE
82088214;4008838199732;AKI_VASO CRETA NEGRO
82088215;8423364700324;AKI_PERFIL SUPLEM ALUM 40X40X200BC
82088216;8431759060922;AKI_GRIFO BAÑERA VOLGA CR
82088217;8411801220030;AKI_CESTO DUCHA RINCON STANDARD BC
82088221;8422914772231;AKI_ANTIDESLIZ CLASS MALVA
82088222;8413252167223;AKI_CORTINA PEVA BALDI 180X200
82088223;4008838438343;AKI_CESTO ROPA RINGO BEIGE
82088225;8422914404385;AKI_CORTINA POL CERAMIQU AZ180X200
82088226;4008838199770;AKI_DOSIFICADOR CRETA NEGRO
82088227;4008838158876;AKI_CESTA DUCHA KUOPIO 2 ALT C/PEC
82088229;8422824102128;AKI_CONJUNTO HIGIENICO DOUCHET
82088230;4008838187517;AKI_ESCOBILLERO BASIC BCO
82088235;4008838344545;AKI_CESTO ROPA UNO BEIGE
82088236;8423364119799;AKI_PLAT DUCH EMPIRE RECT BCO72X90
82088237;8431759011313;AKI_MANGO DE DUCHA LILE 3P
82088238;4008838793961;AKI_DOSIFICADOR SIGNS
82088239;4008838573051;AKI_SOPORTE SECADOR/ PLNCHA CLASS
82088240;4008838208885;AKI_CESTA DUCHA RINC BARI 2ALT VAC
82088245;3370910085921;AKI_CESTO DEGRADADO BCO Y VERDE
82088246;8431759090776;AKI_BARRA LATON 28CM
82088247;3760000495233;AKI_COMBI HIDRO CARRE S/GRIFO
82088248;8422914107415;AKI_ALFOMBRA CUBIC MULTI
82088249;4008838176795;AKI_ESCOBILLERO FOSSANO ACER INOX
82088250;4008838208960;AKI_SOPORTE DE SECADOR VACUUM LOC
82088251;4008838365755;AKI_ESPEJO AUMENTO PIE BROLO C/LUZ
82088252;4008838198827;AKI_CESTA GRANDE ADRIA BEIGE
82088254;8422914410737;AKI_CORTINA PEVA LOVE BCA 180X200
82088255;8426621144213;AKI_TRITURADOR CICLON T-501FIT BLC
82088256;8431759011382;AKI_REP BRAZO PARED CURL
82088262;5602488202256;AKI_DOSIFICADOR TOKYO NEGRO
82088263;8431759011214;AKI_ROCIADOR REDONDO 20.5 CM
82088265;8422914772101;AKI_ALF ANTID QUADRO 54X54 BLANCO
82088266;8422914772019;AKI_FIG 6 UNID PERRO MULTICOLOR
82088267;8422914772224;AKI_ANTIDESL CLASS PISTACHO
82088268;8413252021822;AKI_ANTIDESLIZANTE CORAZON
82088269;4008838187784;AKI_ESPEJO AUMENTO ANTIVAHO TURBO
82088271;4008838124956;AKI_CESTA PEQUEÑA ADRIA AZ PETROL
82088272;4008838206836;AKI_CESTA PEQUEÑA ADRIA BEIGE
82088273;8422914772118;AKI_ALF ANTID QUADRO 48X48 AZULON
82088276;8422041059472;AKI_CONJUNTO SUSP BRIC CARTAGN 39
82088277;8433604000725;AKI_SET 3 CESTOS MARRON DECAPE
82088279;3047404226503;AKI_JUNTA REDUCTORA CAUDAL
82088280;3047404056179;AKI_COLUMNA HIDRO MIDTIME NGR
82088281;8422914462804;AKI_ALFOMBRA DAMARIS ROSA 50X80
82088282;8422914772187;AKI_ALF ANTID QUADRO 36X76 BLANCO
82088283;4008838203866;AKI_VASO POLARIS GRIS
82088284;8433290320107;AKI_GRIFO LAVABO ATIS CR
82088285;3370910062069;AKI_CESTA CRAZY GRANDE BCO NATURL
82088286;8411801216392;AKI_MANGO DUCHA COOL BCO 5F
82088287;3351841688320;AKI_REP RODAMIENTOS OPTIMA
82088290;3047404226671;AKI_TUERCA ANTI-TORSION
82088291;8422914106500;AKI_ALFOMBRA CUBI GR
82088292;8422914772132;AKI_ALF ANTIDES CLASS 36X65 BLANCO
82088293;4008838192894;AKI_ESCOBILLERO POLARIS NEGRO
82088295;8413252021501;AKI_ANTIDESLIZANTE PATITOS
82088296;8413252170209;AKI_CORTINA PEVA BAMBOLA AZ
82088298;8422914079415;AKI_CORTINA POL BLOCK CHAMPAN
82088306;8423364700546;AKI_PERFIL JUNTA CRUCE CRIST 4-5MM
82088307;8431759010286;AKI_FLEXO CORTO COMBIS HIDRO
82088312;8422914772149;AKI_ALF ANTIDESL CLASS 35X65 BEIGE
82088313;8422914772989;AKI_ANTIDESLIZ CLASS BEIGE
82088314;8413252167216;AKI_CORTINA PEVA NIU 180X200
82088315;8413252167209;AKI_CORTINA PEVA SIROCCO NG180X200
82088316;8422325235509;AKI_MUEBLE FOX NEGRO 80 F/RED
82088317;8422914772156;AKI_ALF ANTID QUADRO 36X76 AZULON
82088319;8423364700362;AKI_PERFIL SUPLEM ALUM 55X35X200BC
82088320;8423364119812;AKI_PLATO DUCHA ANGULAR EMPIRE 80
82088322;8411801217375;AKI_SET DUCHA COOL BLANCO 5P
82088323;8423364700287;AKI_REP.RODAM SHIRA SEMIC
82088331;8422914772965;AKI_ANTIDESLIZ QUADRO ANGULAR BCO
82088334;8423364219819;AKI_PLATO DUC SEMIC EMPIRE BCO 80
82088335;8422914106517;AKI_ALFOMBRA CUBIC AZ
82088336;8422914082033;AKI_CORTINA PVC MOSAIK BCO180X200
82088337;8423364725709;AKI_LATERAL DUCHA SHIRA TRANS CR70
82088338;8423364700713;AKI_JGO PERFIL MAGNET CUÑA CRIS5MM
82088341;8411801221594;AKI_REP BISAGRAS TAPA WC PREMIUM
82088346;8434006821314;AKI_MUEBLE Y LAVABO NIZZA NOGAL 60
82088347;5602488231874;AKI_ALFOMBRA STRIPES GR 40X60
82088348;8422325236988;AKI_ARMARIO AUX ARIES BERENJENA
82088349;8423364751784;AKI_MAMP FRONT NAMDRIK SG BCO 70
82088350;8423364725808;AKI_LATERAL DUCHA SHIRA TRANS CR80
82088362;5602488220731;AKI_DOSIFICADOR TRANSPARENTE AZ
82088363;5602488245826;AKI_DOSIFICADOR GEO MULTIC
82088364;5602488171279;AKI_DOSIFICADOR NEW PLUS AZUL
82088378;8423364751678;AKI_LATERAL DUCHA KNOX TRANS CR 70
82088379;8423364119911;AKI_PLAT DUCH EMPIR RECTO90X90X9.5
82088380;8411801217887;AKI_CESTO DUCHA STANDARD GRIS
82088383;8422325236834;AKI_COLUMNA AUX ARIES NEGRO
82088384;8423364751876;AKI_MAMP FRONT KNOX TRNS CR 85-95
82088385;8423364725006;AKI_MAMP FRONT SHIRA TRANS CR 100
82088387;8434006821338;AKI_MUEBLE Y LAVABO NIZZA NOGAL 80
82088390;8423364742171;AKI_MAMP SEMIC SHIRA TRNS CR 90X90
82088394;8423364725402;AKI_MAMP FRONT SHIRA TRANS CR 140
82088395;8423364700331;AKI_PERFIL SUPLM ALUM 40X60X200BCO
82088396;8413252167230;AKI_CORTINA PEVA PISCIS NG180X180
82088399;4008838199817;AKI_ESCOBILLERO CRETA NEGRO
82088401;5602488220069;AKI_DOSIFICADOR NEW PLUS TURQ
82088419;8423364763077;AKI_MAMP REC SHIRA TRNS CR 80X120
82088420;8423364751920;AKI_MAMP FRONT NAMDRIK SG BCO 80
82088421;8423364751968;AKI_MAMP FRONT NAMDRIK SG CR 90
82088422;8435413502049;AKI_ESPEJO ROMO S/FOC 100X80
82088424;8411801402207;AKI_TAPA WC MADERA NOGAL NATURE
82088425;8411801402245;AKI_TAPA WC MADERA BAMBU NATURE
82088426;8411801207840;AKI_REP BISAGRAS TAPA WC NATURE
82088427;8003341149799;AKI_VASO GLADY TURQUESA
82088429;8423364751661;AKI_MAMP FRONT KNOX TRNS CR 65-75
82088439;8435413517593;AKI_ESPEJO ECO C/LED 80X60
82088440;8435413502315;AKI_ESPEJO ZEUS C/FOC LED80X80
82088441;8435413502322;AKI_ESPEJO RUTH C/FOC 80X60
82088442;8435413502339;AKI_ESPEJO RUTH C/FOCO 70X80
82088443;8435413502346;AKI_ESPEJO RUTH C/FOC 80X80
82088444;8435413512406;AKI_ESPEJO ARAN C/LED 80X60
82088448;8435413502087;AKI_ESPEJO ABRIL S/FOC BCO 80X60
82088470;8422325231310;AKI_MUEBLE RONI BCO 60
82088479;8422325239040;AKI_COLUMNA AUX RONI CAFE 27CM
82088480;8422325239064;AKI_ARMARIO AUX RONI 1PTA+1CJ 37CM
82088483;8422325148403;AKI_ENCIMERA CERAMICA BCA 100
82088484;8422325145006;AKI_ENCIMERA CERAMICA BCA 60
82088485;8422325142555;AKI_ENCIMERA CERAMICA BCA 80
82088487;3370910085914;AKI_CESTO DEGRADADO BCO Y MARRON
82088496;8423364176037;AKI_BARRA CLIC 125/220 BLANCA
82088497;8423364176051;AKI_BARRA CLIC 125/220 ALU BRILLO
82088498;8423364176020;AKI_BARRA CLICK 75/125 ALUM BRILLO
82088499;8423364176006;AKI_BARRA CLICK 75-125 BLANCA
82088501;8003341059357;AKI_VASO ANTARES GRIS
82088502;8003341043684;AKI_VASO RITA BCO
82088507;8423364763015;AKI_MAMP REC SHIRA TRAS CR 70X100
82088509;8423364700454;AKI_PERFIL SUPLEM ALUM 50X30X200CR
82088510;8423364700348;AKI_PERFIL SUPLEM ALUM 45X25X200BC
82088511;8423364700553;AKI_PERFIL JUNTA CRUC CRIST6-8MM
82088513;8423364700010;AKI_GOMA BAJO MAMPARAS 5 MM
82088514;8423364119713;AKI_PLATO DUCH EMPIRE RECTO72X72X9
82088515;8423364119829;AKI_PLAT DUCH EMPIRE TANG70X120
82088516;8423364119775;AKI_PLATO DU RECTANG EMPIRE 70X100
82088517;4716786180039;AKI_AIREADOR ECOTAP HP 185S TEMPOR
82088526;8423364004033;AKI_TERMOSTATIC B/D ARGO CR
82088527;8423364004040;AKI_TERMOSTATIC.B/D ATENAS CROMO
82088528;8423364002039;AKI_TERMOSTATIC DUCHA ARGO CR
82088531;8022571263211;AKI_MONOM COCINA EXTRAIB SYRIO
82088536;8423364755980;AKI_MAMP B ALBA 2HJ SG BCO110X145
82088537;8423364755782;AKI_MAM BAÑERA  ISIS SG CR 80X140
82088607;3700703955900;AKI_CEPILLO MADERA BAÑO 37 CM
82088611;3700703953012;AKI_ESPONJA DE BAÑO FLOR AZUL
82088612;3700703952978;AKI_ESPONJA DE BAÑO FLOR BCO
82088618;8435413502551;AKI_ESPEJO LISBETH C/LED 80X60
82088620;8435413502308;AKI_ESPEJO ZEUS C/FOC LED80X60
82088636;8422325236995;AKI_ARMARIO AUX ARIES GRIS
82088639;8422325235189;AKI_COLUMNA AUX RONI 37 CM
82088646;8422914771302;AKI_ALF ANTIDES FISH 54X54 BLANCO
82088655;4008838767238;AKI_REP BISAGRAS TAPA CENTO / MIRA
82088656;8423364400248;AKI_PAPELERA DE BAÑO BRILLANTE 5L
82088657;8423364400712;AKI_PAPELERA DE BAÑO INOX MATE 5L
82088658;8423364400811;AKI_PAPELERA 3L MARRON TAPA CROMO
82088659;8423364400644;AKI_PAPELERA 3L AZULTAPA CR
82088660;8423364400637;AKI_PAPELERA 3L PISTACHO CR
82088661;8423364400620;AKI_PAPELERA 3LFUCSIA CR
82088662;8423364400804;AKI_PAPELERA 3L BERENJENA TAPA CR
82088663;8423364400613;AKI_PAPELERA 3L NARANJ CROMO
82088665;8423364734664;AKI_MAMP ANG SHIRA TRANS CR 80X80
82088667;8423364751760;AKI_MAMP FRONT KNOX TRNS CR 75-85
82088668;8423364725204;AKI_MAMP FRONT SHIRA TRANS CR 120
82088669;8423364751951;AKI_MAMP FRONT NAMDRIK SG CR 80
82088671;8423364107819;AKI_PLATO DUCH ACRILI RECTO80X80X7
82088672;8423364107772;AKI_PLAT DUCH ACRIL RECTANG70X100
82088673;8423364005429;AKI_TERMOSTATIC B/D NIMES CR
82088674;8423364005320;AKI_TERMOSTATIC B/D ROUEN CR
82088676;8423364002046;AKI_TERMOSTATIC DUCHA ATENAS CR
82088677;8423364700355;AKI_PERFIL SUPLEM.ALUM 50X30X200BC
82088681;8423364611408;AKI_MAMP BAÑ ACRIL BCA 3HJ 110X145
82088682;8003341059517;AKI_ESCOBILLERO ANTARES MARRON
82088683;8003341059708;AKI_ESCOBILLERO IRINA BCO
82088684;8003341186879;AKI_ESCOBILLERO GLADY NARANJA
82088685;8003341044100;AKI_ESCOBILLERO CLOTHILDE BCO
82088686;8424010802355;AKI_DOSIFICADOR IRINA BEIGE
82088687;8003341044063;AKI_DOSIFICADOR CLOTHILDE BCO
82088688;8003341149850;AKI_DOSIFICADOR GLADY TURQUESA
82091455;8422041900835;AKI_APLQIEU CORCEGA CR LED1X3W160M
82091456;8422041014129;AKI_APLIQUE  LED CORCEGA
82091459;8422041300178;AKI_ESPEJO CORCEGA60X77
82091491;8422041037777;AKI_ENCIMERA CORCEGA BCA 80
82091492;8422041039085;AKI_ENCIMERA CORCEGA BCA 70
82091493;8422041900958;AKI_EXPO ENCIMERA APOYO ALBA
82091497;8422041300819;AKI_ESPEJO SIDNEY 77 X 60
82091498;8422041300826;AKI_EXPO ESPEJO CORCEGA ALERC60X70
82091502;8422041425437;AKI_EXPOJUEGO 2 SOPORTES METALICO
82091505;8422041059526;AKI_EXPO BASE DEC INGENIA ARENA60
82093701;8431759060472;AKI_BIMAN.COCINA CJ ALTO CHRONO BR
82093702;8431759011238;AKI_REP.BRAZO PARED CUADRA.STYLUS
82093703;8431759011252;AKI_REP.BRAZO TECHO CUADRADO STYLO
82093706;8431759011696;AKI_MANGO DE DUCHA BLUET 5P
82093714;8423364700065;AKI_POMO UNIVERSAL CR PARA MAMPARA
82093715;8423364700034;AKI_POMO UNIVERSAL BL  PRA MAMPARA
82095071;8434033085857;"AKI_PLATO DUCHA""SLATE""ANTRAC80X150"
82095073;8434033085840;"AKI_PLATO DUCHA""SLATE""ANTRAC80X140"
82095090;8434033292651;AKI_PLATO SLATE 90X80 CHOCOL AKI
82095095;8434033086281;"AKI_PLATO DUCHA""SLATE""BEIGE70X100"
82095096;8434033086144;"AKI_PLATO DUCHA""SLATE""ANTRAC70X100"
82095101;4008838265260;AKI_TARIMA DUCHA BAMBOO BCO 50X80
82095103;4008838178195;AKI_PERCHA MURAL SION POWERLOC
82095106;4008838519547;AKI_DOSIFICADOR POLARIS RIFF CROMO
82095107;4008838178461;AKI_DOSIFICADOR SQUARE NEGRO.
82095112;4008838205990;AKI_ESPEJO AUMENTO PISTOIA AZUL
82095113;4008838129715;AKI_ESPEJO AUMENTO PISTOIA VERDE
82095114;4008838344552;AKI_CESTO ROPA UNO MARRON
82095116;8003341186800;"AKI_JABONERA""GLADY""FUCSIA"
82095887;8411801219997;AKI_CESTO DUCHA STANDARD BERENJENA
82095888;8411801209165;AKI_PERCHA ALUMINIUM
82095889;8411801209202;AKI_TOALLERO BARRA ALUMINIUM
82095890;8411801221655;AKI_FIJACION GLUE/FIX MARTINS
82095940;8431637090478;AKI_GRIFO COCINA CA?O ALT GRANADA
82095942;3760000489843;AKI_TARIMA TEKA ANGULAR PLATO 80
82095943;3760000489874;AKI_TARIMA TEKA RECT PLATO 70X50
82095947;8422824107475;AKI_DUCHETA DOS POSICIONES OUT 2PS
82096315;8420327297037;AKI_ESTANTERIA NALI VIOLETA 2 CAJ
82096317;8420327248428;AKI_ESTANTER NALI CHOCO 4CAJ.
82096319;8420327382719;AKI_CESTA GRANDE TRENZADA CHOCO
82129643;5602488171262;AKI VASO NEW PLUS AZUL
82129650;5602488171293;AKI VASO NEW PLUS SANGRIA
